facility_id,year,month,disease,cases,deaths
F001,2023,1,Malaria,395,2
F001,2023,1,Pneumonia,244,3
F001,2023,1,Diarrhoea,318,3
F001,2023,1,TB,21,0
F001,2023,1,HIV/AIDS,55,0
F001,2023,1,Typhoid,111,1
F001,2023,1,Anaemia,124,1
F001,2023,1,Diabetes,40,0
F001,2023,1,Hypertension,83,0
F001,2023,1,Malnutrition,68,0
F001,2023,2,Malaria,275,1
F001,2023,2,Pneumonia,165,1
F001,2023,2,Diarrhoea,327,1
F001,2023,2,TB,25,0
F001,2023,2,HIV/AIDS,53,0
F001,2023,2,Typhoid,119,1
F001,2023,2,Anaemia,106,0
F001,2023,2,Diabetes,53,0
F001,2023,2,Hypertension,100,0
F001,2023,2,Malnutrition,61,0
F001,2023,3,Malaria,241,1
F001,2023,3,Pneumonia,161,0
F001,2023,3,Diarrhoea,265,0
F001,2023,3,TB,30,0
F001,2023,3,HIV/AIDS,51,0
F001,2023,3,Typhoid,105,1
F001,2023,3,Anaemia,122,1
F001,2023,3,Diabetes,40,0
F001,2023,3,Hypertension,69,0
F001,2023,3,Malnutrition,63,0
F001,2023,4,Malaria,413,2
F001,2023,4,Pneumonia,143,0
F001,2023,4,Diarrhoea,253,2
F001,2023,4,TB,40,0
F001,2023,4,HIV/AIDS,45,0
F001,2023,4,Typhoid,87,0
F001,2023,4,Anaemia,150,0
F001,2023,4,Diabetes,64,0
F001,2023,4,Hypertension,64,0
F001,2023,4,Malnutrition,72,0
F001,2023,5,Malaria,458,0
F001,2023,5,Pneumonia,167,1
F001,2023,5,Diarrhoea,204,2
F001,2023,5,TB,36,0
F001,2023,5,HIV/AIDS,56,0
F001,2023,5,Typhoid,120,1
F001,2023,5,Anaemia,92,0
F001,2023,5,Diabetes,83,0
F001,2023,5,Hypertension,119,0
F001,2023,5,Malnutrition,46,0
F001,2023,6,Malaria,219,2
F001,2023,6,Pneumonia,174,1
F001,2023,6,Diarrhoea,270,3
F001,2023,6,TB,35,0
F001,2023,6,HIV/AIDS,56,0
F001,2023,6,Typhoid,103,1
F001,2023,6,Anaemia,136,1
F001,2023,6,Diabetes,40,0
F001,2023,6,Hypertension,79,0
F001,2023,6,Malnutrition,86,0
F001,2023,7,Malaria,223,1
F001,2023,7,Pneumonia,128,0
F001,2023,7,Diarrhoea,305,3
F001,2023,7,TB,30,0
F001,2023,7,HIV/AIDS,54,0
F001,2023,7,Typhoid,84,0
F001,2023,7,Anaemia,158,1
F001,2023,7,Diabetes,57,0
F001,2023,7,Hypertension,64,0
F001,2023,7,Malnutrition,59,0
F001,2023,8,Malaria,454,2
F001,2023,8,Pneumonia,156,0
F001,2023,8,Diarrhoea,306,2
F001,2023,8,TB,27,0
F001,2023,8,HIV/AIDS,47,0
F001,2023,8,Typhoid,125,0
F001,2023,8,Anaemia,110,0
F001,2023,8,Diabetes,70,0
F001,2023,8,Hypertension,139,1
F001,2023,8,Malnutrition,58,0
F001,2023,9,Malaria,221,2
F001,2023,9,Pneumonia,187,0
F001,2023,9,Diarrhoea,268,3
F001,2023,9,TB,20,0
F001,2023,9,HIV/AIDS,50,0
F001,2023,9,Typhoid,85,0
F001,2023,9,Anaemia,141,1
F001,2023,9,Diabetes,57,0
F001,2023,9,Hypertension,112,1
F001,2023,9,Malnutrition,100,1
F001,2023,10,Malaria,421,3
F001,2023,10,Pneumonia,235,2
F001,2023,10,Diarrhoea,218,1
F001,2023,10,TB,40,0
F001,2023,10,HIV/AIDS,39,0
F001,2023,10,Typhoid,123,0
F001,2023,10,Anaemia,91,0
F001,2023,10,Diabetes,40,0
F001,2023,10,Hypertension,77,0
F001,2023,10,Malnutrition,74,0
F001,2023,11,Malaria,487,3
F001,2023,11,Pneumonia,141,1
F001,2023,11,Diarrhoea,335,2
F001,2023,11,TB,24,0
F001,2023,11,HIV/AIDS,33,0
F001,2023,11,Typhoid,90,1
F001,2023,11,Anaemia,104,0
F001,2023,11,Diabetes,46,0
F001,2023,11,Hypertension,103,1
F001,2023,11,Malnutrition,92,1
F001,2023,12,Malaria,437,3
F001,2023,12,Pneumonia,237,3
F001,2023,12,Diarrhoea,311,2
F001,2023,12,TB,20,0
F001,2023,12,HIV/AIDS,61,0
F001,2023,12,Typhoid,123,1
F001,2023,12,Anaemia,165,1
F001,2023,12,Diabetes,65,0
F001,2023,12,Hypertension,71,0
F001,2023,12,Malnutrition,75,0
F001,2024,1,Malaria,250,0
F001,2024,1,Pneumonia,160,1
F001,2024,1,Diarrhoea,279,3
F001,2024,1,TB,29,0
F001,2024,1,HIV/AIDS,32,0
F001,2024,1,Typhoid,112,0
F001,2024,1,Anaemia,91,1
F001,2024,1,Diabetes,72,0
F001,2024,1,Hypertension,133,1
F001,2024,1,Malnutrition,62,0
F001,2024,2,Malaria,292,3
F001,2024,2,Pneumonia,167,1
F001,2024,2,Diarrhoea,191,2
F001,2024,2,TB,30,0
F001,2024,2,HIV/AIDS,31,0
F001,2024,2,Typhoid,120,1
F001,2024,2,Anaemia,163,1
F001,2024,2,Diabetes,68,0
F001,2024,2,Hypertension,100,1
F001,2024,2,Malnutrition,88,0
F001,2024,3,Malaria,236,1
F001,2024,3,Pneumonia,165,1
F001,2024,3,Diarrhoea,227,1
F001,2024,3,TB,18,0
F001,2024,3,HIV/AIDS,32,0
F001,2024,3,Typhoid,124,1
F001,2024,3,Anaemia,148,1
F001,2024,3,Diabetes,82,0
F001,2024,3,Hypertension,137,1
F001,2024,3,Malnutrition,97,1
F001,2024,4,Malaria,306,1
F001,2024,4,Pneumonia,227,3
F001,2024,4,Diarrhoea,261,0
F001,2024,4,TB,27,0
F001,2024,4,HIV/AIDS,58,0
F001,2024,4,Typhoid,98,0
F001,2024,4,Anaemia,105,1
F001,2024,4,Diabetes,67,0
F001,2024,4,Hypertension,137,0
F001,2024,4,Malnutrition,77,0
F001,2024,5,Malaria,423,5
F001,2024,5,Pneumonia,182,1
F001,2024,5,Diarrhoea,185,1
F001,2024,5,TB,25,0
F001,2024,5,HIV/AIDS,49,0
F001,2024,5,Typhoid,118,1
F001,2024,5,Anaemia,96,1
F001,2024,5,Diabetes,50,0
F001,2024,5,Hypertension,105,1
F001,2024,5,Malnutrition,95,0
F001,2024,6,Malaria,362,0
F001,2024,6,Pneumonia,216,3
F001,2024,6,Diarrhoea,230,2
F001,2024,6,TB,18,0
F001,2024,6,HIV/AIDS,35,0
F001,2024,6,Typhoid,95,1
F001,2024,6,Anaemia,162,1
F001,2024,6,Diabetes,76,0
F001,2024,6,Hypertension,88,0
F001,2024,6,Malnutrition,93,0
F001,2024,7,Malaria,256,1
F001,2024,7,Pneumonia,214,0
F001,2024,7,Diarrhoea,243,0
F001,2024,7,TB,36,0
F001,2024,7,HIV/AIDS,32,0
F001,2024,7,Typhoid,83,0
F001,2024,7,Anaemia,112,0
F001,2024,7,Diabetes,46,0
F001,2024,7,Hypertension,119,0
F001,2024,7,Malnutrition,78,0
F001,2024,8,Malaria,467,4
F001,2024,8,Pneumonia,199,2
F001,2024,8,Diarrhoea,276,3
F001,2024,8,TB,35,0
F001,2024,8,HIV/AIDS,32,0
F001,2024,8,Typhoid,88,0
F001,2024,8,Anaemia,164,1
F001,2024,8,Diabetes,61,0
F001,2024,8,Hypertension,101,0
F001,2024,8,Malnutrition,54,0
F001,2024,9,Malaria,481,1
F001,2024,9,Pneumonia,230,0
F001,2024,9,Diarrhoea,214,1
F001,2024,9,TB,30,0
F001,2024,9,HIV/AIDS,37,0
F001,2024,9,Typhoid,75,0
F001,2024,9,Anaemia,85,1
F001,2024,9,Diabetes,56,0
F001,2024,9,Hypertension,88,0
F001,2024,9,Malnutrition,55,0
F001,2024,10,Malaria,216,1
F001,2024,10,Pneumonia,117,0
F001,2024,10,Diarrhoea,236,1
F001,2024,10,TB,28,0
F001,2024,10,HIV/AIDS,40,0
F001,2024,10,Typhoid,114,0
F001,2024,10,Anaemia,85,0
F001,2024,10,Diabetes,72,0
F001,2024,10,Hypertension,75,0
F001,2024,10,Malnutrition,50,0
F001,2024,11,Malaria,395,2
F001,2024,11,Pneumonia,237,1
F001,2024,11,Diarrhoea,152,1
F001,2024,11,TB,28,0
F001,2024,11,HIV/AIDS,30,0
F001,2024,11,Typhoid,55,0
F001,2024,11,Anaemia,146,0
F001,2024,11,Diabetes,66,0
F001,2024,11,Hypertension,70,1
F001,2024,11,Malnutrition,77,0
F001,2024,12,Malaria,491,4
F001,2024,12,Pneumonia,216,1
F001,2024,12,Diarrhoea,147,1
F001,2024,12,TB,30,0
F001,2024,12,HIV/AIDS,36,0
F001,2024,12,Typhoid,113,1
F001,2024,12,Anaemia,127,0
F001,2024,12,Diabetes,61,0
F001,2024,12,Hypertension,112,0
F001,2024,12,Malnutrition,101,0
F002,2023,1,Malaria,160,0
F002,2023,1,Pneumonia,110,0
F002,2023,1,Diarrhoea,96,1
F002,2023,1,TB,18,0
F002,2023,1,HIV/AIDS,20,0
F002,2023,1,Typhoid,39,0
F002,2023,1,Anaemia,82,0
F002,2023,1,Diabetes,49,0
F002,2023,1,Hypertension,73,0
F002,2023,1,Malnutrition,30,0
F002,2023,2,Malaria,283,1
F002,2023,2,Pneumonia,146,1
F002,2023,2,Diarrhoea,92,0
F002,2023,2,TB,19,0
F002,2023,2,HIV/AIDS,27,0
F002,2023,2,Typhoid,73,0
F002,2023,2,Anaemia,61,0
F002,2023,2,Diabetes,23,0
F002,2023,2,Hypertension,69,0
F002,2023,2,Malnutrition,27,0
F002,2023,3,Malaria,230,0
F002,2023,3,Pneumonia,130,1
F002,2023,3,Diarrhoea,100,0
F002,2023,3,TB,17,0
F002,2023,3,HIV/AIDS,27,0
F002,2023,3,Typhoid,38,0
F002,2023,3,Anaemia,52,0
F002,2023,3,Diabetes,49,0
F002,2023,3,Hypertension,65,0
F002,2023,3,Malnutrition,56,0
F002,2023,4,Malaria,236,2
F002,2023,4,Pneumonia,79,0
F002,2023,4,Diarrhoea,192,0
F002,2023,4,TB,14,0
F002,2023,4,HIV/AIDS,37,0
F002,2023,4,Typhoid,41,0
F002,2023,4,Anaemia,59,0
F002,2023,4,Diabetes,36,0
F002,2023,4,Hypertension,42,0
F002,2023,4,Malnutrition,56,0
F002,2023,5,Malaria,302,4
F002,2023,5,Pneumonia,83,0
F002,2023,5,Diarrhoea,178,2
F002,2023,5,TB,24,0
F002,2023,5,HIV/AIDS,37,0
F002,2023,5,Typhoid,44,0
F002,2023,5,Anaemia,61,0
F002,2023,5,Diabetes,49,0
F002,2023,5,Hypertension,83,0
F002,2023,5,Malnutrition,60,0
F002,2023,6,Malaria,130,0
F002,2023,6,Pneumonia,79,0
F002,2023,6,Diarrhoea,166,1
F002,2023,6,TB,16,0
F002,2023,6,HIV/AIDS,35,0
F002,2023,6,Typhoid,55,0
F002,2023,6,Anaemia,90,0
F002,2023,6,Diabetes,25,0
F002,2023,6,Hypertension,56,0
F002,2023,6,Malnutrition,40,0
F002,2023,7,Malaria,269,3
F002,2023,7,Pneumonia,75,0
F002,2023,7,Diarrhoea,108,0
F002,2023,7,TB,21,0
F002,2023,7,HIV/AIDS,30,0
F002,2023,7,Typhoid,40,0
F002,2023,7,Anaemia,79,0
F002,2023,7,Diabetes,27,0
F002,2023,7,Hypertension,86,0
F002,2023,7,Malnutrition,44,0
F002,2023,8,Malaria,234,0
F002,2023,8,Pneumonia,149,1
F002,2023,8,Diarrhoea,99,0
F002,2023,8,TB,18,0
F002,2023,8,HIV/AIDS,20,0
F002,2023,8,Typhoid,61,0
F002,2023,8,Anaemia,53,0
F002,2023,8,Diabetes,43,0
F002,2023,8,Hypertension,84,1
F002,2023,8,Malnutrition,58,0
F002,2023,9,Malaria,177,2
F002,2023,9,Pneumonia,66,0
F002,2023,9,Diarrhoea,164,1
F002,2023,9,TB,20,0
F002,2023,9,HIV/AIDS,16,0
F002,2023,9,Typhoid,61,0
F002,2023,9,Anaemia,92,0
F002,2023,9,Diabetes,45,0
F002,2023,9,Hypertension,43,0
F002,2023,9,Malnutrition,44,0
F002,2023,10,Malaria,137,1
F002,2023,10,Pneumonia,68,0
F002,2023,10,Diarrhoea,147,0
F002,2023,10,TB,16,0
F002,2023,10,HIV/AIDS,35,0
F002,2023,10,Typhoid,75,0
F002,2023,10,Anaemia,82,1
F002,2023,10,Diabetes,48,0
F002,2023,10,Hypertension,54,0
F002,2023,10,Malnutrition,49,0
F002,2023,11,Malaria,204,0
F002,2023,11,Pneumonia,133,1
F002,2023,11,Diarrhoea,183,0
F002,2023,11,TB,17,0
F002,2023,11,HIV/AIDS,34,0
F002,2023,11,Typhoid,54,0
F002,2023,11,Anaemia,47,0
F002,2023,11,Diabetes,34,0
F002,2023,11,Hypertension,60,0
F002,2023,11,Malnutrition,62,0
F002,2023,12,Malaria,194,2
F002,2023,12,Pneumonia,124,1
F002,2023,12,Diarrhoea,93,1
F002,2023,12,TB,11,0
F002,2023,12,HIV/AIDS,25,0
F002,2023,12,Typhoid,34,0
F002,2023,12,Anaemia,92,0
F002,2023,12,Diabetes,39,0
F002,2023,12,Hypertension,81,0
F002,2023,12,Malnutrition,49,0
F002,2024,1,Malaria,209,1
F002,2024,1,Pneumonia,118,0
F002,2024,1,Diarrhoea,161,1
F002,2024,1,TB,11,0
F002,2024,1,HIV/AIDS,28,0
F002,2024,1,Typhoid,32,0
F002,2024,1,Anaemia,77,0
F002,2024,1,Diabetes,47,0
F002,2024,1,Hypertension,63,0
F002,2024,1,Malnutrition,44,0
F002,2024,2,Malaria,161,0
F002,2024,2,Pneumonia,68,0
F002,2024,2,Diarrhoea,153,1
F002,2024,2,TB,20,0
F002,2024,2,HIV/AIDS,28,0
F002,2024,2,Typhoid,38,0
F002,2024,2,Anaemia,77,0
F002,2024,2,Diabetes,49,0
F002,2024,2,Hypertension,70,0
F002,2024,2,Malnutrition,35,0
F002,2024,3,Malaria,226,0
F002,2024,3,Pneumonia,94,1
F002,2024,3,Diarrhoea,160,0
F002,2024,3,TB,11,0
F002,2024,3,HIV/AIDS,26,0
F002,2024,3,Typhoid,52,0
F002,2024,3,Anaemia,92,0
F002,2024,3,Diabetes,31,0
F002,2024,3,Hypertension,54,0
F002,2024,3,Malnutrition,58,0
F002,2024,4,Malaria,215,2
F002,2024,4,Pneumonia,119,1
F002,2024,4,Diarrhoea,140,0
F002,2024,4,TB,17,0
F002,2024,4,HIV/AIDS,33,0
F002,2024,4,Typhoid,48,0
F002,2024,4,Anaemia,90,0
F002,2024,4,Diabetes,21,0
F002,2024,4,Hypertension,65,0
F002,2024,4,Malnutrition,42,0
F002,2024,5,Malaria,287,1
F002,2024,5,Pneumonia,149,0
F002,2024,5,Diarrhoea,119,0
F002,2024,5,TB,14,0
F002,2024,5,HIV/AIDS,34,0
F002,2024,5,Typhoid,40,0
F002,2024,5,Anaemia,58,0
F002,2024,5,Diabetes,45,0
F002,2024,5,Hypertension,70,0
F002,2024,5,Malnutrition,39,0
F002,2024,6,Malaria,208,1
F002,2024,6,Pneumonia,96,0
F002,2024,6,Diarrhoea,147,1
F002,2024,6,TB,19,0
F002,2024,6,HIV/AIDS,31,0
F002,2024,6,Typhoid,70,0
F002,2024,6,Anaemia,54,0
F002,2024,6,Diabetes,41,0
F002,2024,6,Hypertension,59,0
F002,2024,6,Malnutrition,60,0
F002,2024,7,Malaria,231,2
F002,2024,7,Pneumonia,90,0
F002,2024,7,Diarrhoea,114,1
F002,2024,7,TB,14,0
F002,2024,7,HIV/AIDS,27,0
F002,2024,7,Typhoid,53,0
F002,2024,7,Anaemia,88,1
F002,2024,7,Diabetes,39,0
F002,2024,7,Hypertension,57,0
F002,2024,7,Malnutrition,54,0
F002,2024,8,Malaria,219,0
F002,2024,8,Pneumonia,126,1
F002,2024,8,Diarrhoea,142,2
F002,2024,8,TB,17,0
F002,2024,8,HIV/AIDS,29,0
F002,2024,8,Typhoid,60,0
F002,2024,8,Anaemia,94,0
F002,2024,8,Diabetes,28,0
F002,2024,8,Hypertension,59,0
F002,2024,8,Malnutrition,32,0
F002,2024,9,Malaria,173,0
F002,2024,9,Pneumonia,129,0
F002,2024,9,Diarrhoea,146,0
F002,2024,9,TB,11,0
F002,2024,9,HIV/AIDS,23,0
F002,2024,9,Typhoid,51,0
F002,2024,9,Anaemia,71,0
F002,2024,9,Diabetes,22,0
F002,2024,9,Hypertension,51,0
F002,2024,9,Malnutrition,59,0
F002,2024,10,Malaria,216,1
F002,2024,10,Pneumonia,71,0
F002,2024,10,Diarrhoea,112,0
F002,2024,10,TB,15,0
F002,2024,10,HIV/AIDS,23,0
F002,2024,10,Typhoid,43,0
F002,2024,10,Anaemia,87,1
F002,2024,10,Diabetes,27,0
F002,2024,10,Hypertension,44,0
F002,2024,10,Malnutrition,52,0
F002,2024,11,Malaria,174,2
F002,2024,11,Pneumonia,89,0
F002,2024,11,Diarrhoea,201,2
F002,2024,11,TB,22,0
F002,2024,11,HIV/AIDS,16,0
F002,2024,11,Typhoid,75,1
F002,2024,11,Anaemia,93,0
F002,2024,11,Diabetes,42,0
F002,2024,11,Hypertension,49,0
F002,2024,11,Malnutrition,46,0
F002,2024,12,Malaria,270,1
F002,2024,12,Pneumonia,72,0
F002,2024,12,Diarrhoea,135,1
F002,2024,12,TB,16,0
F002,2024,12,HIV/AIDS,34,0
F002,2024,12,Typhoid,38,0
F002,2024,12,Anaemia,60,0
F002,2024,12,Diabetes,35,0
F002,2024,12,Hypertension,55,0
F002,2024,12,Malnutrition,42,0
F003,2023,1,Malaria,435,4
F003,2023,1,Pneumonia,151,1
F003,2023,1,Diarrhoea,252,0
F003,2023,1,TB,21,0
F003,2023,1,HIV/AIDS,62,0
F003,2023,1,Typhoid,111,1
F003,2023,1,Anaemia,127,0
F003,2023,1,Diabetes,54,0
F003,2023,1,Hypertension,68,0
F003,2023,1,Malnutrition,73,0
F003,2023,2,Malaria,493,4
F003,2023,2,Pneumonia,151,0
F003,2023,2,Diarrhoea,273,0
F003,2023,2,TB,37,0
F003,2023,2,HIV/AIDS,27,0
F003,2023,2,Typhoid,119,0
F003,2023,2,Anaemia,91,0
F003,2023,2,Diabetes,61,0
F003,2023,2,Hypertension,93,0
F003,2023,2,Malnutrition,64,0
F003,2023,3,Malaria,328,4
F003,2023,3,Pneumonia,126,0
F003,2023,3,Diarrhoea,286,1
F003,2023,3,TB,39,0
F003,2023,3,HIV/AIDS,58,0
F003,2023,3,Typhoid,112,1
F003,2023,3,Anaemia,87,0
F003,2023,3,Diabetes,50,0
F003,2023,3,Hypertension,123,0
F003,2023,3,Malnutrition,57,0
F003,2023,4,Malaria,344,4
F003,2023,4,Pneumonia,195,0
F003,2023,4,Diarrhoea,207,1
F003,2023,4,TB,29,0
F003,2023,4,HIV/AIDS,28,0
F003,2023,4,Typhoid,100,1
F003,2023,4,Anaemia,105,1
F003,2023,4,Diabetes,74,0
F003,2023,4,Hypertension,132,1
F003,2023,4,Malnutrition,69,0
F003,2023,5,Malaria,393,2
F003,2023,5,Pneumonia,163,1
F003,2023,5,Diarrhoea,278,0
F003,2023,5,TB,34,0
F003,2023,5,HIV/AIDS,58,0
F003,2023,5,Typhoid,117,0
F003,2023,5,Anaemia,135,0
F003,2023,5,Diabetes,70,0
F003,2023,5,Hypertension,139,0
F003,2023,5,Malnutrition,90,0
F003,2023,6,Malaria,322,3
F003,2023,6,Pneumonia,180,2
F003,2023,6,Diarrhoea,222,0
F003,2023,6,TB,22,0
F003,2023,6,HIV/AIDS,27,0
F003,2023,6,Typhoid,102,0
F003,2023,6,Anaemia,104,0
F003,2023,6,Diabetes,45,0
F003,2023,6,Hypertension,84,0
F003,2023,6,Malnutrition,53,0
F003,2023,7,Malaria,349,2
F003,2023,7,Pneumonia,119,1
F003,2023,7,Diarrhoea,281,2
F003,2023,7,TB,29,0
F003,2023,7,HIV/AIDS,32,0
F003,2023,7,Typhoid,97,0
F003,2023,7,Anaemia,83,0
F003,2023,7,Diabetes,44,0
F003,2023,7,Hypertension,63,0
F003,2023,7,Malnutrition,71,0
F003,2023,8,Malaria,421,5
F003,2023,8,Pneumonia,184,1
F003,2023,8,Diarrhoea,153,1
F003,2023,8,TB,30,0
F003,2023,8,HIV/AIDS,50,0
F003,2023,8,Typhoid,103,0
F003,2023,8,Anaemia,129,0
F003,2023,8,Diabetes,54,0
F003,2023,8,Hypertension,83,1
F003,2023,8,Malnutrition,56,0
F003,2023,9,Malaria,224,0
F003,2023,9,Pneumonia,226,2
F003,2023,9,Diarrhoea,156,2
F003,2023,9,TB,20,0
F003,2023,9,HIV/AIDS,50,0
F003,2023,9,Typhoid,57,0
F003,2023,9,Anaemia,150,0
F003,2023,9,Diabetes,66,0
F003,2023,9,Hypertension,141,0
F003,2023,9,Malnutrition,70,0
F003,2023,10,Malaria,246,1
F003,2023,10,Pneumonia,110,1
F003,2023,10,Diarrhoea,146,0
F003,2023,10,TB,23,0
F003,2023,10,HIV/AIDS,37,0
F003,2023,10,Typhoid,57,0
F003,2023,10,Anaemia,111,1
F003,2023,10,Diabetes,59,0
F003,2023,10,Hypertension,122,1
F003,2023,10,Malnutrition,100,0
F003,2023,11,Malaria,288,0
F003,2023,11,Pneumonia,154,1
F003,2023,11,Diarrhoea,218,3
F003,2023,11,TB,36,0
F003,2023,11,HIV/AIDS,33,0
F003,2023,11,Typhoid,103,1
F003,2023,11,Anaemia,135,0
F003,2023,11,Diabetes,36,0
F003,2023,11,Hypertension,100,0
F003,2023,11,Malnutrition,89,0
F003,2023,12,Malaria,418,0
F003,2023,12,Pneumonia,111,1
F003,2023,12,Diarrhoea,167,0
F003,2023,12,TB,28,0
F003,2023,12,HIV/AIDS,29,0
F003,2023,12,Typhoid,89,0
F003,2023,12,Anaemia,108,1
F003,2023,12,Diabetes,47,0
F003,2023,12,Hypertension,146,1
F003,2023,12,Malnutrition,97,0
F003,2024,1,Malaria,307,3
F003,2024,1,Pneumonia,113,1
F003,2024,1,Diarrhoea,223,2
F003,2024,1,TB,36,0
F003,2024,1,HIV/AIDS,53,0
F003,2024,1,Typhoid,68,0
F003,2024,1,Anaemia,160,2
F003,2024,1,Diabetes,74,0
F003,2024,1,Hypertension,81,1
F003,2024,1,Malnutrition,76,0
F003,2024,2,Malaria,397,0
F003,2024,2,Pneumonia,178,2
F003,2024,2,Diarrhoea,154,2
F003,2024,2,TB,40,0
F003,2024,2,HIV/AIDS,33,0
F003,2024,2,Typhoid,111,0
F003,2024,2,Anaemia,120,0
F003,2024,2,Diabetes,58,0
F003,2024,2,Hypertension,79,0
F003,2024,2,Malnutrition,81,0
F003,2024,3,Malaria,382,5
F003,2024,3,Pneumonia,137,1
F003,2024,3,Diarrhoea,236,3
F003,2024,3,TB,26,0
F003,2024,3,HIV/AIDS,43,0
F003,2024,3,Typhoid,97,0
F003,2024,3,Anaemia,86,1
F003,2024,3,Diabetes,59,0
F003,2024,3,Hypertension,98,0
F003,2024,3,Malnutrition,99,0
F003,2024,4,Malaria,370,3
F003,2024,4,Pneumonia,133,0
F003,2024,4,Diarrhoea,202,1
F003,2024,4,TB,31,0
F003,2024,4,HIV/AIDS,38,0
F003,2024,4,Typhoid,68,0
F003,2024,4,Anaemia,72,0
F003,2024,4,Diabetes,71,0
F003,2024,4,Hypertension,96,0
F003,2024,4,Malnutrition,68,0
F003,2024,5,Malaria,326,1
F003,2024,5,Pneumonia,250,0
F003,2024,5,Diarrhoea,313,4
F003,2024,5,TB,20,0
F003,2024,5,HIV/AIDS,32,0
F003,2024,5,Typhoid,122,1
F003,2024,5,Anaemia,144,0
F003,2024,5,Diabetes,70,0
F003,2024,5,Hypertension,93,0
F003,2024,5,Malnutrition,68,0
F003,2024,6,Malaria,287,2
F003,2024,6,Pneumonia,240,1
F003,2024,6,Diarrhoea,279,0
F003,2024,6,TB,33,0
F003,2024,6,HIV/AIDS,48,0
F003,2024,6,Typhoid,64,0
F003,2024,6,Anaemia,127,1
F003,2024,6,Diabetes,43,0
F003,2024,6,Hypertension,70,0
F003,2024,6,Malnutrition,68,0
F003,2024,7,Malaria,496,1
F003,2024,7,Pneumonia,239,3
F003,2024,7,Diarrhoea,175,1
F003,2024,7,TB,34,0
F003,2024,7,HIV/AIDS,46,0
F003,2024,7,Typhoid,96,1
F003,2024,7,Anaemia,144,2
F003,2024,7,Diabetes,77,0
F003,2024,7,Hypertension,111,1
F003,2024,7,Malnutrition,93,0
F003,2024,8,Malaria,276,3
F003,2024,8,Pneumonia,208,0
F003,2024,8,Diarrhoea,176,1
F003,2024,8,TB,20,0
F003,2024,8,HIV/AIDS,42,0
F003,2024,8,Typhoid,74,0
F003,2024,8,Anaemia,88,0
F003,2024,8,Diabetes,42,0
F003,2024,8,Hypertension,105,0
F003,2024,8,Malnutrition,79,0
F003,2024,9,Malaria,273,3
F003,2024,9,Pneumonia,224,0
F003,2024,9,Diarrhoea,332,4
F003,2024,9,TB,28,0
F003,2024,9,HIV/AIDS,30,0
F003,2024,9,Typhoid,59,0
F003,2024,9,Anaemia,83,0
F003,2024,9,Diabetes,37,0
F003,2024,9,Hypertension,103,1
F003,2024,9,Malnutrition,45,0
F003,2024,10,Malaria,491,5
F003,2024,10,Pneumonia,221,0
F003,2024,10,Diarrhoea,184,2
F003,2024,10,TB,27,0
F003,2024,10,HIV/AIDS,61,0
F003,2024,10,Typhoid,88,1
F003,2024,10,Anaemia,130,0
F003,2024,10,Diabetes,68,0
F003,2024,10,Hypertension,89,0
F003,2024,10,Malnutrition,66,0
F003,2024,11,Malaria,391,5
F003,2024,11,Pneumonia,233,2
F003,2024,11,Diarrhoea,144,1
F003,2024,11,TB,27,0
F003,2024,11,HIV/AIDS,60,0
F003,2024,11,Typhoid,62,0
F003,2024,11,Anaemia,163,1
F003,2024,11,Diabetes,47,0
F003,2024,11,Hypertension,120,1
F003,2024,11,Malnutrition,75,0
F003,2024,12,Malaria,216,2
F003,2024,12,Pneumonia,243,1
F003,2024,12,Diarrhoea,265,3
F003,2024,12,TB,41,0
F003,2024,12,HIV/AIDS,51,0
F003,2024,12,Typhoid,88,0
F003,2024,12,Anaemia,148,0
F003,2024,12,Diabetes,81,1
F003,2024,12,Hypertension,102,1
F003,2024,12,Malnutrition,86,0
F004,2023,1,Malaria,32,0
F004,2023,1,Pneumonia,21,0
F004,2023,1,Diarrhoea,31,0
F004,2023,1,TB,3,0
F004,2023,1,HIV/AIDS,4,0
F004,2023,1,Typhoid,11,0
F004,2023,1,Anaemia,16,0
F004,2023,1,Diabetes,7,0
F004,2023,1,Hypertension,10,0
F004,2023,1,Malnutrition,5,0
F004,2023,2,Malaria,48,0
F004,2023,2,Pneumonia,12,0
F004,2023,2,Diarrhoea,14,0
F004,2023,2,TB,2,0
F004,2023,2,HIV/AIDS,3,0
F004,2023,2,Typhoid,10,0
F004,2023,2,Anaemia,13,0
F004,2023,2,Diabetes,8,0
F004,2023,2,Hypertension,10,0
F004,2023,2,Malnutrition,6,0
F004,2023,3,Malaria,38,0
F004,2023,3,Pneumonia,11,0
F004,2023,3,Diarrhoea,31,0
F004,2023,3,TB,3,0
F004,2023,3,HIV/AIDS,5,0
F004,2023,3,Typhoid,8,0
F004,2023,3,Anaemia,9,0
F004,2023,3,Diabetes,4,0
F004,2023,3,Hypertension,11,0
F004,2023,3,Malnutrition,10,0
F004,2023,4,Malaria,25,0
F004,2023,4,Pneumonia,16,0
F004,2023,4,Diarrhoea,20,0
F004,2023,4,TB,2,0
F004,2023,4,HIV/AIDS,4,0
F004,2023,4,Typhoid,11,0
F004,2023,4,Anaemia,8,0
F004,2023,4,Diabetes,6,0
F004,2023,4,Hypertension,6,0
F004,2023,4,Malnutrition,6,0
F004,2023,5,Malaria,30,0
F004,2023,5,Pneumonia,20,0
F004,2023,5,Diarrhoea,19,0
F004,2023,5,TB,3,0
F004,2023,5,HIV/AIDS,2,0
F004,2023,5,Typhoid,9,0
F004,2023,5,Anaemia,9,0
F004,2023,5,Diabetes,6,0
F004,2023,5,Hypertension,8,0
F004,2023,5,Malnutrition,10,0
F004,2023,6,Malaria,44,0
F004,2023,6,Pneumonia,21,0
F004,2023,6,Diarrhoea,32,0
F004,2023,6,TB,3,0
F004,2023,6,HIV/AIDS,5,0
F004,2023,6,Typhoid,10,0
F004,2023,6,Anaemia,15,0
F004,2023,6,Diabetes,4,0
F004,2023,6,Hypertension,9,0
F004,2023,6,Malnutrition,7,0
F004,2023,7,Malaria,32,0
F004,2023,7,Pneumonia,21,0
F004,2023,7,Diarrhoea,32,0
F004,2023,7,TB,3,0
F004,2023,7,HIV/AIDS,3,0
F004,2023,7,Typhoid,11,0
F004,2023,7,Anaemia,16,0
F004,2023,7,Diabetes,6,0
F004,2023,7,Hypertension,10,0
F004,2023,7,Malnutrition,9,0
F004,2023,8,Malaria,44,0
F004,2023,8,Pneumonia,20,0
F004,2023,8,Diarrhoea,30,0
F004,2023,8,TB,3,0
F004,2023,8,HIV/AIDS,4,0
F004,2023,8,Typhoid,10,0
F004,2023,8,Anaemia,7,0
F004,2023,8,Diabetes,5,0
F004,2023,8,Hypertension,7,0
F004,2023,8,Malnutrition,6,0
F004,2023,9,Malaria,25,0
F004,2023,9,Pneumonia,14,0
F004,2023,9,Diarrhoea,22,0
F004,2023,9,TB,3,0
F004,2023,9,HIV/AIDS,5,0
F004,2023,9,Typhoid,12,0
F004,2023,9,Anaemia,8,0
F004,2023,9,Diabetes,7,0
F004,2023,9,Hypertension,11,0
F004,2023,9,Malnutrition,4,0
F004,2023,10,Malaria,25,0
F004,2023,10,Pneumonia,23,0
F004,2023,10,Diarrhoea,25,0
F004,2023,10,TB,2,0
F004,2023,10,HIV/AIDS,3,0
F004,2023,10,Typhoid,8,0
F004,2023,10,Anaemia,13,0
F004,2023,10,Diabetes,4,0
F004,2023,10,Hypertension,12,0
F004,2023,10,Malnutrition,7,0
F004,2023,11,Malaria,41,0
F004,2023,11,Pneumonia,22,0
F004,2023,11,Diarrhoea,24,0
F004,2023,11,TB,3,0
F004,2023,11,HIV/AIDS,5,0
F004,2023,11,Typhoid,10,0
F004,2023,11,Anaemia,13,0
F004,2023,11,Diabetes,7,0
F004,2023,11,Hypertension,6,0
F004,2023,11,Malnutrition,6,0
F004,2023,12,Malaria,38,0
F004,2023,12,Pneumonia,12,0
F004,2023,12,Diarrhoea,28,0
F004,2023,12,TB,2,0
F004,2023,12,HIV/AIDS,6,0
F004,2023,12,Typhoid,12,0
F004,2023,12,Anaemia,9,0
F004,2023,12,Diabetes,8,0
F004,2023,12,Hypertension,8,0
F004,2023,12,Malnutrition,5,0
F004,2024,1,Malaria,30,0
F004,2024,1,Pneumonia,25,0
F004,2024,1,Diarrhoea,24,0
F004,2024,1,TB,3,0
F004,2024,1,HIV/AIDS,2,0
F004,2024,1,Typhoid,11,0
F004,2024,1,Anaemia,8,0
F004,2024,1,Diabetes,6,0
F004,2024,1,Hypertension,12,0
F004,2024,1,Malnutrition,7,0
F004,2024,2,Malaria,40,0
F004,2024,2,Pneumonia,17,0
F004,2024,2,Diarrhoea,27,0
F004,2024,2,TB,2,0
F004,2024,2,HIV/AIDS,4,0
F004,2024,2,Typhoid,9,0
F004,2024,2,Anaemia,14,0
F004,2024,2,Diabetes,6,0
F004,2024,2,Hypertension,7,0
F004,2024,2,Malnutrition,6,0
F004,2024,3,Malaria,32,0
F004,2024,3,Pneumonia,14,0
F004,2024,3,Diarrhoea,24,0
F004,2024,3,TB,2,0
F004,2024,3,HIV/AIDS,3,0
F004,2024,3,Typhoid,11,0
F004,2024,3,Anaemia,14,0
F004,2024,3,Diabetes,4,0
F004,2024,3,Hypertension,8,0
F004,2024,3,Malnutrition,9,0
F004,2024,4,Malaria,36,0
F004,2024,4,Pneumonia,19,0
F004,2024,4,Diarrhoea,16,0
F004,2024,4,TB,3,0
F004,2024,4,HIV/AIDS,3,0
F004,2024,4,Typhoid,5,0
F004,2024,4,Anaemia,14,0
F004,2024,4,Diabetes,7,0
F004,2024,4,Hypertension,12,0
F004,2024,4,Malnutrition,9,0
F004,2024,5,Malaria,38,0
F004,2024,5,Pneumonia,20,0
F004,2024,5,Diarrhoea,27,0
F004,2024,5,TB,3,0
F004,2024,5,HIV/AIDS,6,0
F004,2024,5,Typhoid,8,0
F004,2024,5,Anaemia,13,0
F004,2024,5,Diabetes,5,0
F004,2024,5,Hypertension,9,0
F004,2024,5,Malnutrition,6,0
F004,2024,6,Malaria,36,0
F004,2024,6,Pneumonia,24,0
F004,2024,6,Diarrhoea,26,0
F004,2024,6,TB,2,0
F004,2024,6,HIV/AIDS,5,0
F004,2024,6,Typhoid,5,0
F004,2024,6,Anaemia,8,0
F004,2024,6,Diabetes,4,0
F004,2024,6,Hypertension,14,0
F004,2024,6,Malnutrition,4,0
F004,2024,7,Malaria,41,0
F004,2024,7,Pneumonia,12,0
F004,2024,7,Diarrhoea,27,0
F004,2024,7,TB,3,0
F004,2024,7,HIV/AIDS,2,0
F004,2024,7,Typhoid,11,0
F004,2024,7,Anaemia,11,0
F004,2024,7,Diabetes,5,0
F004,2024,7,Hypertension,11,0
F004,2024,7,Malnutrition,10,0
F004,2024,8,Malaria,41,0
F004,2024,8,Pneumonia,17,0
F004,2024,8,Diarrhoea,32,0
F004,2024,8,TB,3,0
F004,2024,8,HIV/AIDS,4,0
F004,2024,8,Typhoid,7,0
F004,2024,8,Anaemia,11,0
F004,2024,8,Diabetes,8,0
F004,2024,8,Hypertension,12,0
F004,2024,8,Malnutrition,9,0
F004,2024,9,Malaria,29,0
F004,2024,9,Pneumonia,14,0
F004,2024,9,Diarrhoea,26,0
F004,2024,9,TB,4,0
F004,2024,9,HIV/AIDS,6,0
F004,2024,9,Typhoid,11,0
F004,2024,9,Anaemia,15,0
F004,2024,9,Diabetes,3,0
F004,2024,9,Hypertension,10,0
F004,2024,9,Malnutrition,5,0
F004,2024,10,Malaria,42,0
F004,2024,10,Pneumonia,10,0
F004,2024,10,Diarrhoea,18,0
F004,2024,10,TB,3,0
F004,2024,10,HIV/AIDS,5,0
F004,2024,10,Typhoid,10,0
F004,2024,10,Anaemia,11,0
F004,2024,10,Diabetes,5,0
F004,2024,10,Hypertension,10,0
F004,2024,10,Malnutrition,10,0
F004,2024,11,Malaria,34,0
F004,2024,11,Pneumonia,21,0
F004,2024,11,Diarrhoea,31,0
F004,2024,11,TB,2,0
F004,2024,11,HIV/AIDS,3,0
F004,2024,11,Typhoid,7,0
F004,2024,11,Anaemia,13,0
F004,2024,11,Diabetes,8,0
F004,2024,11,Hypertension,7,0
F004,2024,11,Malnutrition,7,0
F004,2024,12,Malaria,25,0
F004,2024,12,Pneumonia,22,0
F004,2024,12,Diarrhoea,28,0
F004,2024,12,TB,3,0
F004,2024,12,HIV/AIDS,6,0
F004,2024,12,Typhoid,6,0
F004,2024,12,Anaemia,7,0
F004,2024,12,Diabetes,3,0
F004,2024,12,Hypertension,9,0
F004,2024,12,Malnutrition,4,0
F005,2023,1,Malaria,178,0
F005,2023,1,Pneumonia,101,0
F005,2023,1,Diarrhoea,170,0
F005,2023,1,TB,14,0
F005,2023,1,HIV/AIDS,21,0
F005,2023,1,Typhoid,61,0
F005,2023,1,Anaemia,70,0
F005,2023,1,Diabetes,24,0
F005,2023,1,Hypertension,68,0
F005,2023,1,Malnutrition,57,0
F005,2023,2,Malaria,155,0
F005,2023,2,Pneumonia,99,0
F005,2023,2,Diarrhoea,108,0
F005,2023,2,TB,11,0
F005,2023,2,HIV/AIDS,34,0
F005,2023,2,Typhoid,55,0
F005,2023,2,Anaemia,99,0
F005,2023,2,Diabetes,33,0
F005,2023,2,Hypertension,59,0
F005,2023,2,Malnutrition,30,0
F005,2023,3,Malaria,292,3
F005,2023,3,Pneumonia,86,1
F005,2023,3,Diarrhoea,107,0
F005,2023,3,TB,20,0
F005,2023,3,HIV/AIDS,22,0
F005,2023,3,Typhoid,58,0
F005,2023,3,Anaemia,57,0
F005,2023,3,Diabetes,31,0
F005,2023,3,Hypertension,71,0
F005,2023,3,Malnutrition,54,0
F005,2023,4,Malaria,191,2
F005,2023,4,Pneumonia,128,1
F005,2023,4,Diarrhoea,156,0
F005,2023,4,TB,14,0
F005,2023,4,HIV/AIDS,18,0
F005,2023,4,Typhoid,59,0
F005,2023,4,Anaemia,45,0
F005,2023,4,Diabetes,47,0
F005,2023,4,Hypertension,47,0
F005,2023,4,Malnutrition,30,0
F005,2023,5,Malaria,236,1
F005,2023,5,Pneumonia,105,1
F005,2023,5,Diarrhoea,147,0
F005,2023,5,TB,12,0
F005,2023,5,HIV/AIDS,31,0
F005,2023,5,Typhoid,65,0
F005,2023,5,Anaemia,75,0
F005,2023,5,Diabetes,32,0
F005,2023,5,Hypertension,43,0
F005,2023,5,Malnutrition,44,0
F005,2023,6,Malaria,294,3
F005,2023,6,Pneumonia,79,0
F005,2023,6,Diarrhoea,197,0
F005,2023,6,TB,24,0
F005,2023,6,HIV/AIDS,37,0
F005,2023,6,Typhoid,67,0
F005,2023,6,Anaemia,73,0
F005,2023,6,Diabetes,23,0
F005,2023,6,Hypertension,63,0
F005,2023,6,Malnutrition,41,0
F005,2023,7,Malaria,165,0
F005,2023,7,Pneumonia,114,1
F005,2023,7,Diarrhoea,87,1
F005,2023,7,TB,18,0
F005,2023,7,HIV/AIDS,31,0
F005,2023,7,Typhoid,69,0
F005,2023,7,Anaemia,58,0
F005,2023,7,Diabetes,28,0
F005,2023,7,Hypertension,52,0
F005,2023,7,Malnutrition,60,0
F005,2023,8,Malaria,152,2
F005,2023,8,Pneumonia,69,1
F005,2023,8,Diarrhoea,200,0
F005,2023,8,TB,12,0
F005,2023,8,HIV/AIDS,29,0
F005,2023,8,Typhoid,46,0
F005,2023,8,Anaemia,94,0
F005,2023,8,Diabetes,25,0
F005,2023,8,Hypertension,52,0
F005,2023,8,Malnutrition,49,0
F005,2023,9,Malaria,191,2
F005,2023,9,Pneumonia,88,0
F005,2023,9,Diarrhoea,88,0
F005,2023,9,TB,23,0
F005,2023,9,HIV/AIDS,28,0
F005,2023,9,Typhoid,62,0
F005,2023,9,Anaemia,58,0
F005,2023,9,Diabetes,39,0
F005,2023,9,Hypertension,60,0
F005,2023,9,Malnutrition,34,0
F005,2023,10,Malaria,277,1
F005,2023,10,Pneumonia,103,1
F005,2023,10,Diarrhoea,136,0
F005,2023,10,TB,17,0
F005,2023,10,HIV/AIDS,26,0
F005,2023,10,Typhoid,40,0
F005,2023,10,Anaemia,97,0
F005,2023,10,Diabetes,29,0
F005,2023,10,Hypertension,82,1
F005,2023,10,Malnutrition,51,0
F005,2023,11,Malaria,154,1
F005,2023,11,Pneumonia,104,1
F005,2023,11,Diarrhoea,132,1
F005,2023,11,TB,12,0
F005,2023,11,HIV/AIDS,16,0
F005,2023,11,Typhoid,48,0
F005,2023,11,Anaemia,43,0
F005,2023,11,Diabetes,48,0
F005,2023,11,Hypertension,76,0
F005,2023,11,Malnutrition,60,0
F005,2023,12,Malaria,266,0
F005,2023,12,Pneumonia,133,1
F005,2023,12,Diarrhoea,180,2
F005,2023,12,TB,12,0
F005,2023,12,HIV/AIDS,32,0
F005,2023,12,Typhoid,67,0
F005,2023,12,Anaemia,70,0
F005,2023,12,Diabetes,37,0
F005,2023,12,Hypertension,65,0
F005,2023,12,Malnutrition,28,0
F005,2024,1,Malaria,147,1
F005,2024,1,Pneumonia,100,0
F005,2024,1,Diarrhoea,112,0
F005,2024,1,TB,16,0
F005,2024,1,HIV/AIDS,22,0
F005,2024,1,Typhoid,61,0
F005,2024,1,Anaemia,84,1
F005,2024,1,Diabetes,35,0
F005,2024,1,Hypertension,49,0
F005,2024,1,Malnutrition,37,0
F005,2024,2,Malaria,187,1
F005,2024,2,Pneumonia,144,0
F005,2024,2,Diarrhoea,91,0
F005,2024,2,TB,16,0
F005,2024,2,HIV/AIDS,20,0
F005,2024,2,Typhoid,70,0
F005,2024,2,Anaemia,79,0
F005,2024,2,Diabetes,46,0
F005,2024,2,Hypertension,62,0
F005,2024,2,Malnutrition,36,0
F005,2024,3,Malaria,267,3
F005,2024,3,Pneumonia,139,2
F005,2024,3,Diarrhoea,176,0
F005,2024,3,TB,12,0
F005,2024,3,HIV/AIDS,33,0
F005,2024,3,Typhoid,67,0
F005,2024,3,Anaemia,67,0
F005,2024,3,Diabetes,25,0
F005,2024,3,Hypertension,44,0
F005,2024,3,Malnutrition,39,0
F005,2024,4,Malaria,212,3
F005,2024,4,Pneumonia,116,1
F005,2024,4,Diarrhoea,102,1
F005,2024,4,TB,24,0
F005,2024,4,HIV/AIDS,28,0
F005,2024,4,Typhoid,53,0
F005,2024,4,Anaemia,56,0
F005,2024,4,Diabetes,42,0
F005,2024,4,Hypertension,76,0
F005,2024,4,Malnutrition,34,0
F005,2024,5,Malaria,192,0
F005,2024,5,Pneumonia,138,0
F005,2024,5,Diarrhoea,140,0
F005,2024,5,TB,12,0
F005,2024,5,HIV/AIDS,23,0
F005,2024,5,Typhoid,66,0
F005,2024,5,Anaemia,69,0
F005,2024,5,Diabetes,37,0
F005,2024,5,Hypertension,59,0
F005,2024,5,Malnutrition,35,0
F005,2024,6,Malaria,149,1
F005,2024,6,Pneumonia,77,0
F005,2024,6,Diarrhoea,166,1
F005,2024,6,TB,11,0
F005,2024,6,HIV/AIDS,28,0
F005,2024,6,Typhoid,58,0
F005,2024,6,Anaemia,51,0
F005,2024,6,Diabetes,28,0
F005,2024,6,Hypertension,79,0
F005,2024,6,Malnutrition,54,0
F005,2024,7,Malaria,153,1
F005,2024,7,Pneumonia,146,1
F005,2024,7,Diarrhoea,169,1
F005,2024,7,TB,20,0
F005,2024,7,HIV/AIDS,18,0
F005,2024,7,Typhoid,60,0
F005,2024,7,Anaemia,53,0
F005,2024,7,Diabetes,33,0
F005,2024,7,Hypertension,85,0
F005,2024,7,Malnutrition,52,0
F005,2024,8,Malaria,228,1
F005,2024,8,Pneumonia,84,1
F005,2024,8,Diarrhoea,117,0
F005,2024,8,TB,16,0
F005,2024,8,HIV/AIDS,32,0
F005,2024,8,Typhoid,34,0
F005,2024,8,Anaemia,90,1
F005,2024,8,Diabetes,39,0
F005,2024,8,Hypertension,72,0
F005,2024,8,Malnutrition,50,0
F005,2024,9,Malaria,195,0
F005,2024,9,Pneumonia,96,0
F005,2024,9,Diarrhoea,117,0
F005,2024,9,TB,16,0
F005,2024,9,HIV/AIDS,23,0
F005,2024,9,Typhoid,39,0
F005,2024,9,Anaemia,55,0
F005,2024,9,Diabetes,47,0
F005,2024,9,Hypertension,47,0
F005,2024,9,Malnutrition,35,0
F005,2024,10,Malaria,228,0
F005,2024,10,Pneumonia,150,1
F005,2024,10,Diarrhoea,91,0
F005,2024,10,TB,15,0
F005,2024,10,HIV/AIDS,32,0
F005,2024,10,Typhoid,54,0
F005,2024,10,Anaemia,65,0
F005,2024,10,Diabetes,25,0
F005,2024,10,Hypertension,54,0
F005,2024,10,Malnutrition,45,0
F005,2024,11,Malaria,263,0
F005,2024,11,Pneumonia,133,1
F005,2024,11,Diarrhoea,186,0
F005,2024,11,TB,13,0
F005,2024,11,HIV/AIDS,17,0
F005,2024,11,Typhoid,73,0
F005,2024,11,Anaemia,55,0
F005,2024,11,Diabetes,25,0
F005,2024,11,Hypertension,87,0
F005,2024,11,Malnutrition,62,0
F005,2024,12,Malaria,220,2
F005,2024,12,Pneumonia,103,0
F005,2024,12,Diarrhoea,119,1
F005,2024,12,TB,24,0
F005,2024,12,HIV/AIDS,31,0
F005,2024,12,Typhoid,42,0
F005,2024,12,Anaemia,78,1
F005,2024,12,Diabetes,37,0
F005,2024,12,Hypertension,42,0
F005,2024,12,Malnutrition,54,0
F006,2023,1,Malaria,279,3
F006,2023,1,Pneumonia,142,1
F006,2023,1,Diarrhoea,138,0
F006,2023,1,TB,15,0
F006,2023,1,HIV/AIDS,28,0
F006,2023,1,Typhoid,35,0
F006,2023,1,Anaemia,69,1
F006,2023,1,Diabetes,49,0
F006,2023,1,Hypertension,60,0
F006,2023,1,Malnutrition,60,0
F006,2023,2,Malaria,213,1
F006,2023,2,Pneumonia,89,0
F006,2023,2,Diarrhoea,157,1
F006,2023,2,TB,17,0
F006,2023,2,HIV/AIDS,29,0
F006,2023,2,Typhoid,36,0
F006,2023,2,Anaemia,69,0
F006,2023,2,Diabetes,50,0
F006,2023,2,Hypertension,87,0
F006,2023,2,Malnutrition,55,0
F006,2023,3,Malaria,226,0
F006,2023,3,Pneumonia,73,0
F006,2023,3,Diarrhoea,152,1
F006,2023,3,TB,14,0
F006,2023,3,HIV/AIDS,30,0
F006,2023,3,Typhoid,52,0
F006,2023,3,Anaemia,90,0
F006,2023,3,Diabetes,26,0
F006,2023,3,Hypertension,86,0
F006,2023,3,Malnutrition,42,0
F006,2023,4,Malaria,140,0
F006,2023,4,Pneumonia,117,0
F006,2023,4,Diarrhoea,171,0
F006,2023,4,TB,17,0
F006,2023,4,HIV/AIDS,36,0
F006,2023,4,Typhoid,41,0
F006,2023,4,Anaemia,100,1
F006,2023,4,Diabetes,23,0
F006,2023,4,Hypertension,77,1
F006,2023,4,Malnutrition,34,0
F006,2023,5,Malaria,133,1
F006,2023,5,Pneumonia,101,0
F006,2023,5,Diarrhoea,106,0
F006,2023,5,TB,14,0
F006,2023,5,HIV/AIDS,35,0
F006,2023,5,Typhoid,50,0
F006,2023,5,Anaemia,94,0
F006,2023,5,Diabetes,23,0
F006,2023,5,Hypertension,59,0
F006,2023,5,Malnutrition,37,0
F006,2023,6,Malaria,292,2
F006,2023,6,Pneumonia,111,1
F006,2023,6,Diarrhoea,197,1
F006,2023,6,TB,23,0
F006,2023,6,HIV/AIDS,33,0
F006,2023,6,Typhoid,71,0
F006,2023,6,Anaemia,84,0
F006,2023,6,Diabetes,25,0
F006,2023,6,Hypertension,79,0
F006,2023,6,Malnutrition,56,0
F006,2023,7,Malaria,132,1
F006,2023,7,Pneumonia,145,1
F006,2023,7,Diarrhoea,122,1
F006,2023,7,TB,20,0
F006,2023,7,HIV/AIDS,31,0
F006,2023,7,Typhoid,73,0
F006,2023,7,Anaemia,79,0
F006,2023,7,Diabetes,38,0
F006,2023,7,Hypertension,75,0
F006,2023,7,Malnutrition,52,0
F006,2023,8,Malaria,233,0
F006,2023,8,Pneumonia,82,0
F006,2023,8,Diarrhoea,164,2
F006,2023,8,TB,16,0
F006,2023,8,HIV/AIDS,22,0
F006,2023,8,Typhoid,67,0
F006,2023,8,Anaemia,71,1
F006,2023,8,Diabetes,33,0
F006,2023,8,Hypertension,79,0
F006,2023,8,Malnutrition,62,0
F006,2023,9,Malaria,289,2
F006,2023,9,Pneumonia,97,0
F006,2023,9,Diarrhoea,105,0
F006,2023,9,TB,14,0
F006,2023,9,HIV/AIDS,30,0
F006,2023,9,Typhoid,62,0
F006,2023,9,Anaemia,95,0
F006,2023,9,Diabetes,24,0
F006,2023,9,Hypertension,42,0
F006,2023,9,Malnutrition,60,0
F006,2023,10,Malaria,259,2
F006,2023,10,Pneumonia,111,1
F006,2023,10,Diarrhoea,144,1
F006,2023,10,TB,20,0
F006,2023,10,HIV/AIDS,20,0
F006,2023,10,Typhoid,56,0
F006,2023,10,Anaemia,92,1
F006,2023,10,Diabetes,31,0
F006,2023,10,Hypertension,61,0
F006,2023,10,Malnutrition,50,0
F006,2023,11,Malaria,197,2
F006,2023,11,Pneumonia,132,1
F006,2023,11,Diarrhoea,117,1
F006,2023,11,TB,15,0
F006,2023,11,HIV/AIDS,35,0
F006,2023,11,Typhoid,32,0
F006,2023,11,Anaemia,45,0
F006,2023,11,Diabetes,44,0
F006,2023,11,Hypertension,63,0
F006,2023,11,Malnutrition,38,0
F006,2023,12,Malaria,228,1
F006,2023,12,Pneumonia,112,0
F006,2023,12,Diarrhoea,157,1
F006,2023,12,TB,11,0
F006,2023,12,HIV/AIDS,25,0
F006,2023,12,Typhoid,49,0
F006,2023,12,Anaemia,66,0
F006,2023,12,Diabetes,26,0
F006,2023,12,Hypertension,73,0
F006,2023,12,Malnutrition,31,0
F006,2024,1,Malaria,197,2
F006,2024,1,Pneumonia,143,1
F006,2024,1,Diarrhoea,104,0
F006,2024,1,TB,12,0
F006,2024,1,HIV/AIDS,16,0
F006,2024,1,Typhoid,39,0
F006,2024,1,Anaemia,74,1
F006,2024,1,Diabetes,38,0
F006,2024,1,Hypertension,74,1
F006,2024,1,Malnutrition,49,0
F006,2024,2,Malaria,161,1
F006,2024,2,Pneumonia,83,0
F006,2024,2,Diarrhoea,183,2
F006,2024,2,TB,22,0
F006,2024,2,HIV/AIDS,21,0
F006,2024,2,Typhoid,35,0
F006,2024,2,Anaemia,44,0
F006,2024,2,Diabetes,46,0
F006,2024,2,Hypertension,84,0
F006,2024,2,Malnutrition,32,0
F006,2024,3,Malaria,160,0
F006,2024,3,Pneumonia,137,1
F006,2024,3,Diarrhoea,110,0
F006,2024,3,TB,22,0
F006,2024,3,HIV/AIDS,26,0
F006,2024,3,Typhoid,41,0
F006,2024,3,Anaemia,94,0
F006,2024,3,Diabetes,34,0
F006,2024,3,Hypertension,52,0
F006,2024,3,Malnutrition,50,0
F006,2024,4,Malaria,277,0
F006,2024,4,Pneumonia,94,0
F006,2024,4,Diarrhoea,201,1
F006,2024,4,TB,10,0
F006,2024,4,HIV/AIDS,21,0
F006,2024,4,Typhoid,58,0
F006,2024,4,Anaemia,73,0
F006,2024,4,Diabetes,27,0
F006,2024,4,Hypertension,83,0
F006,2024,4,Malnutrition,31,0
F006,2024,5,Malaria,249,0
F006,2024,5,Pneumonia,88,0
F006,2024,5,Diarrhoea,96,1
F006,2024,5,TB,20,0
F006,2024,5,HIV/AIDS,33,0
F006,2024,5,Typhoid,73,1
F006,2024,5,Anaemia,57,0
F006,2024,5,Diabetes,45,0
F006,2024,5,Hypertension,86,0
F006,2024,5,Malnutrition,55,0
F006,2024,6,Malaria,158,0
F006,2024,6,Pneumonia,127,0
F006,2024,6,Diarrhoea,137,1
F006,2024,6,TB,14,0
F006,2024,6,HIV/AIDS,18,0
F006,2024,6,Typhoid,41,0
F006,2024,6,Anaemia,94,1
F006,2024,6,Diabetes,34,0
F006,2024,6,Hypertension,86,0
F006,2024,6,Malnutrition,41,0
F006,2024,7,Malaria,281,4
F006,2024,7,Pneumonia,110,0
F006,2024,7,Diarrhoea,99,1
F006,2024,7,TB,16,0
F006,2024,7,HIV/AIDS,21,0
F006,2024,7,Typhoid,48,0
F006,2024,7,Anaemia,61,0
F006,2024,7,Diabetes,41,0
F006,2024,7,Hypertension,48,0
F006,2024,7,Malnutrition,38,0
F006,2024,8,Malaria,141,0
F006,2024,8,Pneumonia,83,0
F006,2024,8,Diarrhoea,151,1
F006,2024,8,TB,24,0
F006,2024,8,HIV/AIDS,30,0
F006,2024,8,Typhoid,60,0
F006,2024,8,Anaemia,68,0
F006,2024,8,Diabetes,27,0
F006,2024,8,Hypertension,62,0
F006,2024,8,Malnutrition,36,0
F006,2024,9,Malaria,207,1
F006,2024,9,Pneumonia,115,0
F006,2024,9,Diarrhoea,88,0
F006,2024,9,TB,22,0
F006,2024,9,HIV/AIDS,16,0
F006,2024,9,Typhoid,38,0
F006,2024,9,Anaemia,45,0
F006,2024,9,Diabetes,36,0
F006,2024,9,Hypertension,38,0
F006,2024,9,Malnutrition,56,0
F006,2024,10,Malaria,181,0
F006,2024,10,Pneumonia,94,0
F006,2024,10,Diarrhoea,175,1
F006,2024,10,TB,11,0
F006,2024,10,HIV/AIDS,37,0
F006,2024,10,Typhoid,60,0
F006,2024,10,Anaemia,91,1
F006,2024,10,Diabetes,24,0
F006,2024,10,Hypertension,79,0
F006,2024,10,Malnutrition,62,0
F006,2024,11,Malaria,254,1
F006,2024,11,Pneumonia,72,0
F006,2024,11,Diarrhoea,179,2
F006,2024,11,TB,18,0
F006,2024,11,HIV/AIDS,31,0
F006,2024,11,Typhoid,70,0
F006,2024,11,Anaemia,45,0
F006,2024,11,Diabetes,29,0
F006,2024,11,Hypertension,77,0
F006,2024,11,Malnutrition,52,0
F006,2024,12,Malaria,230,0
F006,2024,12,Pneumonia,92,0
F006,2024,12,Diarrhoea,153,1
F006,2024,12,TB,23,0
F006,2024,12,HIV/AIDS,30,0
F006,2024,12,Typhoid,42,0
F006,2024,12,Anaemia,71,0
F006,2024,12,Diabetes,43,0
F006,2024,12,Hypertension,42,0
F006,2024,12,Malnutrition,52,0
F007,2023,1,Malaria,45,0
F007,2023,1,Pneumonia,20,0
F007,2023,1,Diarrhoea,27,0
F007,2023,1,TB,2,0
F007,2023,1,HIV/AIDS,5,0
F007,2023,1,Typhoid,8,0
F007,2023,1,Anaemia,10,0
F007,2023,1,Diabetes,7,0
F007,2023,1,Hypertension,8,0
F007,2023,1,Malnutrition,8,0
F007,2023,2,Malaria,46,0
F007,2023,2,Pneumonia,12,0
F007,2023,2,Diarrhoea,21,0
F007,2023,2,TB,3,0
F007,2023,2,HIV/AIDS,4,0
F007,2023,2,Typhoid,8,0
F007,2023,2,Anaemia,16,0
F007,2023,2,Diabetes,4,0
F007,2023,2,Hypertension,7,0
F007,2023,2,Malnutrition,4,0
F007,2023,3,Malaria,29,0
F007,2023,3,Pneumonia,18,0
F007,2023,3,Diarrhoea,16,0
F007,2023,3,TB,2,0
F007,2023,3,HIV/AIDS,4,0
F007,2023,3,Typhoid,7,0
F007,2023,3,Anaemia,10,0
F007,2023,3,Diabetes,5,0
F007,2023,3,Hypertension,7,0
F007,2023,3,Malnutrition,5,0
F007,2023,4,Malaria,39,0
F007,2023,4,Pneumonia,12,0
F007,2023,4,Diarrhoea,19,0
F007,2023,4,TB,2,0
F007,2023,4,HIV/AIDS,4,0
F007,2023,4,Typhoid,9,0
F007,2023,4,Anaemia,15,0
F007,2023,4,Diabetes,5,0
F007,2023,4,Hypertension,8,0
F007,2023,4,Malnutrition,8,0
F007,2023,5,Malaria,26,0
F007,2023,5,Pneumonia,19,0
F007,2023,5,Diarrhoea,19,0
F007,2023,5,TB,2,0
F007,2023,5,HIV/AIDS,4,0
F007,2023,5,Typhoid,11,0
F007,2023,5,Anaemia,8,0
F007,2023,5,Diabetes,4,0
F007,2023,5,Hypertension,10,0
F007,2023,5,Malnutrition,8,0
F007,2023,6,Malaria,22,0
F007,2023,6,Pneumonia,23,0
F007,2023,6,Diarrhoea,28,0
F007,2023,6,TB,2,0
F007,2023,6,HIV/AIDS,2,0
F007,2023,6,Typhoid,8,0
F007,2023,6,Anaemia,7,0
F007,2023,6,Diabetes,4,0
F007,2023,6,Hypertension,10,0
F007,2023,6,Malnutrition,9,0
F007,2023,7,Malaria,44,0
F007,2023,7,Pneumonia,17,0
F007,2023,7,Diarrhoea,24,0
F007,2023,7,TB,2,0
F007,2023,7,HIV/AIDS,5,0
F007,2023,7,Typhoid,7,0
F007,2023,7,Anaemia,13,0
F007,2023,7,Diabetes,7,0
F007,2023,7,Hypertension,8,0
F007,2023,7,Malnutrition,8,0
F007,2023,8,Malaria,33,0
F007,2023,8,Pneumonia,25,0
F007,2023,8,Diarrhoea,14,0
F007,2023,8,TB,3,0
F007,2023,8,HIV/AIDS,3,0
F007,2023,8,Typhoid,12,0
F007,2023,8,Anaemia,8,0
F007,2023,8,Diabetes,6,0
F007,2023,8,Hypertension,13,0
F007,2023,8,Malnutrition,9,0
F007,2023,9,Malaria,47,0
F007,2023,9,Pneumonia,15,0
F007,2023,9,Diarrhoea,32,0
F007,2023,9,TB,2,0
F007,2023,9,HIV/AIDS,5,0
F007,2023,9,Typhoid,6,0
F007,2023,9,Anaemia,12,0
F007,2023,9,Diabetes,5,0
F007,2023,9,Hypertension,6,0
F007,2023,9,Malnutrition,5,0
F007,2023,10,Malaria,36,0
F007,2023,10,Pneumonia,18,0
F007,2023,10,Diarrhoea,23,0
F007,2023,10,TB,2,0
F007,2023,10,HIV/AIDS,3,0
F007,2023,10,Typhoid,6,0
F007,2023,10,Anaemia,7,0
F007,2023,10,Diabetes,7,0
F007,2023,10,Hypertension,7,0
F007,2023,10,Malnutrition,9,0
F007,2023,11,Malaria,49,0
F007,2023,11,Pneumonia,24,0
F007,2023,11,Diarrhoea,17,0
F007,2023,11,TB,2,0
F007,2023,11,HIV/AIDS,3,0
F007,2023,11,Typhoid,12,0
F007,2023,11,Anaemia,13,0
F007,2023,11,Diabetes,5,0
F007,2023,11,Hypertension,13,0
F007,2023,11,Malnutrition,8,0
F007,2023,12,Malaria,34,0
F007,2023,12,Pneumonia,22,0
F007,2023,12,Diarrhoea,29,0
F007,2023,12,TB,2,0
F007,2023,12,HIV/AIDS,3,0
F007,2023,12,Typhoid,12,0
F007,2023,12,Anaemia,8,0
F007,2023,12,Diabetes,7,0
F007,2023,12,Hypertension,10,0
F007,2023,12,Malnutrition,7,0
F007,2024,1,Malaria,31,0
F007,2024,1,Pneumonia,17,0
F007,2024,1,Diarrhoea,23,0
F007,2024,1,TB,1,0
F007,2024,1,HIV/AIDS,3,0
F007,2024,1,Typhoid,11,0
F007,2024,1,Anaemia,12,0
F007,2024,1,Diabetes,6,0
F007,2024,1,Hypertension,13,0
F007,2024,1,Malnutrition,9,0
F007,2024,2,Malaria,40,0
F007,2024,2,Pneumonia,21,0
F007,2024,2,Diarrhoea,30,0
F007,2024,2,TB,2,0
F007,2024,2,HIV/AIDS,3,0
F007,2024,2,Typhoid,11,0
F007,2024,2,Anaemia,13,0
F007,2024,2,Diabetes,4,0
F007,2024,2,Hypertension,10,0
F007,2024,2,Malnutrition,8,0
F007,2024,3,Malaria,37,0
F007,2024,3,Pneumonia,12,0
F007,2024,3,Diarrhoea,26,0
F007,2024,3,TB,3,0
F007,2024,3,HIV/AIDS,6,0
F007,2024,3,Typhoid,9,0
F007,2024,3,Anaemia,7,0
F007,2024,3,Diabetes,7,0
F007,2024,3,Hypertension,8,0
F007,2024,3,Malnutrition,4,0
F007,2024,4,Malaria,32,0
F007,2024,4,Pneumonia,15,0
F007,2024,4,Diarrhoea,17,0
F007,2024,4,TB,3,0
F007,2024,4,HIV/AIDS,4,0
F007,2024,4,Typhoid,10,0
F007,2024,4,Anaemia,8,0
F007,2024,4,Diabetes,4,0
F007,2024,4,Hypertension,8,0
F007,2024,4,Malnutrition,8,0
F007,2024,5,Malaria,35,0
F007,2024,5,Pneumonia,12,0
F007,2024,5,Diarrhoea,21,0
F007,2024,5,TB,2,0
F007,2024,5,HIV/AIDS,4,0
F007,2024,5,Typhoid,6,0
F007,2024,5,Anaemia,8,0
F007,2024,5,Diabetes,6,0
F007,2024,5,Hypertension,11,0
F007,2024,5,Malnutrition,7,0
F007,2024,6,Malaria,31,0
F007,2024,6,Pneumonia,23,0
F007,2024,6,Diarrhoea,14,0
F007,2024,6,TB,3,0
F007,2024,6,HIV/AIDS,3,0
F007,2024,6,Typhoid,9,0
F007,2024,6,Anaemia,8,0
F007,2024,6,Diabetes,6,0
F007,2024,6,Hypertension,10,0
F007,2024,6,Malnutrition,5,0
F007,2024,7,Malaria,40,0
F007,2024,7,Pneumonia,11,0
F007,2024,7,Diarrhoea,23,0
F007,2024,7,TB,3,0
F007,2024,7,HIV/AIDS,5,0
F007,2024,7,Typhoid,10,0
F007,2024,7,Anaemia,13,0
F007,2024,7,Diabetes,6,0
F007,2024,7,Hypertension,13,0
F007,2024,7,Malnutrition,4,0
F007,2024,8,Malaria,28,0
F007,2024,8,Pneumonia,17,0
F007,2024,8,Diarrhoea,20,0
F007,2024,8,TB,3,0
F007,2024,8,HIV/AIDS,5,0
F007,2024,8,Typhoid,11,0
F007,2024,8,Anaemia,10,0
F007,2024,8,Diabetes,8,0
F007,2024,8,Hypertension,8,0
F007,2024,8,Malnutrition,8,0
F007,2024,9,Malaria,32,0
F007,2024,9,Pneumonia,11,0
F007,2024,9,Diarrhoea,16,0
F007,2024,9,TB,2,0
F007,2024,9,HIV/AIDS,4,0
F007,2024,9,Typhoid,8,0
F007,2024,9,Anaemia,9,0
F007,2024,9,Diabetes,5,0
F007,2024,9,Hypertension,12,0
F007,2024,9,Malnutrition,4,0
F007,2024,10,Malaria,24,0
F007,2024,10,Pneumonia,12,0
F007,2024,10,Diarrhoea,29,0
F007,2024,10,TB,3,0
F007,2024,10,HIV/AIDS,5,0
F007,2024,10,Typhoid,10,0
F007,2024,10,Anaemia,9,0
F007,2024,10,Diabetes,7,0
F007,2024,10,Hypertension,9,0
F007,2024,10,Malnutrition,9,0
F007,2024,11,Malaria,34,0
F007,2024,11,Pneumonia,23,0
F007,2024,11,Diarrhoea,16,0
F007,2024,11,TB,2,0
F007,2024,11,HIV/AIDS,2,0
F007,2024,11,Typhoid,5,0
F007,2024,11,Anaemia,9,0
F007,2024,11,Diabetes,5,0
F007,2024,11,Hypertension,13,0
F007,2024,11,Malnutrition,6,0
F007,2024,12,Malaria,28,0
F007,2024,12,Pneumonia,19,0
F007,2024,12,Diarrhoea,26,0
F007,2024,12,TB,3,0
F007,2024,12,HIV/AIDS,6,0
F007,2024,12,Typhoid,10,0
F007,2024,12,Anaemia,11,0
F007,2024,12,Diabetes,7,0
F007,2024,12,Hypertension,8,0
F007,2024,12,Malnutrition,6,0
F008,2023,1,Malaria,478,0
F008,2023,1,Pneumonia,179,2
F008,2023,1,Diarrhoea,252,2
F008,2023,1,TB,38,0
F008,2023,1,HIV/AIDS,39,0
F008,2023,1,Typhoid,83,0
F008,2023,1,Anaemia,161,2
F008,2023,1,Diabetes,58,0
F008,2023,1,Hypertension,123,0
F008,2023,1,Malnutrition,74,0
F008,2023,2,Malaria,316,2
F008,2023,2,Pneumonia,220,2
F008,2023,2,Diarrhoea,187,2
F008,2023,2,TB,18,0
F008,2023,2,HIV/AIDS,34,0
F008,2023,2,Typhoid,81,0
F008,2023,2,Anaemia,73,0
F008,2023,2,Diabetes,54,0
F008,2023,2,Hypertension,73,0
F008,2023,2,Malnutrition,77,0
F008,2023,3,Malaria,249,2
F008,2023,3,Pneumonia,238,1
F008,2023,3,Diarrhoea,209,2
F008,2023,3,TB,23,0
F008,2023,3,HIV/AIDS,27,0
F008,2023,3,Typhoid,108,1
F008,2023,3,Anaemia,123,0
F008,2023,3,Diabetes,74,0
F008,2023,3,Hypertension,83,0
F008,2023,3,Malnutrition,48,0
F008,2023,4,Malaria,297,1
F008,2023,4,Pneumonia,194,2
F008,2023,4,Diarrhoea,335,0
F008,2023,4,TB,27,0
F008,2023,4,HIV/AIDS,50,0
F008,2023,4,Typhoid,121,0
F008,2023,4,Anaemia,139,1
F008,2023,4,Diabetes,79,1
F008,2023,4,Hypertension,100,0
F008,2023,4,Malnutrition,67,0
F008,2023,5,Malaria,466,2
F008,2023,5,Pneumonia,236,1
F008,2023,5,Diarrhoea,247,0
F008,2023,5,TB,26,0
F008,2023,5,HIV/AIDS,61,0
F008,2023,5,Typhoid,59,0
F008,2023,5,Anaemia,152,1
F008,2023,5,Diabetes,50,0
F008,2023,5,Hypertension,73,0
F008,2023,5,Malnutrition,92,0
F008,2023,6,Malaria,283,2
F008,2023,6,Pneumonia,218,3
F008,2023,6,Diarrhoea,148,1
F008,2023,6,TB,24,0
F008,2023,6,HIV/AIDS,37,0
F008,2023,6,Typhoid,58,0
F008,2023,6,Anaemia,108,0
F008,2023,6,Diabetes,54,0
F008,2023,6,Hypertension,81,0
F008,2023,6,Malnutrition,84,0
F008,2023,7,Malaria,406,0
F008,2023,7,Pneumonia,217,3
F008,2023,7,Diarrhoea,318,3
F008,2023,7,TB,26,0
F008,2023,7,HIV/AIDS,36,0
F008,2023,7,Typhoid,69,0
F008,2023,7,Anaemia,141,1
F008,2023,7,Diabetes,77,0
F008,2023,7,Hypertension,140,1
F008,2023,7,Malnutrition,93,0
F008,2023,8,Malaria,490,6
F008,2023,8,Pneumonia,149,2
F008,2023,8,Diarrhoea,246,1
F008,2023,8,TB,35,0
F008,2023,8,HIV/AIDS,36,0
F008,2023,8,Typhoid,87,1
F008,2023,8,Anaemia,94,1
F008,2023,8,Diabetes,49,0
F008,2023,8,Hypertension,86,1
F008,2023,8,Malnutrition,91,0
F008,2023,9,Malaria,380,0
F008,2023,9,Pneumonia,147,0
F008,2023,9,Diarrhoea,192,1
F008,2023,9,TB,36,0
F008,2023,9,HIV/AIDS,38,0
F008,2023,9,Typhoid,114,1
F008,2023,9,Anaemia,114,0
F008,2023,9,Diabetes,36,0
F008,2023,9,Hypertension,93,0
F008,2023,9,Malnutrition,78,0
F008,2023,10,Malaria,382,0
F008,2023,10,Pneumonia,237,2
F008,2023,10,Diarrhoea,327,2
F008,2023,10,TB,24,0
F008,2023,10,HIV/AIDS,36,0
F008,2023,10,Typhoid,70,0
F008,2023,10,Anaemia,155,1
F008,2023,10,Diabetes,47,0
F008,2023,10,Hypertension,78,0
F008,2023,10,Malnutrition,71,0
F008,2023,11,Malaria,375,1
F008,2023,11,Pneumonia,245,3
F008,2023,11,Diarrhoea,331,0
F008,2023,11,TB,38,0
F008,2023,11,HIV/AIDS,46,0
F008,2023,11,Typhoid,70,0
F008,2023,11,Anaemia,120,0
F008,2023,11,Diabetes,39,0
F008,2023,11,Hypertension,110,1
F008,2023,11,Malnutrition,85,0
F008,2023,12,Malaria,338,1
F008,2023,12,Pneumonia,111,1
F008,2023,12,Diarrhoea,213,3
F008,2023,12,TB,39,0
F008,2023,12,HIV/AIDS,60,0
F008,2023,12,Typhoid,56,0
F008,2023,12,Anaemia,99,0
F008,2023,12,Diabetes,64,0
F008,2023,12,Hypertension,80,0
F008,2023,12,Malnutrition,87,0
F008,2024,1,Malaria,441,4
F008,2024,1,Pneumonia,243,1
F008,2024,1,Diarrhoea,255,2
F008,2024,1,TB,21,0
F008,2024,1,HIV/AIDS,50,0
F008,2024,1,Typhoid,123,1
F008,2024,1,Anaemia,126,1
F008,2024,1,Diabetes,66,0
F008,2024,1,Hypertension,108,0
F008,2024,1,Malnutrition,97,1
F008,2024,2,Malaria,390,3
F008,2024,2,Pneumonia,182,0
F008,2024,2,Diarrhoea,181,1
F008,2024,2,TB,39,0
F008,2024,2,HIV/AIDS,55,0
F008,2024,2,Typhoid,70,0
F008,2024,2,Anaemia,165,1
F008,2024,2,Diabetes,57,0
F008,2024,2,Hypertension,97,0
F008,2024,2,Malnutrition,78,0
F008,2024,3,Malaria,320,2
F008,2024,3,Pneumonia,141,1
F008,2024,3,Diarrhoea,188,2
F008,2024,3,TB,41,0
F008,2024,3,HIV/AIDS,35,0
F008,2024,3,Typhoid,102,1
F008,2024,3,Anaemia,130,1
F008,2024,3,Diabetes,52,0
F008,2024,3,Hypertension,97,0
F008,2024,3,Malnutrition,53,0
F008,2024,4,Malaria,469,1
F008,2024,4,Pneumonia,133,0
F008,2024,4,Diarrhoea,176,1
F008,2024,4,TB,36,0
F008,2024,4,HIV/AIDS,43,0
F008,2024,4,Typhoid,116,1
F008,2024,4,Anaemia,74,0
F008,2024,4,Diabetes,39,0
F008,2024,4,Hypertension,107,0
F008,2024,4,Malnutrition,70,0
F008,2024,5,Malaria,416,1
F008,2024,5,Pneumonia,150,0
F008,2024,5,Diarrhoea,302,1
F008,2024,5,TB,32,0
F008,2024,5,HIV/AIDS,52,0
F008,2024,5,Typhoid,120,1
F008,2024,5,Anaemia,159,1
F008,2024,5,Diabetes,71,0
F008,2024,5,Hypertension,126,1
F008,2024,5,Malnutrition,89,0
F008,2024,6,Malaria,385,4
F008,2024,6,Pneumonia,181,0
F008,2024,6,Diarrhoea,145,1
F008,2024,6,TB,34,0
F008,2024,6,HIV/AIDS,38,0
F008,2024,6,Typhoid,106,0
F008,2024,6,Anaemia,146,0
F008,2024,6,Diabetes,59,0
F008,2024,6,Hypertension,106,0
F008,2024,6,Malnutrition,75,1
F008,2024,7,Malaria,298,1
F008,2024,7,Pneumonia,217,3
F008,2024,7,Diarrhoea,152,2
F008,2024,7,TB,39,0
F008,2024,7,HIV/AIDS,42,0
F008,2024,7,Typhoid,117,0
F008,2024,7,Anaemia,105,0
F008,2024,7,Diabetes,49,0
F008,2024,7,Hypertension,81,0
F008,2024,7,Malnutrition,101,0
F008,2024,8,Malaria,390,0
F008,2024,8,Pneumonia,141,0
F008,2024,8,Diarrhoea,162,1
F008,2024,8,TB,30,0
F008,2024,8,HIV/AIDS,48,0
F008,2024,8,Typhoid,118,1
F008,2024,8,Anaemia,90,0
F008,2024,8,Diabetes,75,0
F008,2024,8,Hypertension,86,1
F008,2024,8,Malnutrition,70,0
F008,2024,9,Malaria,252,1
F008,2024,9,Pneumonia,240,2
F008,2024,9,Diarrhoea,320,0
F008,2024,9,TB,39,0
F008,2024,9,HIV/AIDS,30,0
F008,2024,9,Typhoid,74,0
F008,2024,9,Anaemia,164,2
F008,2024,9,Diabetes,71,0
F008,2024,9,Hypertension,69,0
F008,2024,9,Malnutrition,65,0
F008,2024,10,Malaria,427,4
F008,2024,10,Pneumonia,118,1
F008,2024,10,Diarrhoea,315,0
F008,2024,10,TB,20,0
F008,2024,10,HIV/AIDS,45,0
F008,2024,10,Typhoid,94,1
F008,2024,10,Anaemia,132,1
F008,2024,10,Diabetes,66,0
F008,2024,10,Hypertension,112,1
F008,2024,10,Malnutrition,58,0
F008,2024,11,Malaria,351,2
F008,2024,11,Pneumonia,134,1
F008,2024,11,Diarrhoea,169,1
F008,2024,11,TB,20,0
F008,2024,11,HIV/AIDS,53,0
F008,2024,11,Typhoid,85,0
F008,2024,11,Anaemia,130,1
F008,2024,11,Diabetes,37,0
F008,2024,11,Hypertension,114,1
F008,2024,11,Malnutrition,59,0
F008,2024,12,Malaria,368,5
F008,2024,12,Pneumonia,234,2
F008,2024,12,Diarrhoea,312,3
F008,2024,12,TB,29,0
F008,2024,12,HIV/AIDS,48,0
F008,2024,12,Typhoid,75,0
F008,2024,12,Anaemia,164,2
F008,2024,12,Diabetes,72,0
F008,2024,12,Hypertension,100,0
F008,2024,12,Malnutrition,70,0
F009,2023,1,Malaria,131,1
F009,2023,1,Pneumonia,42,0
F009,2023,1,Diarrhoea,44,0
F009,2023,1,TB,10,0
F009,2023,1,HIV/AIDS,12,0
F009,2023,1,Typhoid,14,0
F009,2023,1,Anaemia,24,0
F009,2023,1,Diabetes,14,0
F009,2023,1,Hypertension,24,0
F009,2023,1,Malnutrition,18,0
F009,2023,2,Malaria,90,0
F009,2023,2,Pneumonia,30,0
F009,2023,2,Diarrhoea,49,0
F009,2023,2,TB,5,0
F009,2023,2,HIV/AIDS,9,0
F009,2023,2,Typhoid,24,0
F009,2023,2,Anaemia,22,0
F009,2023,2,Diabetes,17,0
F009,2023,2,Hypertension,28,0
F009,2023,2,Malnutrition,12,0
F009,2023,3,Malaria,117,0
F009,2023,3,Pneumonia,42,0
F009,2023,3,Diarrhoea,41,0
F009,2023,3,TB,6,0
F009,2023,3,HIV/AIDS,16,0
F009,2023,3,Typhoid,21,0
F009,2023,3,Anaemia,26,0
F009,2023,3,Diabetes,14,0
F009,2023,3,Hypertension,29,0
F009,2023,3,Malnutrition,12,0
F009,2023,4,Malaria,115,0
F009,2023,4,Pneumonia,48,0
F009,2023,4,Diarrhoea,40,0
F009,2023,4,TB,4,0
F009,2023,4,HIV/AIDS,13,0
F009,2023,4,Typhoid,28,0
F009,2023,4,Anaemia,28,0
F009,2023,4,Diabetes,20,0
F009,2023,4,Hypertension,36,0
F009,2023,4,Malnutrition,20,0
F009,2023,5,Malaria,113,0
F009,2023,5,Pneumonia,57,0
F009,2023,5,Diarrhoea,85,0
F009,2023,5,TB,8,0
F009,2023,5,HIV/AIDS,15,0
F009,2023,5,Typhoid,29,0
F009,2023,5,Anaemia,38,0
F009,2023,5,Diabetes,15,0
F009,2023,5,Hypertension,38,0
F009,2023,5,Malnutrition,18,0
F009,2023,6,Malaria,74,0
F009,2023,6,Pneumonia,39,0
F009,2023,6,Diarrhoea,74,0
F009,2023,6,TB,7,0
F009,2023,6,HIV/AIDS,14,0
F009,2023,6,Typhoid,29,0
F009,2023,6,Anaemia,30,0
F009,2023,6,Diabetes,9,0
F009,2023,6,Hypertension,26,0
F009,2023,6,Malnutrition,13,0
F009,2023,7,Malaria,68,0
F009,2023,7,Pneumonia,32,0
F009,2023,7,Diarrhoea,49,0
F009,2023,7,TB,8,0
F009,2023,7,HIV/AIDS,11,0
F009,2023,7,Typhoid,24,0
F009,2023,7,Anaemia,38,0
F009,2023,7,Diabetes,15,0
F009,2023,7,Hypertension,33,0
F009,2023,7,Malnutrition,12,0
F009,2023,8,Malaria,103,1
F009,2023,8,Pneumonia,39,0
F009,2023,8,Diarrhoea,67,0
F009,2023,8,TB,7,0
F009,2023,8,HIV/AIDS,9,0
F009,2023,8,Typhoid,23,0
F009,2023,8,Anaemia,38,0
F009,2023,8,Diabetes,21,0
F009,2023,8,Hypertension,18,0
F009,2023,8,Malnutrition,12,0
F009,2023,9,Malaria,66,0
F009,2023,9,Pneumonia,62,0
F009,2023,9,Diarrhoea,83,0
F009,2023,9,TB,8,0
F009,2023,9,HIV/AIDS,8,0
F009,2023,9,Typhoid,22,0
F009,2023,9,Anaemia,22,0
F009,2023,9,Diabetes,18,0
F009,2023,9,Hypertension,22,0
F009,2023,9,Malnutrition,26,0
F009,2023,10,Malaria,70,0
F009,2023,10,Pneumonia,55,0
F009,2023,10,Diarrhoea,87,0
F009,2023,10,TB,8,0
F009,2023,10,HIV/AIDS,9,0
F009,2023,10,Typhoid,28,0
F009,2023,10,Anaemia,42,0
F009,2023,10,Diabetes,18,0
F009,2023,10,Hypertension,23,0
F009,2023,10,Malnutrition,19,0
F009,2023,11,Malaria,58,0
F009,2023,11,Pneumonia,36,0
F009,2023,11,Diarrhoea,61,0
F009,2023,11,TB,8,0
F009,2023,11,HIV/AIDS,7,0
F009,2023,11,Typhoid,31,0
F009,2023,11,Anaemia,19,0
F009,2023,11,Diabetes,13,0
F009,2023,11,Hypertension,26,0
F009,2023,11,Malnutrition,17,0
F009,2023,12,Malaria,129,1
F009,2023,12,Pneumonia,53,0
F009,2023,12,Diarrhoea,68,0
F009,2023,12,TB,6,0
F009,2023,12,HIV/AIDS,12,0
F009,2023,12,Typhoid,24,0
F009,2023,12,Anaemia,29,0
F009,2023,12,Diabetes,20,0
F009,2023,12,Hypertension,38,0
F009,2023,12,Malnutrition,21,0
F009,2024,1,Malaria,73,0
F009,2024,1,Pneumonia,37,0
F009,2024,1,Diarrhoea,85,0
F009,2024,1,TB,5,0
F009,2024,1,HIV/AIDS,7,0
F009,2024,1,Typhoid,33,0
F009,2024,1,Anaemia,39,0
F009,2024,1,Diabetes,15,0
F009,2024,1,Hypertension,33,0
F009,2024,1,Malnutrition,18,0
F009,2024,2,Malaria,111,0
F009,2024,2,Pneumonia,61,0
F009,2024,2,Diarrhoea,42,0
F009,2024,2,TB,6,0
F009,2024,2,HIV/AIDS,13,0
F009,2024,2,Typhoid,17,0
F009,2024,2,Anaemia,30,0
F009,2024,2,Diabetes,12,0
F009,2024,2,Hypertension,36,0
F009,2024,2,Malnutrition,14,0
F009,2024,3,Malaria,123,1
F009,2024,3,Pneumonia,42,0
F009,2024,3,Diarrhoea,69,0
F009,2024,3,TB,10,0
F009,2024,3,HIV/AIDS,10,0
F009,2024,3,Typhoid,33,0
F009,2024,3,Anaemia,28,0
F009,2024,3,Diabetes,17,0
F009,2024,3,Hypertension,37,0
F009,2024,3,Malnutrition,20,0
F009,2024,4,Malaria,78,0
F009,2024,4,Pneumonia,53,0
F009,2024,4,Diarrhoea,89,0
F009,2024,4,TB,6,0
F009,2024,4,HIV/AIDS,12,0
F009,2024,4,Typhoid,28,0
F009,2024,4,Anaemia,34,0
F009,2024,4,Diabetes,11,0
F009,2024,4,Hypertension,31,0
F009,2024,4,Malnutrition,13,0
F009,2024,5,Malaria,104,1
F009,2024,5,Pneumonia,55,0
F009,2024,5,Diarrhoea,81,0
F009,2024,5,TB,10,0
F009,2024,5,HIV/AIDS,11,0
F009,2024,5,Typhoid,20,0
F009,2024,5,Anaemia,26,0
F009,2024,5,Diabetes,17,0
F009,2024,5,Hypertension,24,0
F009,2024,5,Malnutrition,26,0
F009,2024,6,Malaria,70,1
F009,2024,6,Pneumonia,56,0
F009,2024,6,Diarrhoea,39,0
F009,2024,6,TB,7,0
F009,2024,6,HIV/AIDS,7,0
F009,2024,6,Typhoid,29,0
F009,2024,6,Anaemia,26,0
F009,2024,6,Diabetes,10,0
F009,2024,6,Hypertension,32,0
F009,2024,6,Malnutrition,22,0
F009,2024,7,Malaria,129,0
F009,2024,7,Pneumonia,50,0
F009,2024,7,Diarrhoea,62,0
F009,2024,7,TB,5,0
F009,2024,7,HIV/AIDS,8,0
F009,2024,7,Typhoid,17,0
F009,2024,7,Anaemia,27,0
F009,2024,7,Diabetes,9,0
F009,2024,7,Hypertension,17,0
F009,2024,7,Malnutrition,19,0
F009,2024,8,Malaria,130,0
F009,2024,8,Pneumonia,54,0
F009,2024,8,Diarrhoea,82,0
F009,2024,8,TB,9,0
F009,2024,8,HIV/AIDS,10,0
F009,2024,8,Typhoid,19,0
F009,2024,8,Anaemia,29,0
F009,2024,8,Diabetes,13,0
F009,2024,8,Hypertension,38,0
F009,2024,8,Malnutrition,19,0
F009,2024,9,Malaria,84,0
F009,2024,9,Pneumonia,58,0
F009,2024,9,Diarrhoea,80,0
F009,2024,9,TB,5,0
F009,2024,9,HIV/AIDS,12,0
F009,2024,9,Typhoid,25,0
F009,2024,9,Anaemia,30,0
F009,2024,9,Diabetes,18,0
F009,2024,9,Hypertension,24,0
F009,2024,9,Malnutrition,20,0
F009,2024,10,Malaria,78,0
F009,2024,10,Pneumonia,36,0
F009,2024,10,Diarrhoea,51,0
F009,2024,10,TB,8,0
F009,2024,10,HIV/AIDS,11,0
F009,2024,10,Typhoid,20,0
F009,2024,10,Anaemia,36,0
F009,2024,10,Diabetes,13,0
F009,2024,10,Hypertension,24,0
F009,2024,10,Malnutrition,14,0
F009,2024,11,Malaria,83,1
F009,2024,11,Pneumonia,35,0
F009,2024,11,Diarrhoea,46,0
F009,2024,11,TB,9,0
F009,2024,11,HIV/AIDS,13,0
F009,2024,11,Typhoid,27,0
F009,2024,11,Anaemia,31,0
F009,2024,11,Diabetes,18,0
F009,2024,11,Hypertension,27,0
F009,2024,11,Malnutrition,12,0
F009,2024,12,Malaria,75,1
F009,2024,12,Pneumonia,64,0
F009,2024,12,Diarrhoea,60,0
F009,2024,12,TB,8,0
F009,2024,12,HIV/AIDS,8,0
F009,2024,12,Typhoid,20,0
F009,2024,12,Anaemia,37,0
F009,2024,12,Diabetes,21,0
F009,2024,12,Hypertension,19,0
F009,2024,12,Malnutrition,24,0
F010,2023,1,Malaria,64,0
F010,2023,1,Pneumonia,34,0
F010,2023,1,Diarrhoea,58,0
F010,2023,1,TB,9,0
F010,2023,1,HIV/AIDS,8,0
F010,2023,1,Typhoid,17,0
F010,2023,1,Anaemia,30,0
F010,2023,1,Diabetes,11,0
F010,2023,1,Hypertension,34,0
F010,2023,1,Malnutrition,14,0
F010,2023,2,Malaria,99,0
F010,2023,2,Pneumonia,36,0
F010,2023,2,Diarrhoea,57,0
F010,2023,2,TB,6,0
F010,2023,2,HIV/AIDS,10,0
F010,2023,2,Typhoid,32,0
F010,2023,2,Anaemia,27,0
F010,2023,2,Diabetes,18,0
F010,2023,2,Hypertension,30,0
F010,2023,2,Malnutrition,17,0
F010,2023,3,Malaria,132,0
F010,2023,3,Pneumonia,62,0
F010,2023,3,Diarrhoea,50,0
F010,2023,3,TB,8,0
F010,2023,3,HIV/AIDS,12,0
F010,2023,3,Typhoid,15,0
F010,2023,3,Anaemia,31,0
F010,2023,3,Diabetes,13,0
F010,2023,3,Hypertension,25,0
F010,2023,3,Malnutrition,14,0
F010,2023,4,Malaria,109,0
F010,2023,4,Pneumonia,38,0
F010,2023,4,Diarrhoea,47,0
F010,2023,4,TB,8,0
F010,2023,4,HIV/AIDS,14,0
F010,2023,4,Typhoid,28,0
F010,2023,4,Anaemia,29,0
F010,2023,4,Diabetes,11,0
F010,2023,4,Hypertension,28,0
F010,2023,4,Malnutrition,12,0
F010,2023,5,Malaria,109,0
F010,2023,5,Pneumonia,30,0
F010,2023,5,Diarrhoea,76,0
F010,2023,5,TB,9,0
F010,2023,5,HIV/AIDS,12,0
F010,2023,5,Typhoid,28,0
F010,2023,5,Anaemia,44,0
F010,2023,5,Diabetes,11,0
F010,2023,5,Hypertension,33,0
F010,2023,5,Malnutrition,13,0
F010,2023,6,Malaria,130,1
F010,2023,6,Pneumonia,38,0
F010,2023,6,Diarrhoea,69,0
F010,2023,6,TB,7,0
F010,2023,6,HIV/AIDS,7,0
F010,2023,6,Typhoid,23,0
F010,2023,6,Anaemia,34,0
F010,2023,6,Diabetes,15,0
F010,2023,6,Hypertension,33,0
F010,2023,6,Malnutrition,16,0
F010,2023,7,Malaria,89,0
F010,2023,7,Pneumonia,40,0
F010,2023,7,Diarrhoea,44,0
F010,2023,7,TB,8,0
F010,2023,7,HIV/AIDS,8,0
F010,2023,7,Typhoid,16,0
F010,2023,7,Anaemia,31,0
F010,2023,7,Diabetes,14,0
F010,2023,7,Hypertension,30,0
F010,2023,7,Malnutrition,26,0
F010,2023,8,Malaria,120,1
F010,2023,8,Pneumonia,30,0
F010,2023,8,Diarrhoea,40,0
F010,2023,8,TB,9,0
F010,2023,8,HIV/AIDS,8,0
F010,2023,8,Typhoid,28,0
F010,2023,8,Anaemia,35,0
F010,2023,8,Diabetes,14,0
F010,2023,8,Hypertension,33,0
F010,2023,8,Malnutrition,23,0
F010,2023,9,Malaria,127,1
F010,2023,9,Pneumonia,59,0
F010,2023,9,Diarrhoea,89,0
F010,2023,9,TB,8,0
F010,2023,9,HIV/AIDS,13,0
F010,2023,9,Typhoid,25,0
F010,2023,9,Anaemia,43,0
F010,2023,9,Diabetes,18,0
F010,2023,9,Hypertension,28,0
F010,2023,9,Malnutrition,18,0
F010,2023,10,Malaria,79,0
F010,2023,10,Pneumonia,36,0
F010,2023,10,Diarrhoea,72,0
F010,2023,10,TB,7,0
F010,2023,10,HIV/AIDS,13,0
F010,2023,10,Typhoid,18,0
F010,2023,10,Anaemia,24,0
F010,2023,10,Diabetes,18,0
F010,2023,10,Hypertension,27,0
F010,2023,10,Malnutrition,21,0
F010,2023,11,Malaria,94,0
F010,2023,11,Pneumonia,41,0
F010,2023,11,Diarrhoea,80,0
F010,2023,11,TB,10,0
F010,2023,11,HIV/AIDS,12,0
F010,2023,11,Typhoid,21,0
F010,2023,11,Anaemia,36,0
F010,2023,11,Diabetes,10,0
F010,2023,11,Hypertension,38,0
F010,2023,11,Malnutrition,23,0
F010,2023,12,Malaria,80,0
F010,2023,12,Pneumonia,46,0
F010,2023,12,Diarrhoea,46,0
F010,2023,12,TB,8,0
F010,2023,12,HIV/AIDS,11,0
F010,2023,12,Typhoid,28,0
F010,2023,12,Anaemia,38,0
F010,2023,12,Diabetes,14,0
F010,2023,12,Hypertension,25,0
F010,2023,12,Malnutrition,13,0
F010,2024,1,Malaria,73,0
F010,2024,1,Pneumonia,39,0
F010,2024,1,Diarrhoea,77,1
F010,2024,1,TB,11,0
F010,2024,1,HIV/AIDS,10,0
F010,2024,1,Typhoid,31,0
F010,2024,1,Anaemia,38,0
F010,2024,1,Diabetes,18,0
F010,2024,1,Hypertension,30,0
F010,2024,1,Malnutrition,20,0
F010,2024,2,Malaria,74,0
F010,2024,2,Pneumonia,57,0
F010,2024,2,Diarrhoea,85,0
F010,2024,2,TB,10,0
F010,2024,2,HIV/AIDS,7,0
F010,2024,2,Typhoid,29,0
F010,2024,2,Anaemia,36,0
F010,2024,2,Diabetes,17,0
F010,2024,2,Hypertension,26,0
F010,2024,2,Malnutrition,12,0
F010,2024,3,Malaria,104,0
F010,2024,3,Pneumonia,31,0
F010,2024,3,Diarrhoea,59,0
F010,2024,3,TB,8,0
F010,2024,3,HIV/AIDS,13,0
F010,2024,3,Typhoid,32,0
F010,2024,3,Anaemia,34,0
F010,2024,3,Diabetes,14,0
F010,2024,3,Hypertension,21,0
F010,2024,3,Malnutrition,19,0
F010,2024,4,Malaria,75,0
F010,2024,4,Pneumonia,56,0
F010,2024,4,Diarrhoea,45,0
F010,2024,4,TB,4,0
F010,2024,4,HIV/AIDS,11,0
F010,2024,4,Typhoid,22,0
F010,2024,4,Anaemia,23,0
F010,2024,4,Diabetes,17,0
F010,2024,4,Hypertension,35,0
F010,2024,4,Malnutrition,26,0
F010,2024,5,Malaria,113,0
F010,2024,5,Pneumonia,57,0
F010,2024,5,Diarrhoea,59,0
F010,2024,5,TB,7,0
F010,2024,5,HIV/AIDS,14,0
F010,2024,5,Typhoid,31,0
F010,2024,5,Anaemia,37,0
F010,2024,5,Diabetes,22,0
F010,2024,5,Hypertension,26,0
F010,2024,5,Malnutrition,12,0
F010,2024,6,Malaria,121,1
F010,2024,6,Pneumonia,30,0
F010,2024,6,Diarrhoea,85,0
F010,2024,6,TB,7,0
F010,2024,6,HIV/AIDS,8,0
F010,2024,6,Typhoid,28,0
F010,2024,6,Anaemia,39,0
F010,2024,6,Diabetes,14,0
F010,2024,6,Hypertension,19,0
F010,2024,6,Malnutrition,19,0
F010,2024,7,Malaria,82,0
F010,2024,7,Pneumonia,46,0
F010,2024,7,Diarrhoea,76,0
F010,2024,7,TB,6,0
F010,2024,7,HIV/AIDS,10,0
F010,2024,7,Typhoid,19,0
F010,2024,7,Anaemia,20,0
F010,2024,7,Diabetes,16,0
F010,2024,7,Hypertension,36,0
F010,2024,7,Malnutrition,23,0
F010,2024,8,Malaria,112,1
F010,2024,8,Pneumonia,40,0
F010,2024,8,Diarrhoea,72,0
F010,2024,8,TB,9,0
F010,2024,8,HIV/AIDS,13,0
F010,2024,8,Typhoid,19,0
F010,2024,8,Anaemia,40,0
F010,2024,8,Diabetes,11,0
F010,2024,8,Hypertension,24,0
F010,2024,8,Malnutrition,25,0
F010,2024,9,Malaria,94,1
F010,2024,9,Pneumonia,66,0
F010,2024,9,Diarrhoea,68,0
F010,2024,9,TB,8,0
F010,2024,9,HIV/AIDS,16,0
F010,2024,9,Typhoid,31,0
F010,2024,9,Anaemia,31,0
F010,2024,9,Diabetes,18,0
F010,2024,9,Hypertension,21,0
F010,2024,9,Malnutrition,14,0
F010,2024,10,Malaria,113,0
F010,2024,10,Pneumonia,36,0
F010,2024,10,Diarrhoea,67,0
F010,2024,10,TB,4,0
F010,2024,10,HIV/AIDS,15,0
F010,2024,10,Typhoid,31,0
F010,2024,10,Anaemia,28,0
F010,2024,10,Diabetes,17,0
F010,2024,10,Hypertension,28,0
F010,2024,10,Malnutrition,27,0
F010,2024,11,Malaria,98,0
F010,2024,11,Pneumonia,59,0
F010,2024,11,Diarrhoea,65,0
F010,2024,11,TB,9,0
F010,2024,11,HIV/AIDS,16,0
F010,2024,11,Typhoid,18,0
F010,2024,11,Anaemia,23,0
F010,2024,11,Diabetes,13,0
F010,2024,11,Hypertension,33,0
F010,2024,11,Malnutrition,26,0
F010,2024,12,Malaria,67,0
F010,2024,12,Pneumonia,36,0
F010,2024,12,Diarrhoea,77,0
F010,2024,12,TB,5,0
F010,2024,12,HIV/AIDS,7,0
F010,2024,12,Typhoid,15,0
F010,2024,12,Anaemia,30,0
F010,2024,12,Diabetes,10,0
F010,2024,12,Hypertension,30,0
F010,2024,12,Malnutrition,12,0
F011,2023,1,Malaria,47,0
F011,2023,1,Pneumonia,17,0
F011,2023,1,Diarrhoea,25,0
F011,2023,1,TB,3,0
F011,2023,1,HIV/AIDS,3,0
F011,2023,1,Typhoid,7,0
F011,2023,1,Anaemia,10,0
F011,2023,1,Diabetes,4,0
F011,2023,1,Hypertension,8,0
F011,2023,1,Malnutrition,6,0
F011,2023,2,Malaria,36,0
F011,2023,2,Pneumonia,12,0
F011,2023,2,Diarrhoea,17,0
F011,2023,2,TB,3,0
F011,2023,2,HIV/AIDS,4,0
F011,2023,2,Typhoid,10,0
F011,2023,2,Anaemia,8,0
F011,2023,2,Diabetes,5,0
F011,2023,2,Hypertension,13,0
F011,2023,2,Malnutrition,5,0
F011,2023,3,Malaria,30,0
F011,2023,3,Pneumonia,21,0
F011,2023,3,Diarrhoea,27,0
F011,2023,3,TB,2,0
F011,2023,3,HIV/AIDS,3,0
F011,2023,3,Typhoid,8,0
F011,2023,3,Anaemia,8,0
F011,2023,3,Diabetes,5,0
F011,2023,3,Hypertension,10,0
F011,2023,3,Malnutrition,7,0
F011,2023,4,Malaria,28,0
F011,2023,4,Pneumonia,24,0
F011,2023,4,Diarrhoea,21,0
F011,2023,4,TB,3,0
F011,2023,4,HIV/AIDS,3,0
F011,2023,4,Typhoid,9,0
F011,2023,4,Anaemia,7,0
F011,2023,4,Diabetes,3,0
F011,2023,4,Hypertension,11,0
F011,2023,4,Malnutrition,7,0
F011,2023,5,Malaria,45,0
F011,2023,5,Pneumonia,20,0
F011,2023,5,Diarrhoea,30,0
F011,2023,5,TB,2,0
F011,2023,5,HIV/AIDS,4,0
F011,2023,5,Typhoid,11,0
F011,2023,5,Anaemia,11,0
F011,2023,5,Diabetes,3,0
F011,2023,5,Hypertension,12,0
F011,2023,5,Malnutrition,8,0
F011,2023,6,Malaria,48,0
F011,2023,6,Pneumonia,16,0
F011,2023,6,Diarrhoea,27,0
F011,2023,6,TB,4,0
F011,2023,6,HIV/AIDS,2,0
F011,2023,6,Typhoid,7,0
F011,2023,6,Anaemia,11,0
F011,2023,6,Diabetes,5,0
F011,2023,6,Hypertension,6,0
F011,2023,6,Malnutrition,8,0
F011,2023,7,Malaria,46,0
F011,2023,7,Pneumonia,19,0
F011,2023,7,Diarrhoea,22,0
F011,2023,7,TB,3,0
F011,2023,7,HIV/AIDS,4,0
F011,2023,7,Typhoid,10,0
F011,2023,7,Anaemia,14,0
F011,2023,7,Diabetes,6,0
F011,2023,7,Hypertension,14,0
F011,2023,7,Malnutrition,9,0
F011,2023,8,Malaria,27,0
F011,2023,8,Pneumonia,14,0
F011,2023,8,Diarrhoea,18,0
F011,2023,8,TB,2,0
F011,2023,8,HIV/AIDS,6,0
F011,2023,8,Typhoid,10,0
F011,2023,8,Anaemia,14,0
F011,2023,8,Diabetes,7,0
F011,2023,8,Hypertension,14,0
F011,2023,8,Malnutrition,7,0
F011,2023,9,Malaria,49,0
F011,2023,9,Pneumonia,15,0
F011,2023,9,Diarrhoea,19,0
F011,2023,9,TB,1,0
F011,2023,9,HIV/AIDS,3,0
F011,2023,9,Typhoid,6,0
F011,2023,9,Anaemia,12,0
F011,2023,9,Diabetes,6,0
F011,2023,9,Hypertension,11,0
F011,2023,9,Malnutrition,4,0
F011,2023,10,Malaria,45,0
F011,2023,10,Pneumonia,23,0
F011,2023,10,Diarrhoea,17,0
F011,2023,10,TB,2,0
F011,2023,10,HIV/AIDS,4,0
F011,2023,10,Typhoid,10,0
F011,2023,10,Anaemia,15,0
F011,2023,10,Diabetes,5,0
F011,2023,10,Hypertension,9,0
F011,2023,10,Malnutrition,6,0
F011,2023,11,Malaria,46,0
F011,2023,11,Pneumonia,21,0
F011,2023,11,Diarrhoea,26,0
F011,2023,11,TB,3,0
F011,2023,11,HIV/AIDS,5,0
F011,2023,11,Typhoid,9,0
F011,2023,11,Anaemia,8,0
F011,2023,11,Diabetes,4,0
F011,2023,11,Hypertension,14,0
F011,2023,11,Malnutrition,5,0
F011,2023,12,Malaria,23,0
F011,2023,12,Pneumonia,24,0
F011,2023,12,Diarrhoea,18,0
F011,2023,12,TB,4,0
F011,2023,12,HIV/AIDS,6,0
F011,2023,12,Typhoid,5,0
F011,2023,12,Anaemia,16,0
F011,2023,12,Diabetes,8,0
F011,2023,12,Hypertension,13,0
F011,2023,12,Malnutrition,5,0
F011,2024,1,Malaria,34,0
F011,2024,1,Pneumonia,21,0
F011,2024,1,Diarrhoea,16,0
F011,2024,1,TB,3,0
F011,2024,1,HIV/AIDS,4,0
F011,2024,1,Typhoid,6,0
F011,2024,1,Anaemia,14,0
F011,2024,1,Diabetes,8,0
F011,2024,1,Hypertension,8,0
F011,2024,1,Malnutrition,7,0
F011,2024,2,Malaria,36,0
F011,2024,2,Pneumonia,11,0
F011,2024,2,Diarrhoea,22,0
F011,2024,2,TB,2,0
F011,2024,2,HIV/AIDS,3,0
F011,2024,2,Typhoid,12,0
F011,2024,2,Anaemia,9,0
F011,2024,2,Diabetes,6,0
F011,2024,2,Hypertension,13,0
F011,2024,2,Malnutrition,10,0
F011,2024,3,Malaria,47,0
F011,2024,3,Pneumonia,23,0
F011,2024,3,Diarrhoea,14,0
F011,2024,3,TB,2,0
F011,2024,3,HIV/AIDS,2,0
F011,2024,3,Typhoid,6,0
F011,2024,3,Anaemia,10,0
F011,2024,3,Diabetes,7,0
F011,2024,3,Hypertension,7,0
F011,2024,3,Malnutrition,5,0
F011,2024,4,Malaria,40,0
F011,2024,4,Pneumonia,24,0
F011,2024,4,Diarrhoea,14,0
F011,2024,4,TB,2,0
F011,2024,4,HIV/AIDS,5,0
F011,2024,4,Typhoid,5,0
F011,2024,4,Anaemia,7,0
F011,2024,4,Diabetes,7,0
F011,2024,4,Hypertension,9,0
F011,2024,4,Malnutrition,9,0
F011,2024,5,Malaria,26,0
F011,2024,5,Pneumonia,15,0
F011,2024,5,Diarrhoea,22,0
F011,2024,5,TB,4,0
F011,2024,5,HIV/AIDS,4,0
F011,2024,5,Typhoid,8,0
F011,2024,5,Anaemia,14,0
F011,2024,5,Diabetes,5,0
F011,2024,5,Hypertension,8,0
F011,2024,5,Malnutrition,7,0
F011,2024,6,Malaria,40,0
F011,2024,6,Pneumonia,17,0
F011,2024,6,Diarrhoea,25,0
F011,2024,6,TB,3,0
F011,2024,6,HIV/AIDS,3,0
F011,2024,6,Typhoid,10,0
F011,2024,6,Anaemia,9,0
F011,2024,6,Diabetes,4,0
F011,2024,6,Hypertension,12,0
F011,2024,6,Malnutrition,8,0
F011,2024,7,Malaria,38,0
F011,2024,7,Pneumonia,25,0
F011,2024,7,Diarrhoea,31,0
F011,2024,7,TB,2,0
F011,2024,7,HIV/AIDS,5,0
F011,2024,7,Typhoid,10,0
F011,2024,7,Anaemia,13,0
F011,2024,7,Diabetes,8,0
F011,2024,7,Hypertension,11,0
F011,2024,7,Malnutrition,5,0
F011,2024,8,Malaria,21,0
F011,2024,8,Pneumonia,23,0
F011,2024,8,Diarrhoea,31,0
F011,2024,8,TB,2,0
F011,2024,8,HIV/AIDS,4,0
F011,2024,8,Typhoid,8,0
F011,2024,8,Anaemia,13,0
F011,2024,8,Diabetes,5,0
F011,2024,8,Hypertension,7,0
F011,2024,8,Malnutrition,9,0
F011,2024,9,Malaria,34,0
F011,2024,9,Pneumonia,23,0
F011,2024,9,Diarrhoea,19,0
F011,2024,9,TB,2,0
F011,2024,9,HIV/AIDS,4,0
F011,2024,9,Typhoid,12,0
F011,2024,9,Anaemia,8,0
F011,2024,9,Diabetes,4,0
F011,2024,9,Hypertension,10,0
F011,2024,9,Malnutrition,10,0
F011,2024,10,Malaria,49,0
F011,2024,10,Pneumonia,22,0
F011,2024,10,Diarrhoea,24,0
F011,2024,10,TB,3,0
F011,2024,10,HIV/AIDS,3,0
F011,2024,10,Typhoid,9,0
F011,2024,10,Anaemia,12,0
F011,2024,10,Diabetes,3,0
F011,2024,10,Hypertension,10,0
F011,2024,10,Malnutrition,10,0
F011,2024,11,Malaria,26,0
F011,2024,11,Pneumonia,19,0
F011,2024,11,Diarrhoea,18,0
F011,2024,11,TB,3,0
F011,2024,11,HIV/AIDS,6,0
F011,2024,11,Typhoid,6,0
F011,2024,11,Anaemia,16,0
F011,2024,11,Diabetes,5,0
F011,2024,11,Hypertension,9,0
F011,2024,11,Malnutrition,6,0
F011,2024,12,Malaria,30,0
F011,2024,12,Pneumonia,21,0
F011,2024,12,Diarrhoea,18,0
F011,2024,12,TB,3,0
F011,2024,12,HIV/AIDS,5,0
F011,2024,12,Typhoid,8,0
F011,2024,12,Anaemia,16,0
F011,2024,12,Diabetes,8,0
F011,2024,12,Hypertension,7,0
F011,2024,12,Malnutrition,8,0
F012,2023,1,Malaria,84,0
F012,2023,1,Pneumonia,65,0
F012,2023,1,Diarrhoea,58,0
F012,2023,1,TB,8,0
F012,2023,1,HIV/AIDS,9,0
F012,2023,1,Typhoid,19,0
F012,2023,1,Anaemia,35,0
F012,2023,1,Diabetes,16,0
F012,2023,1,Hypertension,30,0
F012,2023,1,Malnutrition,19,0
F012,2023,2,Malaria,99,0
F012,2023,2,Pneumonia,34,0
F012,2023,2,Diarrhoea,77,0
F012,2023,2,TB,10,0
F012,2023,2,HIV/AIDS,7,0
F012,2023,2,Typhoid,19,0
F012,2023,2,Anaemia,30,0
F012,2023,2,Diabetes,18,0
F012,2023,2,Hypertension,27,0
F012,2023,2,Malnutrition,20,0
F012,2023,3,Malaria,113,1
F012,2023,3,Pneumonia,62,0
F012,2023,3,Diarrhoea,81,0
F012,2023,3,TB,9,0
F012,2023,3,HIV/AIDS,7,0
F012,2023,3,Typhoid,29,0
F012,2023,3,Anaemia,37,0
F012,2023,3,Diabetes,17,0
F012,2023,3,Hypertension,31,0
F012,2023,3,Malnutrition,17,0
F012,2023,4,Malaria,112,0
F012,2023,4,Pneumonia,51,0
F012,2023,4,Diarrhoea,60,0
F012,2023,4,TB,11,0
F012,2023,4,HIV/AIDS,11,0
F012,2023,4,Typhoid,25,0
F012,2023,4,Anaemia,41,0
F012,2023,4,Diabetes,10,0
F012,2023,4,Hypertension,35,0
F012,2023,4,Malnutrition,13,0
F012,2023,5,Malaria,131,0
F012,2023,5,Pneumonia,51,0
F012,2023,5,Diarrhoea,69,0
F012,2023,5,TB,9,0
F012,2023,5,HIV/AIDS,13,0
F012,2023,5,Typhoid,23,0
F012,2023,5,Anaemia,20,0
F012,2023,5,Diabetes,19,0
F012,2023,5,Hypertension,26,0
F012,2023,5,Malnutrition,15,0
F012,2023,6,Malaria,106,0
F012,2023,6,Pneumonia,40,0
F012,2023,6,Diarrhoea,39,0
F012,2023,6,TB,10,0
F012,2023,6,HIV/AIDS,13,0
F012,2023,6,Typhoid,32,0
F012,2023,6,Anaemia,39,0
F012,2023,6,Diabetes,18,0
F012,2023,6,Hypertension,34,0
F012,2023,6,Malnutrition,20,0
F012,2023,7,Malaria,107,1
F012,2023,7,Pneumonia,57,0
F012,2023,7,Diarrhoea,47,0
F012,2023,7,TB,5,0
F012,2023,7,HIV/AIDS,12,0
F012,2023,7,Typhoid,32,0
F012,2023,7,Anaemia,27,0
F012,2023,7,Diabetes,10,0
F012,2023,7,Hypertension,30,0
F012,2023,7,Malnutrition,24,0
F012,2023,8,Malaria,123,0
F012,2023,8,Pneumonia,41,0
F012,2023,8,Diarrhoea,56,0
F012,2023,8,TB,5,0
F012,2023,8,HIV/AIDS,9,0
F012,2023,8,Typhoid,24,0
F012,2023,8,Anaemia,26,0
F012,2023,8,Diabetes,11,0
F012,2023,8,Hypertension,18,0
F012,2023,8,Malnutrition,23,0
F012,2023,9,Malaria,108,1
F012,2023,9,Pneumonia,34,0
F012,2023,9,Diarrhoea,56,0
F012,2023,9,TB,7,0
F012,2023,9,HIV/AIDS,14,0
F012,2023,9,Typhoid,29,0
F012,2023,9,Anaemia,44,0
F012,2023,9,Diabetes,12,0
F012,2023,9,Hypertension,22,0
F012,2023,9,Malnutrition,27,0
F012,2023,10,Malaria,74,0
F012,2023,10,Pneumonia,37,0
F012,2023,10,Diarrhoea,60,0
F012,2023,10,TB,5,0
F012,2023,10,HIV/AIDS,16,0
F012,2023,10,Typhoid,23,0
F012,2023,10,Anaemia,33,0
F012,2023,10,Diabetes,12,0
F012,2023,10,Hypertension,28,0
F012,2023,10,Malnutrition,21,0
F012,2023,11,Malaria,87,0
F012,2023,11,Pneumonia,59,0
F012,2023,11,Diarrhoea,79,0
F012,2023,11,TB,7,0
F012,2023,11,HIV/AIDS,9,0
F012,2023,11,Typhoid,15,0
F012,2023,11,Anaemia,27,0
F012,2023,11,Diabetes,18,0
F012,2023,11,Hypertension,29,0
F012,2023,11,Malnutrition,26,0
F012,2023,12,Malaria,112,0
F012,2023,12,Pneumonia,32,0
F012,2023,12,Diarrhoea,50,0
F012,2023,12,TB,9,0
F012,2023,12,HIV/AIDS,15,0
F012,2023,12,Typhoid,19,0
F012,2023,12,Anaemia,30,0
F012,2023,12,Diabetes,17,0
F012,2023,12,Hypertension,39,0
F012,2023,12,Malnutrition,19,0
F012,2024,1,Malaria,126,0
F012,2024,1,Pneumonia,55,0
F012,2024,1,Diarrhoea,56,0
F012,2024,1,TB,6,0
F012,2024,1,HIV/AIDS,15,0
F012,2024,1,Typhoid,25,0
F012,2024,1,Anaemia,38,0
F012,2024,1,Diabetes,14,0
F012,2024,1,Hypertension,23,0
F012,2024,1,Malnutrition,16,0
F012,2024,2,Malaria,118,0
F012,2024,2,Pneumonia,44,0
F012,2024,2,Diarrhoea,88,0
F012,2024,2,TB,10,0
F012,2024,2,HIV/AIDS,7,0
F012,2024,2,Typhoid,25,0
F012,2024,2,Anaemia,21,0
F012,2024,2,Diabetes,14,0
F012,2024,2,Hypertension,21,0
F012,2024,2,Malnutrition,24,0
F012,2024,3,Malaria,121,0
F012,2024,3,Pneumonia,64,0
F012,2024,3,Diarrhoea,55,0
F012,2024,3,TB,7,0
F012,2024,3,HIV/AIDS,13,0
F012,2024,3,Typhoid,21,0
F012,2024,3,Anaemia,40,0
F012,2024,3,Diabetes,13,0
F012,2024,3,Hypertension,26,0
F012,2024,3,Malnutrition,13,0
F012,2024,4,Malaria,73,0
F012,2024,4,Pneumonia,53,0
F012,2024,4,Diarrhoea,61,0
F012,2024,4,TB,6,0
F012,2024,4,HIV/AIDS,7,0
F012,2024,4,Typhoid,27,0
F012,2024,4,Anaemia,19,0
F012,2024,4,Diabetes,9,0
F012,2024,4,Hypertension,23,0
F012,2024,4,Malnutrition,21,0
F012,2024,5,Malaria,62,0
F012,2024,5,Pneumonia,53,0
F012,2024,5,Diarrhoea,65,0
F012,2024,5,TB,5,0
F012,2024,5,HIV/AIDS,8,0
F012,2024,5,Typhoid,17,0
F012,2024,5,Anaemia,40,0
F012,2024,5,Diabetes,16,0
F012,2024,5,Hypertension,26,0
F012,2024,5,Malnutrition,26,0
F012,2024,6,Malaria,118,0
F012,2024,6,Pneumonia,64,0
F012,2024,6,Diarrhoea,43,0
F012,2024,6,TB,8,0
F012,2024,6,HIV/AIDS,8,0
F012,2024,6,Typhoid,17,0
F012,2024,6,Anaemia,27,0
F012,2024,6,Diabetes,18,0
F012,2024,6,Hypertension,34,0
F012,2024,6,Malnutrition,22,0
F012,2024,7,Malaria,76,0
F012,2024,7,Pneumonia,65,0
F012,2024,7,Diarrhoea,79,0
F012,2024,7,TB,5,0
F012,2024,7,HIV/AIDS,11,0
F012,2024,7,Typhoid,27,0
F012,2024,7,Anaemia,34,0
F012,2024,7,Diabetes,10,0
F012,2024,7,Hypertension,37,0
F012,2024,7,Malnutrition,23,0
F012,2024,8,Malaria,115,1
F012,2024,8,Pneumonia,39,0
F012,2024,8,Diarrhoea,77,0
F012,2024,8,TB,8,0
F012,2024,8,HIV/AIDS,10,0
F012,2024,8,Typhoid,23,0
F012,2024,8,Anaemia,31,0
F012,2024,8,Diabetes,15,0
F012,2024,8,Hypertension,23,0
F012,2024,8,Malnutrition,12,0
F012,2024,9,Malaria,72,0
F012,2024,9,Pneumonia,63,0
F012,2024,9,Diarrhoea,67,0
F012,2024,9,TB,6,0
F012,2024,9,HIV/AIDS,7,0
F012,2024,9,Typhoid,21,0
F012,2024,9,Anaemia,32,0
F012,2024,9,Diabetes,18,0
F012,2024,9,Hypertension,28,0
F012,2024,9,Malnutrition,20,0
F012,2024,10,Malaria,61,0
F012,2024,10,Pneumonia,46,0
F012,2024,10,Diarrhoea,49,0
F012,2024,10,TB,9,0
F012,2024,10,HIV/AIDS,12,0
F012,2024,10,Typhoid,15,0
F012,2024,10,Anaemia,42,0
F012,2024,10,Diabetes,13,0
F012,2024,10,Hypertension,31,0
F012,2024,10,Malnutrition,17,0
F012,2024,11,Malaria,87,0
F012,2024,11,Pneumonia,64,0
F012,2024,11,Diarrhoea,46,0
F012,2024,11,TB,8,0
F012,2024,11,HIV/AIDS,16,0
F012,2024,11,Typhoid,28,0
F012,2024,11,Anaemia,27,0
F012,2024,11,Diabetes,17,0
F012,2024,11,Hypertension,25,0
F012,2024,11,Malnutrition,25,0
F012,2024,12,Malaria,122,0
F012,2024,12,Pneumonia,58,0
F012,2024,12,Diarrhoea,38,0
F012,2024,12,TB,5,0
F012,2024,12,HIV/AIDS,8,0
F012,2024,12,Typhoid,15,0
F012,2024,12,Anaemia,23,0
F012,2024,12,Diabetes,10,0
F012,2024,12,Hypertension,20,0
F012,2024,12,Malnutrition,27,0
F013,2023,1,Malaria,416,2
F013,2023,1,Pneumonia,149,1
F013,2023,1,Diarrhoea,194,2
F013,2023,1,TB,27,0
F013,2023,1,HIV/AIDS,34,0
F013,2023,1,Typhoid,114,0
F013,2023,1,Anaemia,121,0
F013,2023,1,Diabetes,58,0
F013,2023,1,Hypertension,66,0
F013,2023,1,Malnutrition,50,0
F013,2023,2,Malaria,235,1
F013,2023,2,Pneumonia,161,1
F013,2023,2,Diarrhoea,228,2
F013,2023,2,TB,33,0
F013,2023,2,HIV/AIDS,62,0
F013,2023,2,Typhoid,106,0
F013,2023,2,Anaemia,73,0
F013,2023,2,Diabetes,77,0
F013,2023,2,Hypertension,77,0
F013,2023,2,Malnutrition,99,0
F013,2023,3,Malaria,325,4
F013,2023,3,Pneumonia,180,0
F013,2023,3,Diarrhoea,264,1
F013,2023,3,TB,35,0
F013,2023,3,HIV/AIDS,42,0
F013,2023,3,Typhoid,97,0
F013,2023,3,Anaemia,87,0
F013,2023,3,Diabetes,51,0
F013,2023,3,Hypertension,68,0
F013,2023,3,Malnutrition,46,0
F013,2023,4,Malaria,424,2
F013,2023,4,Pneumonia,113,1
F013,2023,4,Diarrhoea,275,0
F013,2023,4,TB,18,0
F013,2023,4,HIV/AIDS,40,0
F013,2023,4,Typhoid,115,1
F013,2023,4,Anaemia,75,0
F013,2023,4,Diabetes,36,0
F013,2023,4,Hypertension,103,0
F013,2023,4,Malnutrition,68,0
F013,2023,5,Malaria,327,4
F013,2023,5,Pneumonia,142,1
F013,2023,5,Diarrhoea,192,2
F013,2023,5,TB,33,0
F013,2023,5,HIV/AIDS,59,0
F013,2023,5,Typhoid,117,0
F013,2023,5,Anaemia,99,1
F013,2023,5,Diabetes,82,0
F013,2023,5,Hypertension,84,0
F013,2023,5,Malnutrition,89,0
F013,2023,6,Malaria,302,0
F013,2023,6,Pneumonia,167,2
F013,2023,6,Diarrhoea,307,4
F013,2023,6,TB,21,0
F013,2023,6,HIV/AIDS,34,0
F013,2023,6,Typhoid,117,0
F013,2023,6,Anaemia,115,1
F013,2023,6,Diabetes,58,0
F013,2023,6,Hypertension,118,0
F013,2023,6,Malnutrition,76,0
F013,2023,7,Malaria,421,3
F013,2023,7,Pneumonia,244,2
F013,2023,7,Diarrhoea,294,1
F013,2023,7,TB,29,0
F013,2023,7,HIV/AIDS,55,0
F013,2023,7,Typhoid,76,0
F013,2023,7,Anaemia,117,1
F013,2023,7,Diabetes,57,0
F013,2023,7,Hypertension,143,1
F013,2023,7,Malnutrition,69,0
F013,2023,8,Malaria,313,4
F013,2023,8,Pneumonia,202,2
F013,2023,8,Diarrhoea,226,3
F013,2023,8,TB,18,0
F013,2023,8,HIV/AIDS,47,0
F013,2023,8,Typhoid,124,1
F013,2023,8,Anaemia,145,1
F013,2023,8,Diabetes,63,0
F013,2023,8,Hypertension,75,0
F013,2023,8,Malnutrition,59,0
F013,2023,9,Malaria,435,3
F013,2023,9,Pneumonia,195,2
F013,2023,9,Diarrhoea,245,2
F013,2023,9,TB,18,0
F013,2023,9,HIV/AIDS,29,0
F013,2023,9,Typhoid,120,1
F013,2023,9,Anaemia,103,0
F013,2023,9,Diabetes,80,0
F013,2023,9,Hypertension,125,1
F013,2023,9,Malnutrition,63,0
F013,2023,10,Malaria,395,2
F013,2023,10,Pneumonia,238,1
F013,2023,10,Diarrhoea,209,0
F013,2023,10,TB,25,0
F013,2023,10,HIV/AIDS,32,0
F013,2023,10,Typhoid,65,0
F013,2023,10,Anaemia,159,1
F013,2023,10,Diabetes,62,0
F013,2023,10,Hypertension,121,0
F013,2023,10,Malnutrition,95,0
F013,2023,11,Malaria,248,3
F013,2023,11,Pneumonia,238,0
F013,2023,11,Diarrhoea,151,2
F013,2023,11,TB,29,0
F013,2023,11,HIV/AIDS,54,0
F013,2023,11,Typhoid,125,0
F013,2023,11,Anaemia,114,1
F013,2023,11,Diabetes,57,0
F013,2023,11,Hypertension,104,1
F013,2023,11,Malnutrition,65,0
F013,2023,12,Malaria,240,1
F013,2023,12,Pneumonia,133,1
F013,2023,12,Diarrhoea,274,3
F013,2023,12,TB,20,0
F013,2023,12,HIV/AIDS,61,0
F013,2023,12,Typhoid,99,0
F013,2023,12,Anaemia,148,1
F013,2023,12,Diabetes,53,0
F013,2023,12,Hypertension,104,1
F013,2023,12,Malnutrition,80,1
F013,2024,1,Malaria,321,1
F013,2024,1,Pneumonia,181,2
F013,2024,1,Diarrhoea,317,0
F013,2024,1,TB,25,0
F013,2024,1,HIV/AIDS,50,0
F013,2024,1,Typhoid,72,1
F013,2024,1,Anaemia,104,0
F013,2024,1,Diabetes,83,0
F013,2024,1,Hypertension,118,0
F013,2024,1,Malnutrition,46,0
F013,2024,2,Malaria,482,0
F013,2024,2,Pneumonia,190,0
F013,2024,2,Diarrhoea,182,1
F013,2024,2,TB,27,0
F013,2024,2,HIV/AIDS,36,0
F013,2024,2,Typhoid,80,0
F013,2024,2,Anaemia,167,1
F013,2024,2,Diabetes,69,0
F013,2024,2,Hypertension,92,0
F013,2024,2,Malnutrition,56,0
F013,2024,3,Malaria,239,1
F013,2024,3,Pneumonia,204,2
F013,2024,3,Diarrhoea,319,4
F013,2024,3,TB,39,0
F013,2024,3,HIV/AIDS,31,0
F013,2024,3,Typhoid,71,0
F013,2024,3,Anaemia,78,0
F013,2024,3,Diabetes,47,0
F013,2024,3,Hypertension,69,0
F013,2024,3,Malnutrition,89,0
F013,2024,4,Malaria,477,0
F013,2024,4,Pneumonia,191,2
F013,2024,4,Diarrhoea,330,3
F013,2024,4,TB,25,0
F013,2024,4,HIV/AIDS,49,0
F013,2024,4,Typhoid,63,0
F013,2024,4,Anaemia,160,0
F013,2024,4,Diabetes,70,0
F013,2024,4,Hypertension,99,1
F013,2024,4,Malnutrition,57,0
F013,2024,5,Malaria,327,3
F013,2024,5,Pneumonia,135,1
F013,2024,5,Diarrhoea,279,2
F013,2024,5,TB,34,0
F013,2024,5,HIV/AIDS,53,0
F013,2024,5,Typhoid,115,0
F013,2024,5,Anaemia,120,0
F013,2024,5,Diabetes,82,0
F013,2024,5,Hypertension,136,1
F013,2024,5,Malnutrition,56,0
F013,2024,6,Malaria,435,1
F013,2024,6,Pneumonia,230,2
F013,2024,6,Diarrhoea,187,1
F013,2024,6,TB,38,0
F013,2024,6,HIV/AIDS,41,0
F013,2024,6,Typhoid,69,0
F013,2024,6,Anaemia,105,0
F013,2024,6,Diabetes,36,0
F013,2024,6,Hypertension,120,0
F013,2024,6,Malnutrition,54,0
F013,2024,7,Malaria,358,4
F013,2024,7,Pneumonia,116,1
F013,2024,7,Diarrhoea,226,2
F013,2024,7,TB,39,0
F013,2024,7,HIV/AIDS,62,0
F013,2024,7,Typhoid,76,0
F013,2024,7,Anaemia,159,1
F013,2024,7,Diabetes,65,0
F013,2024,7,Hypertension,110,1
F013,2024,7,Malnutrition,64,0
F013,2024,8,Malaria,449,2
F013,2024,8,Pneumonia,151,1
F013,2024,8,Diarrhoea,248,2
F013,2024,8,TB,23,0
F013,2024,8,HIV/AIDS,51,0
F013,2024,8,Typhoid,117,0
F013,2024,8,Anaemia,148,2
F013,2024,8,Diabetes,55,0
F013,2024,8,Hypertension,102,0
F013,2024,8,Malnutrition,89,0
F013,2024,9,Malaria,489,6
F013,2024,9,Pneumonia,221,1
F013,2024,9,Diarrhoea,311,0
F013,2024,9,TB,26,0
F013,2024,9,HIV/AIDS,56,0
F013,2024,9,Typhoid,64,0
F013,2024,9,Anaemia,92,0
F013,2024,9,Diabetes,58,0
F013,2024,9,Hypertension,79,0
F013,2024,9,Malnutrition,54,0
F013,2024,10,Malaria,461,2
F013,2024,10,Pneumonia,135,1
F013,2024,10,Diarrhoea,239,1
F013,2024,10,TB,38,0
F013,2024,10,HIV/AIDS,50,0
F013,2024,10,Typhoid,61,0
F013,2024,10,Anaemia,139,1
F013,2024,10,Diabetes,42,0
F013,2024,10,Hypertension,104,0
F013,2024,10,Malnutrition,74,1
F013,2024,11,Malaria,397,2
F013,2024,11,Pneumonia,152,1
F013,2024,11,Diarrhoea,261,2
F013,2024,11,TB,30,0
F013,2024,11,HIV/AIDS,40,0
F013,2024,11,Typhoid,63,0
F013,2024,11,Anaemia,117,0
F013,2024,11,Diabetes,53,0
F013,2024,11,Hypertension,142,1
F013,2024,11,Malnutrition,99,1
F013,2024,12,Malaria,398,5
F013,2024,12,Pneumonia,176,0
F013,2024,12,Diarrhoea,209,2
F013,2024,12,TB,34,0
F013,2024,12,HIV/AIDS,61,0
F013,2024,12,Typhoid,95,1
F013,2024,12,Anaemia,139,1
F013,2024,12,Diabetes,75,0
F013,2024,12,Hypertension,110,1
F013,2024,12,Malnutrition,63,0
F014,2023,1,Malaria,87,0
F014,2023,1,Pneumonia,41,0
F014,2023,1,Diarrhoea,62,0
F014,2023,1,TB,10,0
F014,2023,1,HIV/AIDS,7,0
F014,2023,1,Typhoid,18,0
F014,2023,1,Anaemia,37,0
F014,2023,1,Diabetes,19,0
F014,2023,1,Hypertension,21,0
F014,2023,1,Malnutrition,17,0
F014,2023,2,Malaria,100,1
F014,2023,2,Pneumonia,65,0
F014,2023,2,Diarrhoea,54,0
F014,2023,2,TB,6,0
F014,2023,2,HIV/AIDS,9,0
F014,2023,2,Typhoid,26,0
F014,2023,2,Anaemia,20,0
F014,2023,2,Diabetes,16,0
F014,2023,2,Hypertension,22,0
F014,2023,2,Malnutrition,23,0
F014,2023,3,Malaria,80,0
F014,2023,3,Pneumonia,40,0
F014,2023,3,Diarrhoea,71,0
F014,2023,3,TB,7,0
F014,2023,3,HIV/AIDS,16,0
F014,2023,3,Typhoid,21,0
F014,2023,3,Anaemia,30,0
F014,2023,3,Diabetes,21,0
F014,2023,3,Hypertension,21,0
F014,2023,3,Malnutrition,16,0
F014,2023,4,Malaria,82,0
F014,2023,4,Pneumonia,30,0
F014,2023,4,Diarrhoea,62,0
F014,2023,4,TB,10,0
F014,2023,4,HIV/AIDS,7,0
F014,2023,4,Typhoid,20,0
F014,2023,4,Anaemia,34,0
F014,2023,4,Diabetes,17,0
F014,2023,4,Hypertension,33,0
F014,2023,4,Malnutrition,20,0
F014,2023,5,Malaria,112,0
F014,2023,5,Pneumonia,64,0
F014,2023,5,Diarrhoea,43,0
F014,2023,5,TB,9,0
F014,2023,5,HIV/AIDS,10,0
F014,2023,5,Typhoid,15,0
F014,2023,5,Anaemia,20,0
F014,2023,5,Diabetes,10,0
F014,2023,5,Hypertension,34,0
F014,2023,5,Malnutrition,20,0
F014,2023,6,Malaria,73,0
F014,2023,6,Pneumonia,58,0
F014,2023,6,Diarrhoea,50,0
F014,2023,6,TB,9,0
F014,2023,6,HIV/AIDS,13,0
F014,2023,6,Typhoid,23,0
F014,2023,6,Anaemia,38,0
F014,2023,6,Diabetes,21,0
F014,2023,6,Hypertension,23,0
F014,2023,6,Malnutrition,22,0
F014,2023,7,Malaria,96,0
F014,2023,7,Pneumonia,29,0
F014,2023,7,Diarrhoea,59,0
F014,2023,7,TB,6,0
F014,2023,7,HIV/AIDS,9,0
F014,2023,7,Typhoid,21,0
F014,2023,7,Anaemia,41,0
F014,2023,7,Diabetes,20,0
F014,2023,7,Hypertension,20,0
F014,2023,7,Malnutrition,22,0
F014,2023,8,Malaria,78,0
F014,2023,8,Pneumonia,43,0
F014,2023,8,Diarrhoea,77,0
F014,2023,8,TB,6,0
F014,2023,8,HIV/AIDS,10,0
F014,2023,8,Typhoid,23,0
F014,2023,8,Anaemia,43,0
F014,2023,8,Diabetes,19,0
F014,2023,8,Hypertension,19,0
F014,2023,8,Malnutrition,13,0
F014,2023,9,Malaria,73,0
F014,2023,9,Pneumonia,57,0
F014,2023,9,Diarrhoea,73,0
F014,2023,9,TB,8,0
F014,2023,9,HIV/AIDS,11,0
F014,2023,9,Typhoid,18,0
F014,2023,9,Anaemia,40,0
F014,2023,9,Diabetes,9,0
F014,2023,9,Hypertension,35,0
F014,2023,9,Malnutrition,15,0
F014,2023,10,Malaria,87,0
F014,2023,10,Pneumonia,66,0
F014,2023,10,Diarrhoea,46,0
F014,2023,10,TB,8,0
F014,2023,10,HIV/AIDS,16,0
F014,2023,10,Typhoid,19,0
F014,2023,10,Anaemia,41,0
F014,2023,10,Diabetes,17,0
F014,2023,10,Hypertension,38,0
F014,2023,10,Malnutrition,16,0
F014,2023,11,Malaria,101,0
F014,2023,11,Pneumonia,30,0
F014,2023,11,Diarrhoea,48,0
F014,2023,11,TB,10,0
F014,2023,11,HIV/AIDS,11,0
F014,2023,11,Typhoid,29,0
F014,2023,11,Anaemia,26,0
F014,2023,11,Diabetes,21,0
F014,2023,11,Hypertension,34,0
F014,2023,11,Malnutrition,26,0
F014,2023,12,Malaria,109,0
F014,2023,12,Pneumonia,64,0
F014,2023,12,Diarrhoea,39,0
F014,2023,12,TB,6,0
F014,2023,12,HIV/AIDS,12,0
F014,2023,12,Typhoid,19,0
F014,2023,12,Anaemia,31,0
F014,2023,12,Diabetes,11,0
F014,2023,12,Hypertension,31,0
F014,2023,12,Malnutrition,19,0
F014,2024,1,Malaria,89,1
F014,2024,1,Pneumonia,50,0
F014,2024,1,Diarrhoea,41,0
F014,2024,1,TB,6,0
F014,2024,1,HIV/AIDS,11,0
F014,2024,1,Typhoid,14,0
F014,2024,1,Anaemia,41,0
F014,2024,1,Diabetes,15,0
F014,2024,1,Hypertension,31,0
F014,2024,1,Malnutrition,25,0
F014,2024,2,Malaria,130,1
F014,2024,2,Pneumonia,37,0
F014,2024,2,Diarrhoea,40,0
F014,2024,2,TB,8,0
F014,2024,2,HIV/AIDS,11,0
F014,2024,2,Typhoid,27,0
F014,2024,2,Anaemia,33,0
F014,2024,2,Diabetes,19,0
F014,2024,2,Hypertension,20,0
F014,2024,2,Malnutrition,19,0
F014,2024,3,Malaria,80,0
F014,2024,3,Pneumonia,57,0
F014,2024,3,Diarrhoea,66,0
F014,2024,3,TB,7,0
F014,2024,3,HIV/AIDS,15,0
F014,2024,3,Typhoid,21,0
F014,2024,3,Anaemia,38,0
F014,2024,3,Diabetes,11,0
F014,2024,3,Hypertension,28,0
F014,2024,3,Malnutrition,22,0
F014,2024,4,Malaria,99,1
F014,2024,4,Pneumonia,34,0
F014,2024,4,Diarrhoea,45,0
F014,2024,4,TB,6,0
F014,2024,4,HIV/AIDS,7,0
F014,2024,4,Typhoid,16,0
F014,2024,4,Anaemia,20,0
F014,2024,4,Diabetes,9,0
F014,2024,4,Hypertension,31,0
F014,2024,4,Malnutrition,15,0
F014,2024,5,Malaria,83,0
F014,2024,5,Pneumonia,56,0
F014,2024,5,Diarrhoea,66,0
F014,2024,5,TB,9,0
F014,2024,5,HIV/AIDS,12,0
F014,2024,5,Typhoid,27,0
F014,2024,5,Anaemia,24,0
F014,2024,5,Diabetes,11,0
F014,2024,5,Hypertension,33,0
F014,2024,5,Malnutrition,26,0
F014,2024,6,Malaria,119,0
F014,2024,6,Pneumonia,63,0
F014,2024,6,Diarrhoea,54,0
F014,2024,6,TB,6,0
F014,2024,6,HIV/AIDS,13,0
F014,2024,6,Typhoid,18,0
F014,2024,6,Anaemia,26,0
F014,2024,6,Diabetes,20,0
F014,2024,6,Hypertension,18,0
F014,2024,6,Malnutrition,13,0
F014,2024,7,Malaria,108,0
F014,2024,7,Pneumonia,51,0
F014,2024,7,Diarrhoea,57,0
F014,2024,7,TB,8,0
F014,2024,7,HIV/AIDS,13,0
F014,2024,7,Typhoid,27,0
F014,2024,7,Anaemia,31,0
F014,2024,7,Diabetes,12,0
F014,2024,7,Hypertension,34,0
F014,2024,7,Malnutrition,24,0
F014,2024,8,Malaria,102,1
F014,2024,8,Pneumonia,65,0
F014,2024,8,Diarrhoea,89,0
F014,2024,8,TB,10,0
F014,2024,8,HIV/AIDS,8,0
F014,2024,8,Typhoid,16,0
F014,2024,8,Anaemia,40,0
F014,2024,8,Diabetes,10,0
F014,2024,8,Hypertension,24,0
F014,2024,8,Malnutrition,19,0
F014,2024,9,Malaria,100,1
F014,2024,9,Pneumonia,46,0
F014,2024,9,Diarrhoea,43,0
F014,2024,9,TB,8,0
F014,2024,9,HIV/AIDS,7,0
F014,2024,9,Typhoid,15,0
F014,2024,9,Anaemia,26,0
F014,2024,9,Diabetes,19,0
F014,2024,9,Hypertension,33,0
F014,2024,9,Malnutrition,13,0
F014,2024,10,Malaria,70,0
F014,2024,10,Pneumonia,61,0
F014,2024,10,Diarrhoea,69,0
F014,2024,10,TB,9,0
F014,2024,10,HIV/AIDS,7,0
F014,2024,10,Typhoid,19,0
F014,2024,10,Anaemia,38,0
F014,2024,10,Diabetes,11,0
F014,2024,10,Hypertension,23,0
F014,2024,10,Malnutrition,25,0
F014,2024,11,Malaria,95,1
F014,2024,11,Pneumonia,59,0
F014,2024,11,Diarrhoea,44,0
F014,2024,11,TB,5,0
F014,2024,11,HIV/AIDS,13,0
F014,2024,11,Typhoid,23,0
F014,2024,11,Anaemia,30,0
F014,2024,11,Diabetes,21,0
F014,2024,11,Hypertension,28,0
F014,2024,11,Malnutrition,12,0
F014,2024,12,Malaria,111,0
F014,2024,12,Pneumonia,32,0
F014,2024,12,Diarrhoea,72,0
F014,2024,12,TB,8,0
F014,2024,12,HIV/AIDS,16,0
F014,2024,12,Typhoid,14,0
F014,2024,12,Anaemia,23,0
F014,2024,12,Diabetes,18,0
F014,2024,12,Hypertension,29,0
F014,2024,12,Malnutrition,27,0
F015,2023,1,Malaria,230,0
F015,2023,1,Pneumonia,68,0
F015,2023,1,Diarrhoea,120,1
F015,2023,1,TB,16,0
F015,2023,1,HIV/AIDS,27,0
F015,2023,1,Typhoid,55,0
F015,2023,1,Anaemia,73,0
F015,2023,1,Diabetes,44,0
F015,2023,1,Hypertension,50,0
F015,2023,1,Malnutrition,34,0
F015,2023,2,Malaria,212,0
F015,2023,2,Pneumonia,79,0
F015,2023,2,Diarrhoea,158,2
F015,2023,2,TB,11,0
F015,2023,2,HIV/AIDS,34,0
F015,2023,2,Typhoid,65,0
F015,2023,2,Anaemia,100,0
F015,2023,2,Diabetes,26,0
F015,2023,2,Hypertension,58,0
F015,2023,2,Malnutrition,60,0
F015,2023,3,Malaria,199,2
F015,2023,3,Pneumonia,68,0
F015,2023,3,Diarrhoea,131,0
F015,2023,3,TB,21,0
F015,2023,3,HIV/AIDS,25,0
F015,2023,3,Typhoid,42,0
F015,2023,3,Anaemia,70,1
F015,2023,3,Diabetes,36,0
F015,2023,3,Hypertension,81,0
F015,2023,3,Malnutrition,35,0
F015,2023,4,Malaria,215,0
F015,2023,4,Pneumonia,116,0
F015,2023,4,Diarrhoea,151,1
F015,2023,4,TB,21,0
F015,2023,4,HIV/AIDS,17,0
F015,2023,4,Typhoid,44,0
F015,2023,4,Anaemia,100,0
F015,2023,4,Diabetes,45,0
F015,2023,4,Hypertension,84,1
F015,2023,4,Malnutrition,43,0
F015,2023,5,Malaria,260,3
F015,2023,5,Pneumonia,115,1
F015,2023,5,Diarrhoea,164,1
F015,2023,5,TB,22,0
F015,2023,5,HIV/AIDS,23,0
F015,2023,5,Typhoid,74,0
F015,2023,5,Anaemia,78,0
F015,2023,5,Diabetes,39,0
F015,2023,5,Hypertension,81,0
F015,2023,5,Malnutrition,35,0
F015,2023,6,Malaria,185,0
F015,2023,6,Pneumonia,81,1
F015,2023,6,Diarrhoea,108,0
F015,2023,6,TB,20,0
F015,2023,6,HIV/AIDS,29,0
F015,2023,6,Typhoid,40,0
F015,2023,6,Anaemia,88,1
F015,2023,6,Diabetes,41,0
F015,2023,6,Hypertension,72,0
F015,2023,6,Malnutrition,46,0
F015,2023,7,Malaria,209,1
F015,2023,7,Pneumonia,74,0
F015,2023,7,Diarrhoea,119,0
F015,2023,7,TB,19,0
F015,2023,7,HIV/AIDS,23,0
F015,2023,7,Typhoid,67,0
F015,2023,7,Anaemia,65,0
F015,2023,7,Diabetes,48,0
F015,2023,7,Hypertension,55,0
F015,2023,7,Malnutrition,29,0
F015,2023,8,Malaria,194,1
F015,2023,8,Pneumonia,98,0
F015,2023,8,Diarrhoea,179,0
F015,2023,8,TB,17,0
F015,2023,8,HIV/AIDS,28,0
F015,2023,8,Typhoid,54,0
F015,2023,8,Anaemia,58,0
F015,2023,8,Diabetes,39,0
F015,2023,8,Hypertension,43,0
F015,2023,8,Malnutrition,38,0
F015,2023,9,Malaria,150,1
F015,2023,9,Pneumonia,150,0
F015,2023,9,Diarrhoea,94,0
F015,2023,9,TB,18,0
F015,2023,9,HIV/AIDS,18,0
F015,2023,9,Typhoid,50,0
F015,2023,9,Anaemia,81,0
F015,2023,9,Diabetes,24,0
F015,2023,9,Hypertension,74,0
F015,2023,9,Malnutrition,35,0
F015,2023,10,Malaria,233,2
F015,2023,10,Pneumonia,144,0
F015,2023,10,Diarrhoea,113,0
F015,2023,10,TB,19,0
F015,2023,10,HIV/AIDS,19,0
F015,2023,10,Typhoid,48,0
F015,2023,10,Anaemia,44,0
F015,2023,10,Diabetes,38,0
F015,2023,10,Hypertension,86,1
F015,2023,10,Malnutrition,31,0
F015,2023,11,Malaria,199,0
F015,2023,11,Pneumonia,117,1
F015,2023,11,Diarrhoea,192,0
F015,2023,11,TB,10,0
F015,2023,11,HIV/AIDS,25,0
F015,2023,11,Typhoid,69,0
F015,2023,11,Anaemia,56,0
F015,2023,11,Diabetes,33,0
F015,2023,11,Hypertension,45,0
F015,2023,11,Malnutrition,57,0
F015,2023,12,Malaria,133,1
F015,2023,12,Pneumonia,82,0
F015,2023,12,Diarrhoea,136,1
F015,2023,12,TB,15,0
F015,2023,12,HIV/AIDS,27,0
F015,2023,12,Typhoid,51,0
F015,2023,12,Anaemia,51,0
F015,2023,12,Diabetes,45,0
F015,2023,12,Hypertension,46,0
F015,2023,12,Malnutrition,34,0
F015,2024,1,Malaria,176,1
F015,2024,1,Pneumonia,142,0
F015,2024,1,Diarrhoea,187,2
F015,2024,1,TB,20,0
F015,2024,1,HIV/AIDS,30,0
F015,2024,1,Typhoid,63,0
F015,2024,1,Anaemia,76,0
F015,2024,1,Diabetes,22,0
F015,2024,1,Hypertension,60,0
F015,2024,1,Malnutrition,42,0
F015,2024,2,Malaria,176,2
F015,2024,2,Pneumonia,87,0
F015,2024,2,Diarrhoea,111,1
F015,2024,2,TB,18,0
F015,2024,2,HIV/AIDS,20,0
F015,2024,2,Typhoid,48,0
F015,2024,2,Anaemia,56,0
F015,2024,2,Diabetes,26,0
F015,2024,2,Hypertension,65,0
F015,2024,2,Malnutrition,45,0
F015,2024,3,Malaria,155,0
F015,2024,3,Pneumonia,102,1
F015,2024,3,Diarrhoea,107,0
F015,2024,3,TB,13,0
F015,2024,3,HIV/AIDS,35,0
F015,2024,3,Typhoid,57,0
F015,2024,3,Anaemia,93,1
F015,2024,3,Diabetes,42,0
F015,2024,3,Hypertension,61,0
F015,2024,3,Malnutrition,33,0
F015,2024,4,Malaria,295,2
F015,2024,4,Pneumonia,71,0
F015,2024,4,Diarrhoea,117,1
F015,2024,4,TB,18,0
F015,2024,4,HIV/AIDS,28,0
F015,2024,4,Typhoid,40,0
F015,2024,4,Anaemia,53,0
F015,2024,4,Diabetes,30,0
F015,2024,4,Hypertension,51,0
F015,2024,4,Malnutrition,45,0
F015,2024,5,Malaria,197,0
F015,2024,5,Pneumonia,105,1
F015,2024,5,Diarrhoea,114,1
F015,2024,5,TB,16,0
F015,2024,5,HIV/AIDS,26,0
F015,2024,5,Typhoid,63,0
F015,2024,5,Anaemia,52,0
F015,2024,5,Diabetes,22,0
F015,2024,5,Hypertension,44,0
F015,2024,5,Malnutrition,46,0
F015,2024,6,Malaria,259,2
F015,2024,6,Pneumonia,127,1
F015,2024,6,Diarrhoea,140,1
F015,2024,6,TB,18,0
F015,2024,6,HIV/AIDS,28,0
F015,2024,6,Typhoid,49,0
F015,2024,6,Anaemia,97,0
F015,2024,6,Diabetes,46,0
F015,2024,6,Hypertension,39,0
F015,2024,6,Malnutrition,62,0
F015,2024,7,Malaria,149,2
F015,2024,7,Pneumonia,97,0
F015,2024,7,Diarrhoea,89,0
F015,2024,7,TB,21,0
F015,2024,7,HIV/AIDS,32,0
F015,2024,7,Typhoid,51,0
F015,2024,7,Anaemia,86,0
F015,2024,7,Diabetes,44,0
F015,2024,7,Hypertension,44,0
F015,2024,7,Malnutrition,59,0
F015,2024,8,Malaria,198,2
F015,2024,8,Pneumonia,96,0
F015,2024,8,Diarrhoea,101,1
F015,2024,8,TB,14,0
F015,2024,8,HIV/AIDS,30,0
F015,2024,8,Typhoid,48,0
F015,2024,8,Anaemia,95,1
F015,2024,8,Diabetes,46,0
F015,2024,8,Hypertension,52,0
F015,2024,8,Malnutrition,46,0
F015,2024,9,Malaria,299,3
F015,2024,9,Pneumonia,70,0
F015,2024,9,Diarrhoea,122,0
F015,2024,9,TB,10,0
F015,2024,9,HIV/AIDS,32,0
F015,2024,9,Typhoid,34,0
F015,2024,9,Anaemia,79,0
F015,2024,9,Diabetes,34,0
F015,2024,9,Hypertension,68,0
F015,2024,9,Malnutrition,38,0
F015,2024,10,Malaria,268,2
F015,2024,10,Pneumonia,141,1
F015,2024,10,Diarrhoea,136,1
F015,2024,10,TB,20,0
F015,2024,10,HIV/AIDS,32,0
F015,2024,10,Typhoid,75,0
F015,2024,10,Anaemia,90,0
F015,2024,10,Diabetes,42,0
F015,2024,10,Hypertension,69,0
F015,2024,10,Malnutrition,54,0
F015,2024,11,Malaria,236,1
F015,2024,11,Pneumonia,83,0
F015,2024,11,Diarrhoea,87,0
F015,2024,11,TB,16,0
F015,2024,11,HIV/AIDS,33,0
F015,2024,11,Typhoid,50,0
F015,2024,11,Anaemia,100,0
F015,2024,11,Diabetes,50,0
F015,2024,11,Hypertension,39,0
F015,2024,11,Malnutrition,55,0
F015,2024,12,Malaria,287,0
F015,2024,12,Pneumonia,122,0
F015,2024,12,Diarrhoea,163,2
F015,2024,12,TB,15,0
F015,2024,12,HIV/AIDS,24,0
F015,2024,12,Typhoid,73,0
F015,2024,12,Anaemia,74,1
F015,2024,12,Diabetes,42,0
F015,2024,12,Hypertension,54,0
F015,2024,12,Malnutrition,51,0
F016,2023,1,Malaria,219,1
F016,2023,1,Pneumonia,116,1
F016,2023,1,Diarrhoea,112,0
F016,2023,1,TB,17,0
F016,2023,1,HIV/AIDS,27,0
F016,2023,1,Typhoid,63,0
F016,2023,1,Anaemia,98,0
F016,2023,1,Diabetes,46,0
F016,2023,1,Hypertension,45,0
F016,2023,1,Malnutrition,55,0
F016,2023,2,Malaria,172,2
F016,2023,2,Pneumonia,144,1
F016,2023,2,Diarrhoea,144,0
F016,2023,2,TB,16,0
F016,2023,2,HIV/AIDS,22,0
F016,2023,2,Typhoid,59,0
F016,2023,2,Anaemia,81,0
F016,2023,2,Diabetes,48,0
F016,2023,2,Hypertension,58,0
F016,2023,2,Malnutrition,41,0
F016,2023,3,Malaria,187,1
F016,2023,3,Pneumonia,91,0
F016,2023,3,Diarrhoea,201,2
F016,2023,3,TB,16,0
F016,2023,3,HIV/AIDS,25,0
F016,2023,3,Typhoid,42,0
F016,2023,3,Anaemia,62,0
F016,2023,3,Diabetes,38,0
F016,2023,3,Hypertension,42,0
F016,2023,3,Malnutrition,53,0
F016,2023,4,Malaria,203,2
F016,2023,4,Pneumonia,145,1
F016,2023,4,Diarrhoea,166,0
F016,2023,4,TB,11,0
F016,2023,4,HIV/AIDS,16,0
F016,2023,4,Typhoid,68,0
F016,2023,4,Anaemia,96,1
F016,2023,4,Diabetes,40,0
F016,2023,4,Hypertension,46,0
F016,2023,4,Malnutrition,30,0
F016,2023,5,Malaria,143,0
F016,2023,5,Pneumonia,64,0
F016,2023,5,Diarrhoea,177,2
F016,2023,5,TB,22,0
F016,2023,5,HIV/AIDS,21,0
F016,2023,5,Typhoid,68,0
F016,2023,5,Anaemia,78,0
F016,2023,5,Diabetes,34,0
F016,2023,5,Hypertension,45,0
F016,2023,5,Malnutrition,45,0
F016,2023,6,Malaria,168,0
F016,2023,6,Pneumonia,98,0
F016,2023,6,Diarrhoea,105,0
F016,2023,6,TB,17,0
F016,2023,6,HIV/AIDS,22,0
F016,2023,6,Typhoid,67,0
F016,2023,6,Anaemia,96,1
F016,2023,6,Diabetes,45,0
F016,2023,6,Hypertension,48,0
F016,2023,6,Malnutrition,52,0
F016,2023,7,Malaria,139,1
F016,2023,7,Pneumonia,77,1
F016,2023,7,Diarrhoea,100,1
F016,2023,7,TB,14,0
F016,2023,7,HIV/AIDS,23,0
F016,2023,7,Typhoid,53,0
F016,2023,7,Anaemia,96,0
F016,2023,7,Diabetes,40,0
F016,2023,7,Hypertension,53,0
F016,2023,7,Malnutrition,59,0
F016,2023,8,Malaria,192,1
F016,2023,8,Pneumonia,94,0
F016,2023,8,Diarrhoea,183,2
F016,2023,8,TB,16,0
F016,2023,8,HIV/AIDS,26,0
F016,2023,8,Typhoid,66,0
F016,2023,8,Anaemia,69,0
F016,2023,8,Diabetes,43,0
F016,2023,8,Hypertension,70,1
F016,2023,8,Malnutrition,54,0
F016,2023,9,Malaria,161,2
F016,2023,9,Pneumonia,78,0
F016,2023,9,Diarrhoea,97,1
F016,2023,9,TB,15,0
F016,2023,9,HIV/AIDS,19,0
F016,2023,9,Typhoid,53,0
F016,2023,9,Anaemia,54,0
F016,2023,9,Diabetes,22,0
F016,2023,9,Hypertension,55,0
F016,2023,9,Malnutrition,49,0
F016,2023,10,Malaria,147,1
F016,2023,10,Pneumonia,148,0
F016,2023,10,Diarrhoea,103,1
F016,2023,10,TB,23,0
F016,2023,10,HIV/AIDS,22,0
F016,2023,10,Typhoid,55,0
F016,2023,10,Anaemia,96,0
F016,2023,10,Diabetes,43,0
F016,2023,10,Hypertension,39,0
F016,2023,10,Malnutrition,48,0
F016,2023,11,Malaria,301,2
F016,2023,11,Pneumonia,89,0
F016,2023,11,Diarrhoea,154,2
F016,2023,11,TB,11,0
F016,2023,11,HIV/AIDS,25,0
F016,2023,11,Typhoid,70,0
F016,2023,11,Anaemia,96,1
F016,2023,11,Diabetes,28,0
F016,2023,11,Hypertension,82,1
F016,2023,11,Malnutrition,56,0
F016,2023,12,Malaria,229,1
F016,2023,12,Pneumonia,65,0
F016,2023,12,Diarrhoea,111,1
F016,2023,12,TB,14,0
F016,2023,12,HIV/AIDS,17,0
F016,2023,12,Typhoid,67,0
F016,2023,12,Anaemia,95,1
F016,2023,12,Diabetes,22,0
F016,2023,12,Hypertension,74,0
F016,2023,12,Malnutrition,55,0
F016,2024,1,Malaria,244,1
F016,2024,1,Pneumonia,114,0
F016,2024,1,Diarrhoea,150,1
F016,2024,1,TB,23,0
F016,2024,1,HIV/AIDS,24,0
F016,2024,1,Typhoid,40,0
F016,2024,1,Anaemia,44,0
F016,2024,1,Diabetes,31,0
F016,2024,1,Hypertension,61,0
F016,2024,1,Malnutrition,60,0
F016,2024,2,Malaria,158,0
F016,2024,2,Pneumonia,87,0
F016,2024,2,Diarrhoea,135,1
F016,2024,2,TB,16,0
F016,2024,2,HIV/AIDS,22,0
F016,2024,2,Typhoid,62,0
F016,2024,2,Anaemia,47,0
F016,2024,2,Diabetes,25,0
F016,2024,2,Hypertension,85,0
F016,2024,2,Malnutrition,54,0
F016,2024,3,Malaria,176,0
F016,2024,3,Pneumonia,130,0
F016,2024,3,Diarrhoea,144,1
F016,2024,3,TB,18,0
F016,2024,3,HIV/AIDS,26,0
F016,2024,3,Typhoid,66,0
F016,2024,3,Anaemia,48,0
F016,2024,3,Diabetes,44,0
F016,2024,3,Hypertension,50,0
F016,2024,3,Malnutrition,59,0
F016,2024,4,Malaria,266,0
F016,2024,4,Pneumonia,70,0
F016,2024,4,Diarrhoea,104,1
F016,2024,4,TB,18,0
F016,2024,4,HIV/AIDS,36,0
F016,2024,4,Typhoid,33,0
F016,2024,4,Anaemia,88,0
F016,2024,4,Diabetes,44,0
F016,2024,4,Hypertension,58,0
F016,2024,4,Malnutrition,49,0
F016,2024,5,Malaria,230,2
F016,2024,5,Pneumonia,149,1
F016,2024,5,Diarrhoea,182,2
F016,2024,5,TB,22,0
F016,2024,5,HIV/AIDS,26,0
F016,2024,5,Typhoid,48,0
F016,2024,5,Anaemia,45,0
F016,2024,5,Diabetes,38,0
F016,2024,5,Hypertension,71,0
F016,2024,5,Malnutrition,39,0
F016,2024,6,Malaria,130,0
F016,2024,6,Pneumonia,104,0
F016,2024,6,Diarrhoea,97,0
F016,2024,6,TB,21,0
F016,2024,6,HIV/AIDS,26,0
F016,2024,6,Typhoid,56,0
F016,2024,6,Anaemia,50,0
F016,2024,6,Diabetes,44,0
F016,2024,6,Hypertension,50,0
F016,2024,6,Malnutrition,42,0
F016,2024,7,Malaria,148,2
F016,2024,7,Pneumonia,122,1
F016,2024,7,Diarrhoea,166,2
F016,2024,7,TB,25,0
F016,2024,7,HIV/AIDS,34,0
F016,2024,7,Typhoid,74,0
F016,2024,7,Anaemia,71,0
F016,2024,7,Diabetes,33,0
F016,2024,7,Hypertension,52,0
F016,2024,7,Malnutrition,30,0
F016,2024,8,Malaria,220,2
F016,2024,8,Pneumonia,73,0
F016,2024,8,Diarrhoea,198,2
F016,2024,8,TB,15,0
F016,2024,8,HIV/AIDS,28,0
F016,2024,8,Typhoid,35,0
F016,2024,8,Anaemia,61,0
F016,2024,8,Diabetes,43,0
F016,2024,8,Hypertension,41,0
F016,2024,8,Malnutrition,60,0
F016,2024,9,Malaria,223,3
F016,2024,9,Pneumonia,121,0
F016,2024,9,Diarrhoea,132,1
F016,2024,9,TB,15,0
F016,2024,9,HIV/AIDS,18,0
F016,2024,9,Typhoid,64,0
F016,2024,9,Anaemia,48,0
F016,2024,9,Diabetes,21,0
F016,2024,9,Hypertension,39,0
F016,2024,9,Malnutrition,41,0
F016,2024,10,Malaria,157,2
F016,2024,10,Pneumonia,142,0
F016,2024,10,Diarrhoea,124,0
F016,2024,10,TB,24,0
F016,2024,10,HIV/AIDS,18,0
F016,2024,10,Typhoid,52,0
F016,2024,10,Anaemia,50,0
F016,2024,10,Diabetes,45,0
F016,2024,10,Hypertension,49,0
F016,2024,10,Malnutrition,51,0
F016,2024,11,Malaria,229,2
F016,2024,11,Pneumonia,137,1
F016,2024,11,Diarrhoea,113,0
F016,2024,11,TB,19,0
F016,2024,11,HIV/AIDS,34,0
F016,2024,11,Typhoid,38,0
F016,2024,11,Anaemia,66,0
F016,2024,11,Diabetes,29,0
F016,2024,11,Hypertension,82,0
F016,2024,11,Malnutrition,36,0
F016,2024,12,Malaria,129,0
F016,2024,12,Pneumonia,115,1
F016,2024,12,Diarrhoea,166,1
F016,2024,12,TB,22,0
F016,2024,12,HIV/AIDS,37,0
F016,2024,12,Typhoid,63,0
F016,2024,12,Anaemia,57,0
F016,2024,12,Diabetes,23,0
F016,2024,12,Hypertension,86,0
F016,2024,12,Malnutrition,31,0
F017,2023,1,Malaria,165,0
F017,2023,1,Pneumonia,124,0
F017,2023,1,Diarrhoea,125,0
F017,2023,1,TB,12,0
F017,2023,1,HIV/AIDS,18,0
F017,2023,1,Typhoid,74,0
F017,2023,1,Anaemia,73,0
F017,2023,1,Diabetes,40,0
F017,2023,1,Hypertension,45,0
F017,2023,1,Malnutrition,33,0
F017,2023,2,Malaria,293,1
F017,2023,2,Pneumonia,107,0
F017,2023,2,Diarrhoea,92,0
F017,2023,2,TB,17,0
F017,2023,2,HIV/AIDS,35,0
F017,2023,2,Typhoid,52,0
F017,2023,2,Anaemia,67,0
F017,2023,2,Diabetes,25,0
F017,2023,2,Hypertension,59,0
F017,2023,2,Malnutrition,55,0
F017,2023,3,Malaria,230,1
F017,2023,3,Pneumonia,120,0
F017,2023,3,Diarrhoea,165,0
F017,2023,3,TB,17,0
F017,2023,3,HIV/AIDS,19,0
F017,2023,3,Typhoid,71,0
F017,2023,3,Anaemia,56,0
F017,2023,3,Diabetes,27,0
F017,2023,3,Hypertension,63,0
F017,2023,3,Malnutrition,30,0
F017,2023,4,Malaria,219,2
F017,2023,4,Pneumonia,88,0
F017,2023,4,Diarrhoea,178,2
F017,2023,4,TB,11,0
F017,2023,4,HIV/AIDS,35,0
F017,2023,4,Typhoid,44,0
F017,2023,4,Anaemia,86,0
F017,2023,4,Diabetes,37,0
F017,2023,4,Hypertension,78,0
F017,2023,4,Malnutrition,33,0
F017,2023,5,Malaria,220,0
F017,2023,5,Pneumonia,66,0
F017,2023,5,Diarrhoea,175,1
F017,2023,5,TB,15,0
F017,2023,5,HIV/AIDS,20,0
F017,2023,5,Typhoid,63,0
F017,2023,5,Anaemia,83,0
F017,2023,5,Diabetes,27,0
F017,2023,5,Hypertension,80,0
F017,2023,5,Malnutrition,47,0
F017,2023,6,Malaria,211,0
F017,2023,6,Pneumonia,85,0
F017,2023,6,Diarrhoea,125,0
F017,2023,6,TB,14,0
F017,2023,6,HIV/AIDS,21,0
F017,2023,6,Typhoid,33,0
F017,2023,6,Anaemia,75,0
F017,2023,6,Diabetes,33,0
F017,2023,6,Hypertension,61,0
F017,2023,6,Malnutrition,53,0
F017,2023,7,Malaria,300,2
F017,2023,7,Pneumonia,126,0
F017,2023,7,Diarrhoea,111,0
F017,2023,7,TB,11,0
F017,2023,7,HIV/AIDS,28,0
F017,2023,7,Typhoid,44,0
F017,2023,7,Anaemia,69,0
F017,2023,7,Diabetes,31,0
F017,2023,7,Hypertension,43,0
F017,2023,7,Malnutrition,55,0
F017,2023,8,Malaria,238,2
F017,2023,8,Pneumonia,68,0
F017,2023,8,Diarrhoea,148,1
F017,2023,8,TB,20,0
F017,2023,8,HIV/AIDS,34,0
F017,2023,8,Typhoid,41,0
F017,2023,8,Anaemia,62,0
F017,2023,8,Diabetes,38,0
F017,2023,8,Hypertension,51,0
F017,2023,8,Malnutrition,39,0
F017,2023,9,Malaria,207,2
F017,2023,9,Pneumonia,67,0
F017,2023,9,Diarrhoea,158,0
F017,2023,9,TB,14,0
F017,2023,9,HIV/AIDS,19,0
F017,2023,9,Typhoid,64,0
F017,2023,9,Anaemia,55,0
F017,2023,9,Diabetes,34,0
F017,2023,9,Hypertension,49,0
F017,2023,9,Malnutrition,31,0
F017,2023,10,Malaria,164,1
F017,2023,10,Pneumonia,140,0
F017,2023,10,Diarrhoea,165,0
F017,2023,10,TB,11,0
F017,2023,10,HIV/AIDS,26,0
F017,2023,10,Typhoid,48,0
F017,2023,10,Anaemia,82,1
F017,2023,10,Diabetes,24,0
F017,2023,10,Hypertension,48,0
F017,2023,10,Malnutrition,30,0
F017,2023,11,Malaria,270,1
F017,2023,11,Pneumonia,109,0
F017,2023,11,Diarrhoea,164,2
F017,2023,11,TB,24,0
F017,2023,11,HIV/AIDS,36,0
F017,2023,11,Typhoid,70,0
F017,2023,11,Anaemia,100,0
F017,2023,11,Diabetes,37,0
F017,2023,11,Hypertension,59,0
F017,2023,11,Malnutrition,55,0
F017,2023,12,Malaria,174,0
F017,2023,12,Pneumonia,128,1
F017,2023,12,Diarrhoea,88,0
F017,2023,12,TB,16,0
F017,2023,12,HIV/AIDS,36,0
F017,2023,12,Typhoid,37,0
F017,2023,12,Anaemia,95,0
F017,2023,12,Diabetes,41,0
F017,2023,12,Hypertension,43,0
F017,2023,12,Malnutrition,59,0
F017,2024,1,Malaria,257,0
F017,2024,1,Pneumonia,109,0
F017,2024,1,Diarrhoea,113,0
F017,2024,1,TB,23,0
F017,2024,1,HIV/AIDS,29,0
F017,2024,1,Typhoid,42,0
F017,2024,1,Anaemia,62,0
F017,2024,1,Diabetes,29,0
F017,2024,1,Hypertension,44,0
F017,2024,1,Malnutrition,42,0
F017,2024,2,Malaria,165,2
F017,2024,2,Pneumonia,83,0
F017,2024,2,Diarrhoea,146,1
F017,2024,2,TB,11,0
F017,2024,2,HIV/AIDS,28,0
F017,2024,2,Typhoid,46,0
F017,2024,2,Anaemia,59,0
F017,2024,2,Diabetes,22,0
F017,2024,2,Hypertension,77,0
F017,2024,2,Malnutrition,51,0
F017,2024,3,Malaria,254,0
F017,2024,3,Pneumonia,79,0
F017,2024,3,Diarrhoea,159,0
F017,2024,3,TB,20,0
F017,2024,3,HIV/AIDS,33,0
F017,2024,3,Typhoid,71,0
F017,2024,3,Anaemia,46,0
F017,2024,3,Diabetes,49,0
F017,2024,3,Hypertension,45,0
F017,2024,3,Malnutrition,40,0
F017,2024,4,Malaria,287,2
F017,2024,4,Pneumonia,129,0
F017,2024,4,Diarrhoea,96,1
F017,2024,4,TB,19,0
F017,2024,4,HIV/AIDS,26,0
F017,2024,4,Typhoid,71,0
F017,2024,4,Anaemia,53,0
F017,2024,4,Diabetes,36,0
F017,2024,4,Hypertension,53,0
F017,2024,4,Malnutrition,45,0
F017,2024,5,Malaria,137,0
F017,2024,5,Pneumonia,122,1
F017,2024,5,Diarrhoea,129,1
F017,2024,5,TB,12,0
F017,2024,5,HIV/AIDS,22,0
F017,2024,5,Typhoid,48,0
F017,2024,5,Anaemia,66,0
F017,2024,5,Diabetes,36,0
F017,2024,5,Hypertension,56,0
F017,2024,5,Malnutrition,38,0
F017,2024,6,Malaria,229,2
F017,2024,6,Pneumonia,112,0
F017,2024,6,Diarrhoea,140,0
F017,2024,6,TB,14,0
F017,2024,6,HIV/AIDS,29,0
F017,2024,6,Typhoid,47,0
F017,2024,6,Anaemia,87,1
F017,2024,6,Diabetes,49,0
F017,2024,6,Hypertension,64,0
F017,2024,6,Malnutrition,29,0
F017,2024,7,Malaria,289,3
F017,2024,7,Pneumonia,86,0
F017,2024,7,Diarrhoea,188,2
F017,2024,7,TB,21,0
F017,2024,7,HIV/AIDS,32,0
F017,2024,7,Typhoid,60,0
F017,2024,7,Anaemia,70,0
F017,2024,7,Diabetes,28,0
F017,2024,7,Hypertension,73,0
F017,2024,7,Malnutrition,50,0
F017,2024,8,Malaria,171,1
F017,2024,8,Pneumonia,77,0
F017,2024,8,Diarrhoea,164,1
F017,2024,8,TB,18,0
F017,2024,8,HIV/AIDS,30,0
F017,2024,8,Typhoid,45,0
F017,2024,8,Anaemia,93,1
F017,2024,8,Diabetes,25,0
F017,2024,8,Hypertension,80,0
F017,2024,8,Malnutrition,30,0
F017,2024,9,Malaria,173,1
F017,2024,9,Pneumonia,68,0
F017,2024,9,Diarrhoea,195,1
F017,2024,9,TB,13,0
F017,2024,9,HIV/AIDS,24,0
F017,2024,9,Typhoid,70,0
F017,2024,9,Anaemia,88,0
F017,2024,9,Diabetes,32,0
F017,2024,9,Hypertension,47,0
F017,2024,9,Malnutrition,58,0
F017,2024,10,Malaria,245,1
F017,2024,10,Pneumonia,91,1
F017,2024,10,Diarrhoea,185,1
F017,2024,10,TB,24,0
F017,2024,10,HIV/AIDS,35,0
F017,2024,10,Typhoid,42,0
F017,2024,10,Anaemia,57,0
F017,2024,10,Diabetes,36,0
F017,2024,10,Hypertension,51,0
F017,2024,10,Malnutrition,31,0
F017,2024,11,Malaria,250,2
F017,2024,11,Pneumonia,94,0
F017,2024,11,Diarrhoea,160,2
F017,2024,11,TB,14,0
F017,2024,11,HIV/AIDS,20,0
F017,2024,11,Typhoid,67,0
F017,2024,11,Anaemia,73,0
F017,2024,11,Diabetes,47,0
F017,2024,11,Hypertension,74,0
F017,2024,11,Malnutrition,56,0
F017,2024,12,Malaria,252,1
F017,2024,12,Pneumonia,105,1
F017,2024,12,Diarrhoea,100,0
F017,2024,12,TB,24,0
F017,2024,12,HIV/AIDS,18,0
F017,2024,12,Typhoid,53,0
F017,2024,12,Anaemia,80,1
F017,2024,12,Diabetes,22,0
F017,2024,12,Hypertension,39,0
F017,2024,12,Malnutrition,30,0
F018,2023,1,Malaria,116,0
F018,2023,1,Pneumonia,65,0
F018,2023,1,Diarrhoea,43,0
F018,2023,1,TB,10,0
F018,2023,1,HIV/AIDS,14,0
F018,2023,1,Typhoid,14,0
F018,2023,1,Anaemia,24,0
F018,2023,1,Diabetes,19,0
F018,2023,1,Hypertension,24,0
F018,2023,1,Malnutrition,20,0
F018,2023,2,Malaria,97,0
F018,2023,2,Pneumonia,55,0
F018,2023,2,Diarrhoea,71,0
F018,2023,2,TB,9,0
F018,2023,2,HIV/AIDS,12,0
F018,2023,2,Typhoid,31,0
F018,2023,2,Anaemia,41,0
F018,2023,2,Diabetes,14,0
F018,2023,2,Hypertension,24,0
F018,2023,2,Malnutrition,13,0
F018,2023,3,Malaria,119,1
F018,2023,3,Pneumonia,53,0
F018,2023,3,Diarrhoea,43,0
F018,2023,3,TB,6,0
F018,2023,3,HIV/AIDS,10,0
F018,2023,3,Typhoid,17,0
F018,2023,3,Anaemia,24,0
F018,2023,3,Diabetes,11,0
F018,2023,3,Hypertension,30,0
F018,2023,3,Malnutrition,15,0
F018,2023,4,Malaria,83,0
F018,2023,4,Pneumonia,38,0
F018,2023,4,Diarrhoea,76,0
F018,2023,4,TB,5,0
F018,2023,4,HIV/AIDS,16,0
F018,2023,4,Typhoid,21,0
F018,2023,4,Anaemia,39,0
F018,2023,4,Diabetes,21,0
F018,2023,4,Hypertension,38,0
F018,2023,4,Malnutrition,20,0
F018,2023,5,Malaria,114,0
F018,2023,5,Pneumonia,61,0
F018,2023,5,Diarrhoea,86,1
F018,2023,5,TB,5,0
F018,2023,5,HIV/AIDS,10,0
F018,2023,5,Typhoid,26,0
F018,2023,5,Anaemia,38,0
F018,2023,5,Diabetes,18,0
F018,2023,5,Hypertension,37,0
F018,2023,5,Malnutrition,27,0
F018,2023,6,Malaria,77,0
F018,2023,6,Pneumonia,30,0
F018,2023,6,Diarrhoea,66,0
F018,2023,6,TB,5,0
F018,2023,6,HIV/AIDS,11,0
F018,2023,6,Typhoid,26,0
F018,2023,6,Anaemia,24,0
F018,2023,6,Diabetes,12,0
F018,2023,6,Hypertension,17,0
F018,2023,6,Malnutrition,26,0
F018,2023,7,Malaria,98,0
F018,2023,7,Pneumonia,36,0
F018,2023,7,Diarrhoea,62,0
F018,2023,7,TB,8,0
F018,2023,7,HIV/AIDS,8,0
F018,2023,7,Typhoid,18,0
F018,2023,7,Anaemia,37,0
F018,2023,7,Diabetes,18,0
F018,2023,7,Hypertension,32,0
F018,2023,7,Malnutrition,12,0
F018,2023,8,Malaria,100,1
F018,2023,8,Pneumonia,59,0
F018,2023,8,Diarrhoea,47,0
F018,2023,8,TB,11,0
F018,2023,8,HIV/AIDS,12,0
F018,2023,8,Typhoid,28,0
F018,2023,8,Anaemia,35,0
F018,2023,8,Diabetes,19,0
F018,2023,8,Hypertension,25,0
F018,2023,8,Malnutrition,16,0
F018,2023,9,Malaria,104,0
F018,2023,9,Pneumonia,56,0
F018,2023,9,Diarrhoea,88,0
F018,2023,9,TB,10,0
F018,2023,9,HIV/AIDS,12,0
F018,2023,9,Typhoid,21,0
F018,2023,9,Anaemia,25,0
F018,2023,9,Diabetes,10,0
F018,2023,9,Hypertension,28,0
F018,2023,9,Malnutrition,21,0
F018,2023,10,Malaria,72,0
F018,2023,10,Pneumonia,36,0
F018,2023,10,Diarrhoea,78,0
F018,2023,10,TB,6,0
F018,2023,10,HIV/AIDS,16,0
F018,2023,10,Typhoid,25,0
F018,2023,10,Anaemia,29,0
F018,2023,10,Diabetes,22,0
F018,2023,10,Hypertension,25,0
F018,2023,10,Malnutrition,24,0
F018,2023,11,Malaria,59,0
F018,2023,11,Pneumonia,57,0
F018,2023,11,Diarrhoea,86,0
F018,2023,11,TB,8,0
F018,2023,11,HIV/AIDS,13,0
F018,2023,11,Typhoid,21,0
F018,2023,11,Anaemia,43,0
F018,2023,11,Diabetes,21,0
F018,2023,11,Hypertension,35,0
F018,2023,11,Malnutrition,25,0
F018,2023,12,Malaria,131,1
F018,2023,12,Pneumonia,33,0
F018,2023,12,Diarrhoea,73,0
F018,2023,12,TB,6,0
F018,2023,12,HIV/AIDS,15,0
F018,2023,12,Typhoid,25,0
F018,2023,12,Anaemia,36,0
F018,2023,12,Diabetes,13,0
F018,2023,12,Hypertension,25,0
F018,2023,12,Malnutrition,18,0
F018,2024,1,Malaria,121,0
F018,2024,1,Pneumonia,47,0
F018,2024,1,Diarrhoea,72,0
F018,2024,1,TB,5,0
F018,2024,1,HIV/AIDS,12,0
F018,2024,1,Typhoid,33,0
F018,2024,1,Anaemia,25,0
F018,2024,1,Diabetes,13,0
F018,2024,1,Hypertension,22,0
F018,2024,1,Malnutrition,16,0
F018,2024,2,Malaria,105,0
F018,2024,2,Pneumonia,29,0
F018,2024,2,Diarrhoea,62,0
F018,2024,2,TB,4,0
F018,2024,2,HIV/AIDS,11,0
F018,2024,2,Typhoid,31,0
F018,2024,2,Anaemia,20,0
F018,2024,2,Diabetes,19,0
F018,2024,2,Hypertension,18,0
F018,2024,2,Malnutrition,25,0
F018,2024,3,Malaria,132,1
F018,2024,3,Pneumonia,30,0
F018,2024,3,Diarrhoea,65,0
F018,2024,3,TB,6,0
F018,2024,3,HIV/AIDS,13,0
F018,2024,3,Typhoid,20,0
F018,2024,3,Anaemia,39,0
F018,2024,3,Diabetes,16,0
F018,2024,3,Hypertension,38,0
F018,2024,3,Malnutrition,22,0
F018,2024,4,Malaria,85,0
F018,2024,4,Pneumonia,39,0
F018,2024,4,Diarrhoea,60,0
F018,2024,4,TB,7,0
F018,2024,4,HIV/AIDS,16,0
F018,2024,4,Typhoid,28,0
F018,2024,4,Anaemia,29,0
F018,2024,4,Diabetes,11,0
F018,2024,4,Hypertension,34,0
F018,2024,4,Malnutrition,19,0
F018,2024,5,Malaria,94,0
F018,2024,5,Pneumonia,30,0
F018,2024,5,Diarrhoea,74,0
F018,2024,5,TB,9,0
F018,2024,5,HIV/AIDS,11,0
F018,2024,5,Typhoid,24,0
F018,2024,5,Anaemia,24,0
F018,2024,5,Diabetes,12,0
F018,2024,5,Hypertension,38,0
F018,2024,5,Malnutrition,23,0
F018,2024,6,Malaria,84,1
F018,2024,6,Pneumonia,32,0
F018,2024,6,Diarrhoea,42,0
F018,2024,6,TB,10,0
F018,2024,6,HIV/AIDS,8,0
F018,2024,6,Typhoid,25,0
F018,2024,6,Anaemia,22,0
F018,2024,6,Diabetes,12,0
F018,2024,6,Hypertension,31,0
F018,2024,6,Malnutrition,19,0
F018,2024,7,Malaria,84,0
F018,2024,7,Pneumonia,37,0
F018,2024,7,Diarrhoea,72,0
F018,2024,7,TB,6,0
F018,2024,7,HIV/AIDS,16,0
F018,2024,7,Typhoid,20,0
F018,2024,7,Anaemia,29,0
F018,2024,7,Diabetes,22,0
F018,2024,7,Hypertension,22,0
F018,2024,7,Malnutrition,15,0
F018,2024,8,Malaria,76,0
F018,2024,8,Pneumonia,46,0
F018,2024,8,Diarrhoea,45,0
F018,2024,8,TB,9,0
F018,2024,8,HIV/AIDS,8,0
F018,2024,8,Typhoid,14,0
F018,2024,8,Anaemia,21,0
F018,2024,8,Diabetes,20,0
F018,2024,8,Hypertension,20,0
F018,2024,8,Malnutrition,16,0
F018,2024,9,Malaria,89,0
F018,2024,9,Pneumonia,41,0
F018,2024,9,Diarrhoea,78,0
F018,2024,9,TB,7,0
F018,2024,9,HIV/AIDS,15,0
F018,2024,9,Typhoid,30,0
F018,2024,9,Anaemia,22,0
F018,2024,9,Diabetes,16,0
F018,2024,9,Hypertension,25,0
F018,2024,9,Malnutrition,21,0
F018,2024,10,Malaria,114,0
F018,2024,10,Pneumonia,55,0
F018,2024,10,Diarrhoea,70,0
F018,2024,10,TB,10,0
F018,2024,10,HIV/AIDS,11,0
F018,2024,10,Typhoid,30,0
F018,2024,10,Anaemia,42,0
F018,2024,10,Diabetes,19,0
F018,2024,10,Hypertension,17,0
F018,2024,10,Malnutrition,18,0
F018,2024,11,Malaria,108,0
F018,2024,11,Pneumonia,37,0
F018,2024,11,Diarrhoea,72,0
F018,2024,11,TB,7,0
F018,2024,11,HIV/AIDS,10,0
F018,2024,11,Typhoid,24,0
F018,2024,11,Anaemia,21,0
F018,2024,11,Diabetes,16,0
F018,2024,11,Hypertension,28,0
F018,2024,11,Malnutrition,14,0
F018,2024,12,Malaria,68,0
F018,2024,12,Pneumonia,66,0
F018,2024,12,Diarrhoea,87,0
F018,2024,12,TB,8,0
F018,2024,12,HIV/AIDS,9,0
F018,2024,12,Typhoid,24,0
F018,2024,12,Anaemia,41,0
F018,2024,12,Diabetes,11,0
F018,2024,12,Hypertension,35,0
F018,2024,12,Malnutrition,27,0
F019,2023,1,Malaria,75,0
F019,2023,1,Pneumonia,45,0
F019,2023,1,Diarrhoea,75,0
F019,2023,1,TB,11,0
F019,2023,1,HIV/AIDS,10,0
F019,2023,1,Typhoid,30,0
F019,2023,1,Anaemia,33,0
F019,2023,1,Diabetes,10,0
F019,2023,1,Hypertension,30,0
F019,2023,1,Malnutrition,27,0
F019,2023,2,Malaria,60,0
F019,2023,2,Pneumonia,32,0
F019,2023,2,Diarrhoea,50,0
F019,2023,2,TB,7,0
F019,2023,2,HIV/AIDS,12,0
F019,2023,2,Typhoid,17,0
F019,2023,2,Anaemia,30,0
F019,2023,2,Diabetes,10,0
F019,2023,2,Hypertension,32,0
F019,2023,2,Malnutrition,19,0
F019,2023,3,Malaria,95,0
F019,2023,3,Pneumonia,61,0
F019,2023,3,Diarrhoea,60,0
F019,2023,3,TB,10,0
F019,2023,3,HIV/AIDS,8,0
F019,2023,3,Typhoid,18,0
F019,2023,3,Anaemia,20,0
F019,2023,3,Diabetes,13,0
F019,2023,3,Hypertension,25,0
F019,2023,3,Malnutrition,22,0
F019,2023,4,Malaria,61,0
F019,2023,4,Pneumonia,29,0
F019,2023,4,Diarrhoea,56,0
F019,2023,4,TB,7,0
F019,2023,4,HIV/AIDS,13,0
F019,2023,4,Typhoid,14,0
F019,2023,4,Anaemia,26,0
F019,2023,4,Diabetes,19,0
F019,2023,4,Hypertension,25,0
F019,2023,4,Malnutrition,26,0
F019,2023,5,Malaria,103,0
F019,2023,5,Pneumonia,42,0
F019,2023,5,Diarrhoea,53,0
F019,2023,5,TB,8,0
F019,2023,5,HIV/AIDS,12,0
F019,2023,5,Typhoid,19,0
F019,2023,5,Anaemia,41,0
F019,2023,5,Diabetes,12,0
F019,2023,5,Hypertension,37,0
F019,2023,5,Malnutrition,17,0
F019,2023,6,Malaria,63,0
F019,2023,6,Pneumonia,41,0
F019,2023,6,Diarrhoea,55,0
F019,2023,6,TB,7,0
F019,2023,6,HIV/AIDS,10,0
F019,2023,6,Typhoid,25,0
F019,2023,6,Anaemia,34,0
F019,2023,6,Diabetes,12,0
F019,2023,6,Hypertension,34,0
F019,2023,6,Malnutrition,15,0
F019,2023,7,Malaria,96,0
F019,2023,7,Pneumonia,43,0
F019,2023,7,Diarrhoea,87,0
F019,2023,7,TB,6,0
F019,2023,7,HIV/AIDS,15,0
F019,2023,7,Typhoid,26,0
F019,2023,7,Anaemia,38,0
F019,2023,7,Diabetes,12,0
F019,2023,7,Hypertension,23,0
F019,2023,7,Malnutrition,26,0
F019,2023,8,Malaria,120,0
F019,2023,8,Pneumonia,60,0
F019,2023,8,Diarrhoea,69,0
F019,2023,8,TB,6,0
F019,2023,8,HIV/AIDS,10,0
F019,2023,8,Typhoid,29,0
F019,2023,8,Anaemia,28,0
F019,2023,8,Diabetes,10,0
F019,2023,8,Hypertension,19,0
F019,2023,8,Malnutrition,15,0
F019,2023,9,Malaria,70,0
F019,2023,9,Pneumonia,37,0
F019,2023,9,Diarrhoea,75,1
F019,2023,9,TB,5,0
F019,2023,9,HIV/AIDS,11,0
F019,2023,9,Typhoid,14,0
F019,2023,9,Anaemia,43,0
F019,2023,9,Diabetes,20,0
F019,2023,9,Hypertension,23,0
F019,2023,9,Malnutrition,13,0
F019,2023,10,Malaria,71,0
F019,2023,10,Pneumonia,49,0
F019,2023,10,Diarrhoea,74,0
F019,2023,10,TB,8,0
F019,2023,10,HIV/AIDS,15,0
F019,2023,10,Typhoid,14,0
F019,2023,10,Anaemia,25,0
F019,2023,10,Diabetes,16,0
F019,2023,10,Hypertension,25,0
F019,2023,10,Malnutrition,26,0
F019,2023,11,Malaria,127,1
F019,2023,11,Pneumonia,44,0
F019,2023,11,Diarrhoea,82,0
F019,2023,11,TB,7,0
F019,2023,11,HIV/AIDS,12,0
F019,2023,11,Typhoid,30,0
F019,2023,11,Anaemia,37,0
F019,2023,11,Diabetes,22,0
F019,2023,11,Hypertension,23,0
F019,2023,11,Malnutrition,23,0
F019,2023,12,Malaria,85,1
F019,2023,12,Pneumonia,59,0
F019,2023,12,Diarrhoea,53,0
F019,2023,12,TB,6,0
F019,2023,12,HIV/AIDS,8,0
F019,2023,12,Typhoid,27,0
F019,2023,12,Anaemia,19,0
F019,2023,12,Diabetes,9,0
F019,2023,12,Hypertension,20,0
F019,2023,12,Malnutrition,22,0
F019,2024,1,Malaria,125,0
F019,2024,1,Pneumonia,37,0
F019,2024,1,Diarrhoea,80,1
F019,2024,1,TB,5,0
F019,2024,1,HIV/AIDS,10,0
F019,2024,1,Typhoid,20,0
F019,2024,1,Anaemia,32,0
F019,2024,1,Diabetes,15,0
F019,2024,1,Hypertension,32,0
F019,2024,1,Malnutrition,16,0
F019,2024,2,Malaria,104,0
F019,2024,2,Pneumonia,52,0
F019,2024,2,Diarrhoea,45,0
F019,2024,2,TB,9,0
F019,2024,2,HIV/AIDS,11,0
F019,2024,2,Typhoid,29,0
F019,2024,2,Anaemia,26,0
F019,2024,2,Diabetes,19,0
F019,2024,2,Hypertension,35,0
F019,2024,2,Malnutrition,23,0
F019,2024,3,Malaria,79,1
F019,2024,3,Pneumonia,31,0
F019,2024,3,Diarrhoea,80,0
F019,2024,3,TB,9,0
F019,2024,3,HIV/AIDS,8,0
F019,2024,3,Typhoid,16,0
F019,2024,3,Anaemia,41,0
F019,2024,3,Diabetes,17,0
F019,2024,3,Hypertension,18,0
F019,2024,3,Malnutrition,26,0
F019,2024,4,Malaria,89,0
F019,2024,4,Pneumonia,36,0
F019,2024,4,Diarrhoea,56,0
F019,2024,4,TB,9,0
F019,2024,4,HIV/AIDS,13,0
F019,2024,4,Typhoid,17,0
F019,2024,4,Anaemia,28,0
F019,2024,4,Diabetes,12,0
F019,2024,4,Hypertension,29,0
F019,2024,4,Malnutrition,14,0
F019,2024,5,Malaria,101,0
F019,2024,5,Pneumonia,34,0
F019,2024,5,Diarrhoea,80,1
F019,2024,5,TB,9,0
F019,2024,5,HIV/AIDS,13,0
F019,2024,5,Typhoid,16,0
F019,2024,5,Anaemia,41,0
F019,2024,5,Diabetes,21,0
F019,2024,5,Hypertension,20,0
F019,2024,5,Malnutrition,15,0
F019,2024,6,Malaria,112,0
F019,2024,6,Pneumonia,50,0
F019,2024,6,Diarrhoea,47,0
F019,2024,6,TB,4,0
F019,2024,6,HIV/AIDS,8,0
F019,2024,6,Typhoid,31,0
F019,2024,6,Anaemia,29,0
F019,2024,6,Diabetes,10,0
F019,2024,6,Hypertension,24,0
F019,2024,6,Malnutrition,13,0
F019,2024,7,Malaria,100,0
F019,2024,7,Pneumonia,63,0
F019,2024,7,Diarrhoea,57,0
F019,2024,7,TB,9,0
F019,2024,7,HIV/AIDS,12,0
F019,2024,7,Typhoid,32,0
F019,2024,7,Anaemia,22,0
F019,2024,7,Diabetes,15,0
F019,2024,7,Hypertension,27,0
F019,2024,7,Malnutrition,18,0
F019,2024,8,Malaria,59,0
F019,2024,8,Pneumonia,62,0
F019,2024,8,Diarrhoea,87,0
F019,2024,8,TB,9,0
F019,2024,8,HIV/AIDS,15,0
F019,2024,8,Typhoid,30,0
F019,2024,8,Anaemia,19,0
F019,2024,8,Diabetes,15,0
F019,2024,8,Hypertension,24,0
F019,2024,8,Malnutrition,21,0
F019,2024,9,Malaria,127,1
F019,2024,9,Pneumonia,37,0
F019,2024,9,Diarrhoea,80,0
F019,2024,9,TB,10,0
F019,2024,9,HIV/AIDS,12,0
F019,2024,9,Typhoid,14,0
F019,2024,9,Anaemia,44,0
F019,2024,9,Diabetes,14,0
F019,2024,9,Hypertension,33,0
F019,2024,9,Malnutrition,15,0
F019,2024,10,Malaria,61,0
F019,2024,10,Pneumonia,47,0
F019,2024,10,Diarrhoea,73,0
F019,2024,10,TB,8,0
F019,2024,10,HIV/AIDS,11,0
F019,2024,10,Typhoid,27,0
F019,2024,10,Anaemia,41,0
F019,2024,10,Diabetes,14,0
F019,2024,10,Hypertension,28,0
F019,2024,10,Malnutrition,24,0
F019,2024,11,Malaria,118,1
F019,2024,11,Pneumonia,30,0
F019,2024,11,Diarrhoea,88,0
F019,2024,11,TB,7,0
F019,2024,11,HIV/AIDS,12,0
F019,2024,11,Typhoid,20,0
F019,2024,11,Anaemia,28,0
F019,2024,11,Diabetes,21,0
F019,2024,11,Hypertension,29,0
F019,2024,11,Malnutrition,13,0
F019,2024,12,Malaria,106,0
F019,2024,12,Pneumonia,64,0
F019,2024,12,Diarrhoea,76,0
F019,2024,12,TB,5,0
F019,2024,12,HIV/AIDS,9,0
F019,2024,12,Typhoid,24,0
F019,2024,12,Anaemia,40,0
F019,2024,12,Diabetes,16,0
F019,2024,12,Hypertension,18,0
F019,2024,12,Malnutrition,19,0
F020,2023,1,Malaria,66,0
F020,2023,1,Pneumonia,53,0
F020,2023,1,Diarrhoea,44,0
F020,2023,1,TB,10,0
F020,2023,1,HIV/AIDS,16,0
F020,2023,1,Typhoid,28,0
F020,2023,1,Anaemia,22,0
F020,2023,1,Diabetes,18,0
F020,2023,1,Hypertension,25,0
F020,2023,1,Malnutrition,26,0
F020,2023,2,Malaria,105,0
F020,2023,2,Pneumonia,34,0
F020,2023,2,Diarrhoea,76,0
F020,2023,2,TB,7,0
F020,2023,2,HIV/AIDS,16,0
F020,2023,2,Typhoid,18,0
F020,2023,2,Anaemia,24,0
F020,2023,2,Diabetes,12,0
F020,2023,2,Hypertension,20,0
F020,2023,2,Malnutrition,22,0
F020,2023,3,Malaria,97,0
F020,2023,3,Pneumonia,58,0
F020,2023,3,Diarrhoea,43,0
F020,2023,3,TB,8,0
F020,2023,3,HIV/AIDS,12,0
F020,2023,3,Typhoid,30,0
F020,2023,3,Anaemia,27,0
F020,2023,3,Diabetes,17,0
F020,2023,3,Hypertension,17,0
F020,2023,3,Malnutrition,15,0
F020,2023,4,Malaria,133,0
F020,2023,4,Pneumonia,43,0
F020,2023,4,Diarrhoea,79,0
F020,2023,4,TB,4,0
F020,2023,4,HIV/AIDS,14,0
F020,2023,4,Typhoid,21,0
F020,2023,4,Anaemia,34,0
F020,2023,4,Diabetes,19,0
F020,2023,4,Hypertension,26,0
F020,2023,4,Malnutrition,15,0
F020,2023,5,Malaria,99,0
F020,2023,5,Pneumonia,43,0
F020,2023,5,Diarrhoea,45,0
F020,2023,5,TB,6,0
F020,2023,5,HIV/AIDS,14,0
F020,2023,5,Typhoid,17,0
F020,2023,5,Anaemia,20,0
F020,2023,5,Diabetes,17,0
F020,2023,5,Hypertension,29,0
F020,2023,5,Malnutrition,14,0
F020,2023,6,Malaria,91,1
F020,2023,6,Pneumonia,32,0
F020,2023,6,Diarrhoea,68,0
F020,2023,6,TB,5,0
F020,2023,6,HIV/AIDS,12,0
F020,2023,6,Typhoid,16,0
F020,2023,6,Anaemia,43,0
F020,2023,6,Diabetes,20,0
F020,2023,6,Hypertension,16,0
F020,2023,6,Malnutrition,25,0
F020,2023,7,Malaria,62,0
F020,2023,7,Pneumonia,42,0
F020,2023,7,Diarrhoea,87,0
F020,2023,7,TB,9,0
F020,2023,7,HIV/AIDS,11,0
F020,2023,7,Typhoid,26,0
F020,2023,7,Anaemia,34,0
F020,2023,7,Diabetes,14,0
F020,2023,7,Hypertension,35,0
F020,2023,7,Malnutrition,16,0
F020,2023,8,Malaria,68,0
F020,2023,8,Pneumonia,46,0
F020,2023,8,Diarrhoea,40,0
F020,2023,8,TB,5,0
F020,2023,8,HIV/AIDS,8,0
F020,2023,8,Typhoid,29,0
F020,2023,8,Anaemia,29,0
F020,2023,8,Diabetes,15,0
F020,2023,8,Hypertension,37,0
F020,2023,8,Malnutrition,18,0
F020,2023,9,Malaria,58,0
F020,2023,9,Pneumonia,56,0
F020,2023,9,Diarrhoea,43,0
F020,2023,9,TB,10,0
F020,2023,9,HIV/AIDS,10,0
F020,2023,9,Typhoid,16,0
F020,2023,9,Anaemia,29,0
F020,2023,9,Diabetes,10,0
F020,2023,9,Hypertension,24,0
F020,2023,9,Malnutrition,25,0
F020,2023,10,Malaria,132,1
F020,2023,10,Pneumonia,47,0
F020,2023,10,Diarrhoea,58,0
F020,2023,10,TB,6,0
F020,2023,10,HIV/AIDS,11,0
F020,2023,10,Typhoid,30,0
F020,2023,10,Anaemia,30,0
F020,2023,10,Diabetes,17,0
F020,2023,10,Hypertension,21,0
F020,2023,10,Malnutrition,17,0
F020,2023,11,Malaria,119,1
F020,2023,11,Pneumonia,52,0
F020,2023,11,Diarrhoea,79,1
F020,2023,11,TB,10,0
F020,2023,11,HIV/AIDS,15,0
F020,2023,11,Typhoid,17,0
F020,2023,11,Anaemia,20,0
F020,2023,11,Diabetes,11,0
F020,2023,11,Hypertension,17,0
F020,2023,11,Malnutrition,16,0
F020,2023,12,Malaria,65,0
F020,2023,12,Pneumonia,52,0
F020,2023,12,Diarrhoea,41,0
F020,2023,12,TB,7,0
F020,2023,12,HIV/AIDS,11,0
F020,2023,12,Typhoid,15,0
F020,2023,12,Anaemia,25,0
F020,2023,12,Diabetes,19,0
F020,2023,12,Hypertension,35,0
F020,2023,12,Malnutrition,23,0
F020,2024,1,Malaria,111,1
F020,2024,1,Pneumonia,40,0
F020,2024,1,Diarrhoea,74,0
F020,2024,1,TB,5,0
F020,2024,1,HIV/AIDS,13,0
F020,2024,1,Typhoid,25,0
F020,2024,1,Anaemia,34,0
F020,2024,1,Diabetes,21,0
F020,2024,1,Hypertension,28,0
F020,2024,1,Malnutrition,15,0
F020,2024,2,Malaria,93,0
F020,2024,2,Pneumonia,33,0
F020,2024,2,Diarrhoea,69,0
F020,2024,2,TB,5,0
F020,2024,2,HIV/AIDS,16,0
F020,2024,2,Typhoid,23,0
F020,2024,2,Anaemia,31,0
F020,2024,2,Diabetes,12,0
F020,2024,2,Hypertension,33,0
F020,2024,2,Malnutrition,15,0
F020,2024,3,Malaria,97,0
F020,2024,3,Pneumonia,39,0
F020,2024,3,Diarrhoea,44,0
F020,2024,3,TB,9,0
F020,2024,3,HIV/AIDS,15,0
F020,2024,3,Typhoid,31,0
F020,2024,3,Anaemia,43,0
F020,2024,3,Diabetes,12,0
F020,2024,3,Hypertension,27,0
F020,2024,3,Malnutrition,25,0
F020,2024,4,Malaria,89,1
F020,2024,4,Pneumonia,54,0
F020,2024,4,Diarrhoea,70,0
F020,2024,4,TB,6,0
F020,2024,4,HIV/AIDS,15,0
F020,2024,4,Typhoid,33,0
F020,2024,4,Anaemia,28,0
F020,2024,4,Diabetes,17,0
F020,2024,4,Hypertension,28,0
F020,2024,4,Malnutrition,21,0
F020,2024,5,Malaria,126,0
F020,2024,5,Pneumonia,45,0
F020,2024,5,Diarrhoea,81,0
F020,2024,5,TB,8,0
F020,2024,5,HIV/AIDS,13,0
F020,2024,5,Typhoid,30,0
F020,2024,5,Anaemia,33,0
F020,2024,5,Diabetes,12,0
F020,2024,5,Hypertension,20,0
F020,2024,5,Malnutrition,27,0
F020,2024,6,Malaria,97,1
F020,2024,6,Pneumonia,37,0
F020,2024,6,Diarrhoea,88,0
F020,2024,6,TB,10,0
F020,2024,6,HIV/AIDS,7,0
F020,2024,6,Typhoid,24,0
F020,2024,6,Anaemia,27,0
F020,2024,6,Diabetes,20,0
F020,2024,6,Hypertension,21,0
F020,2024,6,Malnutrition,16,0
F020,2024,7,Malaria,116,1
F020,2024,7,Pneumonia,64,0
F020,2024,7,Diarrhoea,63,0
F020,2024,7,TB,6,0
F020,2024,7,HIV/AIDS,13,0
F020,2024,7,Typhoid,24,0
F020,2024,7,Anaemia,38,0
F020,2024,7,Diabetes,22,0
F020,2024,7,Hypertension,27,0
F020,2024,7,Malnutrition,16,0
F020,2024,8,Malaria,75,0
F020,2024,8,Pneumonia,63,0
F020,2024,8,Diarrhoea,68,0
F020,2024,8,TB,7,0
F020,2024,8,HIV/AIDS,12,0
F020,2024,8,Typhoid,23,0
F020,2024,8,Anaemia,39,0
F020,2024,8,Diabetes,12,0
F020,2024,8,Hypertension,24,0
F020,2024,8,Malnutrition,19,0
F020,2024,9,Malaria,119,1
F020,2024,9,Pneumonia,44,0
F020,2024,9,Diarrhoea,40,0
F020,2024,9,TB,7,0
F020,2024,9,HIV/AIDS,15,0
F020,2024,9,Typhoid,24,0
F020,2024,9,Anaemia,43,0
F020,2024,9,Diabetes,13,0
F020,2024,9,Hypertension,20,0
F020,2024,9,Malnutrition,14,0
F020,2024,10,Malaria,87,0
F020,2024,10,Pneumonia,64,0
F020,2024,10,Diarrhoea,50,0
F020,2024,10,TB,6,0
F020,2024,10,HIV/AIDS,7,0
F020,2024,10,Typhoid,32,0
F020,2024,10,Anaemia,26,0
F020,2024,10,Diabetes,18,0
F020,2024,10,Hypertension,17,0
F020,2024,10,Malnutrition,27,0
F020,2024,11,Malaria,69,1
F020,2024,11,Pneumonia,49,0
F020,2024,11,Diarrhoea,41,0
F020,2024,11,TB,10,0
F020,2024,11,HIV/AIDS,7,0
F020,2024,11,Typhoid,16,0
F020,2024,11,Anaemia,44,0
F020,2024,11,Diabetes,18,0
F020,2024,11,Hypertension,31,0
F020,2024,11,Malnutrition,25,0
F020,2024,12,Malaria,88,0
F020,2024,12,Pneumonia,47,0
F020,2024,12,Diarrhoea,38,0
F020,2024,12,TB,6,0
F020,2024,12,HIV/AIDS,10,0
F020,2024,12,Typhoid,22,0
F020,2024,12,Anaemia,37,0
F020,2024,12,Diabetes,14,0
F020,2024,12,Hypertension,33,0
F020,2024,12,Malnutrition,16,0
F021,2023,1,Malaria,203,2
F021,2023,1,Pneumonia,140,1
F021,2023,1,Diarrhoea,117,1
F021,2023,1,TB,16,0
F021,2023,1,HIV/AIDS,26,0
F021,2023,1,Typhoid,71,0
F021,2023,1,Anaemia,46,0
F021,2023,1,Diabetes,41,0
F021,2023,1,Hypertension,66,0
F021,2023,1,Malnutrition,28,0
F021,2023,2,Malaria,286,0
F021,2023,2,Pneumonia,99,1
F021,2023,2,Diarrhoea,103,0
F021,2023,2,TB,17,0
F021,2023,2,HIV/AIDS,34,0
F021,2023,2,Typhoid,42,0
F021,2023,2,Anaemia,53,0
F021,2023,2,Diabetes,32,0
F021,2023,2,Hypertension,59,0
F021,2023,2,Malnutrition,49,0
F021,2023,3,Malaria,250,2
F021,2023,3,Pneumonia,124,1
F021,2023,3,Diarrhoea,122,0
F021,2023,3,TB,18,0
F021,2023,3,HIV/AIDS,34,0
F021,2023,3,Typhoid,57,0
F021,2023,3,Anaemia,89,0
F021,2023,3,Diabetes,25,0
F021,2023,3,Hypertension,67,0
F021,2023,3,Malnutrition,57,0
F021,2023,4,Malaria,301,1
F021,2023,4,Pneumonia,145,1
F021,2023,4,Diarrhoea,91,0
F021,2023,4,TB,17,0
F021,2023,4,HIV/AIDS,31,0
F021,2023,4,Typhoid,58,0
F021,2023,4,Anaemia,75,0
F021,2023,4,Diabetes,33,0
F021,2023,4,Hypertension,86,0
F021,2023,4,Malnutrition,30,0
F021,2023,5,Malaria,186,1
F021,2023,5,Pneumonia,97,0
F021,2023,5,Diarrhoea,89,0
F021,2023,5,TB,19,0
F021,2023,5,HIV/AIDS,22,0
F021,2023,5,Typhoid,43,0
F021,2023,5,Anaemia,96,1
F021,2023,5,Diabetes,41,0
F021,2023,5,Hypertension,83,1
F021,2023,5,Malnutrition,49,0
F021,2023,6,Malaria,200,1
F021,2023,6,Pneumonia,102,0
F021,2023,6,Diarrhoea,180,2
F021,2023,6,TB,15,0
F021,2023,6,HIV/AIDS,26,0
F021,2023,6,Typhoid,55,0
F021,2023,6,Anaemia,69,0
F021,2023,6,Diabetes,43,0
F021,2023,6,Hypertension,47,0
F021,2023,6,Malnutrition,48,0
F021,2023,7,Malaria,171,2
F021,2023,7,Pneumonia,87,0
F021,2023,7,Diarrhoea,130,0
F021,2023,7,TB,19,0
F021,2023,7,HIV/AIDS,23,0
F021,2023,7,Typhoid,37,0
F021,2023,7,Anaemia,77,0
F021,2023,7,Diabetes,48,0
F021,2023,7,Hypertension,84,0
F021,2023,7,Malnutrition,57,0
F021,2023,8,Malaria,155,0
F021,2023,8,Pneumonia,130,0
F021,2023,8,Diarrhoea,197,1
F021,2023,8,TB,20,0
F021,2023,8,HIV/AIDS,19,0
F021,2023,8,Typhoid,35,0
F021,2023,8,Anaemia,47,0
F021,2023,8,Diabetes,49,0
F021,2023,8,Hypertension,83,1
F021,2023,8,Malnutrition,56,0
F021,2023,9,Malaria,267,2
F021,2023,9,Pneumonia,150,0
F021,2023,9,Diarrhoea,190,1
F021,2023,9,TB,12,0
F021,2023,9,HIV/AIDS,37,0
F021,2023,9,Typhoid,53,0
F021,2023,9,Anaemia,54,0
F021,2023,9,Diabetes,38,0
F021,2023,9,Hypertension,55,0
F021,2023,9,Malnutrition,59,0
F021,2023,10,Malaria,176,0
F021,2023,10,Pneumonia,126,1
F021,2023,10,Diarrhoea,184,1
F021,2023,10,TB,16,0
F021,2023,10,HIV/AIDS,18,0
F021,2023,10,Typhoid,41,0
F021,2023,10,Anaemia,85,1
F021,2023,10,Diabetes,31,0
F021,2023,10,Hypertension,72,0
F021,2023,10,Malnutrition,58,0
F021,2023,11,Malaria,209,1
F021,2023,11,Pneumonia,135,0
F021,2023,11,Diarrhoea,199,2
F021,2023,11,TB,13,0
F021,2023,11,HIV/AIDS,30,0
F021,2023,11,Typhoid,42,0
F021,2023,11,Anaemia,57,0
F021,2023,11,Diabetes,49,0
F021,2023,11,Hypertension,39,0
F021,2023,11,Malnutrition,36,0
F021,2023,12,Malaria,178,1
F021,2023,12,Pneumonia,128,1
F021,2023,12,Diarrhoea,183,0
F021,2023,12,TB,12,0
F021,2023,12,HIV/AIDS,36,0
F021,2023,12,Typhoid,44,0
F021,2023,12,Anaemia,87,0
F021,2023,12,Diabetes,35,0
F021,2023,12,Hypertension,74,1
F021,2023,12,Malnutrition,43,0
F021,2024,1,Malaria,198,0
F021,2024,1,Pneumonia,122,1
F021,2024,1,Diarrhoea,164,0
F021,2024,1,TB,13,0
F021,2024,1,HIV/AIDS,34,0
F021,2024,1,Typhoid,61,0
F021,2024,1,Anaemia,94,0
F021,2024,1,Diabetes,21,0
F021,2024,1,Hypertension,78,0
F021,2024,1,Malnutrition,55,0
F021,2024,2,Malaria,272,1
F021,2024,2,Pneumonia,126,0
F021,2024,2,Diarrhoea,130,1
F021,2024,2,TB,24,0
F021,2024,2,HIV/AIDS,27,0
F021,2024,2,Typhoid,43,0
F021,2024,2,Anaemia,62,0
F021,2024,2,Diabetes,30,0
F021,2024,2,Hypertension,84,0
F021,2024,2,Malnutrition,49,0
F021,2024,3,Malaria,141,1
F021,2024,3,Pneumonia,102,0
F021,2024,3,Diarrhoea,145,0
F021,2024,3,TB,16,0
F021,2024,3,HIV/AIDS,22,0
F021,2024,3,Typhoid,61,0
F021,2024,3,Anaemia,58,0
F021,2024,3,Diabetes,36,0
F021,2024,3,Hypertension,82,0
F021,2024,3,Malnutrition,44,0
F021,2024,4,Malaria,207,2
F021,2024,4,Pneumonia,74,0
F021,2024,4,Diarrhoea,161,2
F021,2024,4,TB,21,0
F021,2024,4,HIV/AIDS,30,0
F021,2024,4,Typhoid,55,0
F021,2024,4,Anaemia,72,0
F021,2024,4,Diabetes,37,0
F021,2024,4,Hypertension,69,0
F021,2024,4,Malnutrition,62,0
F021,2024,5,Malaria,263,3
F021,2024,5,Pneumonia,130,1
F021,2024,5,Diarrhoea,121,1
F021,2024,5,TB,17,0
F021,2024,5,HIV/AIDS,34,0
F021,2024,5,Typhoid,68,0
F021,2024,5,Anaemia,57,0
F021,2024,5,Diabetes,44,0
F021,2024,5,Hypertension,87,0
F021,2024,5,Malnutrition,61,0
F021,2024,6,Malaria,159,0
F021,2024,6,Pneumonia,82,0
F021,2024,6,Diarrhoea,112,0
F021,2024,6,TB,18,0
F021,2024,6,HIV/AIDS,33,0
F021,2024,6,Typhoid,37,0
F021,2024,6,Anaemia,74,0
F021,2024,6,Diabetes,48,0
F021,2024,6,Hypertension,82,0
F021,2024,6,Malnutrition,33,0
F021,2024,7,Malaria,289,3
F021,2024,7,Pneumonia,112,0
F021,2024,7,Diarrhoea,103,0
F021,2024,7,TB,12,0
F021,2024,7,HIV/AIDS,19,0
F021,2024,7,Typhoid,35,0
F021,2024,7,Anaemia,69,0
F021,2024,7,Diabetes,22,0
F021,2024,7,Hypertension,80,0
F021,2024,7,Malnutrition,58,0
F021,2024,8,Malaria,246,2
F021,2024,8,Pneumonia,75,0
F021,2024,8,Diarrhoea,180,0
F021,2024,8,TB,16,0
F021,2024,8,HIV/AIDS,17,0
F021,2024,8,Typhoid,71,0
F021,2024,8,Anaemia,61,0
F021,2024,8,Diabetes,48,0
F021,2024,8,Hypertension,75,0
F021,2024,8,Malnutrition,36,0
F021,2024,9,Malaria,262,2
F021,2024,9,Pneumonia,76,0
F021,2024,9,Diarrhoea,133,1
F021,2024,9,TB,15,0
F021,2024,9,HIV/AIDS,18,0
F021,2024,9,Typhoid,64,0
F021,2024,9,Anaemia,69,0
F021,2024,9,Diabetes,47,0
F021,2024,9,Hypertension,78,0
F021,2024,9,Malnutrition,38,0
F021,2024,10,Malaria,195,2
F021,2024,10,Pneumonia,93,1
F021,2024,10,Diarrhoea,91,0
F021,2024,10,TB,23,0
F021,2024,10,HIV/AIDS,22,0
F021,2024,10,Typhoid,71,0
F021,2024,10,Anaemia,64,0
F021,2024,10,Diabetes,42,0
F021,2024,10,Hypertension,82,1
F021,2024,10,Malnutrition,62,0
F021,2024,11,Malaria,206,1
F021,2024,11,Pneumonia,99,1
F021,2024,11,Diarrhoea,191,0
F021,2024,11,TB,19,0
F021,2024,11,HIV/AIDS,29,0
F021,2024,11,Typhoid,56,0
F021,2024,11,Anaemia,67,0
F021,2024,11,Diabetes,37,0
F021,2024,11,Hypertension,74,0
F021,2024,11,Malnutrition,41,0
F021,2024,12,Malaria,208,0
F021,2024,12,Pneumonia,85,0
F021,2024,12,Diarrhoea,150,2
F021,2024,12,TB,18,0
F021,2024,12,HIV/AIDS,37,0
F021,2024,12,Typhoid,53,0
F021,2024,12,Anaemia,64,0
F021,2024,12,Diabetes,38,0
F021,2024,12,Hypertension,60,0
F021,2024,12,Malnutrition,43,0
F022,2023,1,Malaria,249,1
F022,2023,1,Pneumonia,66,0
F022,2023,1,Diarrhoea,136,1
F022,2023,1,TB,25,0
F022,2023,1,HIV/AIDS,37,0
F022,2023,1,Typhoid,56,0
F022,2023,1,Anaemia,65,0
F022,2023,1,Diabetes,23,0
F022,2023,1,Hypertension,76,1
F022,2023,1,Malnutrition,47,0
F022,2023,2,Malaria,292,3
F022,2023,2,Pneumonia,96,0
F022,2023,2,Diarrhoea,198,0
F022,2023,2,TB,17,0
F022,2023,2,HIV/AIDS,18,0
F022,2023,2,Typhoid,53,0
F022,2023,2,Anaemia,53,0
F022,2023,2,Diabetes,37,0
F022,2023,2,Hypertension,70,0
F022,2023,2,Malnutrition,30,0
F022,2023,3,Malaria,199,0
F022,2023,3,Pneumonia,87,0
F022,2023,3,Diarrhoea,155,1
F022,2023,3,TB,18,0
F022,2023,3,HIV/AIDS,17,0
F022,2023,3,Typhoid,75,1
F022,2023,3,Anaemia,84,0
F022,2023,3,Diabetes,47,0
F022,2023,3,Hypertension,65,0
F022,2023,3,Malnutrition,40,0
F022,2023,4,Malaria,137,0
F022,2023,4,Pneumonia,108,0
F022,2023,4,Diarrhoea,152,0
F022,2023,4,TB,23,0
F022,2023,4,HIV/AIDS,16,0
F022,2023,4,Typhoid,72,0
F022,2023,4,Anaemia,79,0
F022,2023,4,Diabetes,41,0
F022,2023,4,Hypertension,51,0
F022,2023,4,Malnutrition,33,0
F022,2023,5,Malaria,177,2
F022,2023,5,Pneumonia,150,1
F022,2023,5,Diarrhoea,192,1
F022,2023,5,TB,23,0
F022,2023,5,HIV/AIDS,22,0
F022,2023,5,Typhoid,53,0
F022,2023,5,Anaemia,95,0
F022,2023,5,Diabetes,26,0
F022,2023,5,Hypertension,60,0
F022,2023,5,Malnutrition,62,0
F022,2023,6,Malaria,292,2
F022,2023,6,Pneumonia,145,1
F022,2023,6,Diarrhoea,87,0
F022,2023,6,TB,22,0
F022,2023,6,HIV/AIDS,30,0
F022,2023,6,Typhoid,34,0
F022,2023,6,Anaemia,64,0
F022,2023,6,Diabetes,26,0
F022,2023,6,Hypertension,78,1
F022,2023,6,Malnutrition,50,0
F022,2023,7,Malaria,203,2
F022,2023,7,Pneumonia,68,0
F022,2023,7,Diarrhoea,195,2
F022,2023,7,TB,17,0
F022,2023,7,HIV/AIDS,19,0
F022,2023,7,Typhoid,52,0
F022,2023,7,Anaemia,77,0
F022,2023,7,Diabetes,21,0
F022,2023,7,Hypertension,83,1
F022,2023,7,Malnutrition,50,0
F022,2023,8,Malaria,228,1
F022,2023,8,Pneumonia,126,1
F022,2023,8,Diarrhoea,112,1
F022,2023,8,TB,22,0
F022,2023,8,HIV/AIDS,25,0
F022,2023,8,Typhoid,41,0
F022,2023,8,Anaemia,63,0
F022,2023,8,Diabetes,29,0
F022,2023,8,Hypertension,43,0
F022,2023,8,Malnutrition,30,0
F022,2023,9,Malaria,254,3
F022,2023,9,Pneumonia,149,0
F022,2023,9,Diarrhoea,122,1
F022,2023,9,TB,13,0
F022,2023,9,HIV/AIDS,32,0
F022,2023,9,Typhoid,46,0
F022,2023,9,Anaemia,87,0
F022,2023,9,Diabetes,33,0
F022,2023,9,Hypertension,41,0
F022,2023,9,Malnutrition,34,0
F022,2023,10,Malaria,266,1
F022,2023,10,Pneumonia,86,1
F022,2023,10,Diarrhoea,181,1
F022,2023,10,TB,24,0
F022,2023,10,HIV/AIDS,17,0
F022,2023,10,Typhoid,74,0
F022,2023,10,Anaemia,86,0
F022,2023,10,Diabetes,38,0
F022,2023,10,Hypertension,73,0
F022,2023,10,Malnutrition,37,0
F022,2023,11,Malaria,163,0
F022,2023,11,Pneumonia,80,0
F022,2023,11,Diarrhoea,130,1
F022,2023,11,TB,23,0
F022,2023,11,HIV/AIDS,22,0
F022,2023,11,Typhoid,55,0
F022,2023,11,Anaemia,46,0
F022,2023,11,Diabetes,48,0
F022,2023,11,Hypertension,57,0
F022,2023,11,Malnutrition,39,0
F022,2023,12,Malaria,295,0
F022,2023,12,Pneumonia,113,1
F022,2023,12,Diarrhoea,87,0
F022,2023,12,TB,24,0
F022,2023,12,HIV/AIDS,23,0
F022,2023,12,Typhoid,59,0
F022,2023,12,Anaemia,44,0
F022,2023,12,Diabetes,24,0
F022,2023,12,Hypertension,85,1
F022,2023,12,Malnutrition,43,0
F022,2024,1,Malaria,196,1
F022,2024,1,Pneumonia,124,0
F022,2024,1,Diarrhoea,179,1
F022,2024,1,TB,17,0
F022,2024,1,HIV/AIDS,31,0
F022,2024,1,Typhoid,59,0
F022,2024,1,Anaemia,78,1
F022,2024,1,Diabetes,30,0
F022,2024,1,Hypertension,51,0
F022,2024,1,Malnutrition,51,0
F022,2024,2,Malaria,283,2
F022,2024,2,Pneumonia,80,1
F022,2024,2,Diarrhoea,176,2
F022,2024,2,TB,15,0
F022,2024,2,HIV/AIDS,16,0
F022,2024,2,Typhoid,65,0
F022,2024,2,Anaemia,46,0
F022,2024,2,Diabetes,31,0
F022,2024,2,Hypertension,84,1
F022,2024,2,Malnutrition,39,0
F022,2024,3,Malaria,248,2
F022,2024,3,Pneumonia,102,1
F022,2024,3,Diarrhoea,125,0
F022,2024,3,TB,11,0
F022,2024,3,HIV/AIDS,18,0
F022,2024,3,Typhoid,40,0
F022,2024,3,Anaemia,77,0
F022,2024,3,Diabetes,31,0
F022,2024,3,Hypertension,71,0
F022,2024,3,Malnutrition,59,0
F022,2024,4,Malaria,272,0
F022,2024,4,Pneumonia,149,0
F022,2024,4,Diarrhoea,164,0
F022,2024,4,TB,15,0
F022,2024,4,HIV/AIDS,20,0
F022,2024,4,Typhoid,37,0
F022,2024,4,Anaemia,50,0
F022,2024,4,Diabetes,27,0
F022,2024,4,Hypertension,68,0
F022,2024,4,Malnutrition,37,0
F022,2024,5,Malaria,181,1
F022,2024,5,Pneumonia,72,0
F022,2024,5,Diarrhoea,161,2
F022,2024,5,TB,19,0
F022,2024,5,HIV/AIDS,27,0
F022,2024,5,Typhoid,64,0
F022,2024,5,Anaemia,82,0
F022,2024,5,Diabetes,22,0
F022,2024,5,Hypertension,39,0
F022,2024,5,Malnutrition,44,0
F022,2024,6,Malaria,131,0
F022,2024,6,Pneumonia,114,1
F022,2024,6,Diarrhoea,191,1
F022,2024,6,TB,11,0
F022,2024,6,HIV/AIDS,25,0
F022,2024,6,Typhoid,66,0
F022,2024,6,Anaemia,100,0
F022,2024,6,Diabetes,41,0
F022,2024,6,Hypertension,82,0
F022,2024,6,Malnutrition,33,0
F022,2024,7,Malaria,182,1
F022,2024,7,Pneumonia,150,1
F022,2024,7,Diarrhoea,88,0
F022,2024,7,TB,17,0
F022,2024,7,HIV/AIDS,34,0
F022,2024,7,Typhoid,32,0
F022,2024,7,Anaemia,63,0
F022,2024,7,Diabetes,35,0
F022,2024,7,Hypertension,53,0
F022,2024,7,Malnutrition,41,0
F022,2024,8,Malaria,208,0
F022,2024,8,Pneumonia,115,1
F022,2024,8,Diarrhoea,162,1
F022,2024,8,TB,22,0
F022,2024,8,HIV/AIDS,20,0
F022,2024,8,Typhoid,36,0
F022,2024,8,Anaemia,88,0
F022,2024,8,Diabetes,40,0
F022,2024,8,Hypertension,80,0
F022,2024,8,Malnutrition,35,0
F022,2024,9,Malaria,295,2
F022,2024,9,Pneumonia,100,0
F022,2024,9,Diarrhoea,88,1
F022,2024,9,TB,12,0
F022,2024,9,HIV/AIDS,25,0
F022,2024,9,Typhoid,59,0
F022,2024,9,Anaemia,94,0
F022,2024,9,Diabetes,49,0
F022,2024,9,Hypertension,54,0
F022,2024,9,Malnutrition,47,0
F022,2024,10,Malaria,223,1
F022,2024,10,Pneumonia,113,0
F022,2024,10,Diarrhoea,106,1
F022,2024,10,TB,21,0
F022,2024,10,HIV/AIDS,24,0
F022,2024,10,Typhoid,68,0
F022,2024,10,Anaemia,89,0
F022,2024,10,Diabetes,21,0
F022,2024,10,Hypertension,60,0
F022,2024,10,Malnutrition,33,0
F022,2024,11,Malaria,299,4
F022,2024,11,Pneumonia,124,0
F022,2024,11,Diarrhoea,190,0
F022,2024,11,TB,22,0
F022,2024,11,HIV/AIDS,21,0
F022,2024,11,Typhoid,32,0
F022,2024,11,Anaemia,83,0
F022,2024,11,Diabetes,40,0
F022,2024,11,Hypertension,71,0
F022,2024,11,Malnutrition,59,0
F022,2024,12,Malaria,151,1
F022,2024,12,Pneumonia,107,0
F022,2024,12,Diarrhoea,128,0
F022,2024,12,TB,12,0
F022,2024,12,HIV/AIDS,25,0
F022,2024,12,Typhoid,46,0
F022,2024,12,Anaemia,85,1
F022,2024,12,Diabetes,37,0
F022,2024,12,Hypertension,86,0
F022,2024,12,Malnutrition,51,0
F023,2023,1,Malaria,97,1
F023,2023,1,Pneumonia,57,0
F023,2023,1,Diarrhoea,85,0
F023,2023,1,TB,9,0
F023,2023,1,HIV/AIDS,15,0
F023,2023,1,Typhoid,33,0
F023,2023,1,Anaemia,23,0
F023,2023,1,Diabetes,15,0
F023,2023,1,Hypertension,28,0
F023,2023,1,Malnutrition,26,0
F023,2023,2,Malaria,108,1
F023,2023,2,Pneumonia,34,0
F023,2023,2,Diarrhoea,62,0
F023,2023,2,TB,5,0
F023,2023,2,HIV/AIDS,10,0
F023,2023,2,Typhoid,32,0
F023,2023,2,Anaemia,22,0
F023,2023,2,Diabetes,10,0
F023,2023,2,Hypertension,23,0
F023,2023,2,Malnutrition,22,0
F023,2023,3,Malaria,128,1
F023,2023,3,Pneumonia,57,0
F023,2023,3,Diarrhoea,88,1
F023,2023,3,TB,8,0
F023,2023,3,HIV/AIDS,13,0
F023,2023,3,Typhoid,28,0
F023,2023,3,Anaemia,22,0
F023,2023,3,Diabetes,22,0
F023,2023,3,Hypertension,32,0
F023,2023,3,Malnutrition,25,0
F023,2023,4,Malaria,91,0
F023,2023,4,Pneumonia,64,0
F023,2023,4,Diarrhoea,43,0
F023,2023,4,TB,6,0
F023,2023,4,HIV/AIDS,14,0
F023,2023,4,Typhoid,22,0
F023,2023,4,Anaemia,29,0
F023,2023,4,Diabetes,9,0
F023,2023,4,Hypertension,18,0
F023,2023,4,Malnutrition,21,0
F023,2023,5,Malaria,91,0
F023,2023,5,Pneumonia,44,0
F023,2023,5,Diarrhoea,69,0
F023,2023,5,TB,9,0
F023,2023,5,HIV/AIDS,13,0
F023,2023,5,Typhoid,16,0
F023,2023,5,Anaemia,40,0
F023,2023,5,Diabetes,10,0
F023,2023,5,Hypertension,36,0
F023,2023,5,Malnutrition,27,0
F023,2023,6,Malaria,131,0
F023,2023,6,Pneumonia,65,0
F023,2023,6,Diarrhoea,51,0
F023,2023,6,TB,8,0
F023,2023,6,HIV/AIDS,13,0
F023,2023,6,Typhoid,17,0
F023,2023,6,Anaemia,41,0
F023,2023,6,Diabetes,14,0
F023,2023,6,Hypertension,18,0
F023,2023,6,Malnutrition,26,0
F023,2023,7,Malaria,89,1
F023,2023,7,Pneumonia,43,0
F023,2023,7,Diarrhoea,83,0
F023,2023,7,TB,6,0
F023,2023,7,HIV/AIDS,8,0
F023,2023,7,Typhoid,29,0
F023,2023,7,Anaemia,20,0
F023,2023,7,Diabetes,19,0
F023,2023,7,Hypertension,23,0
F023,2023,7,Malnutrition,27,0
F023,2023,8,Malaria,72,0
F023,2023,8,Pneumonia,58,0
F023,2023,8,Diarrhoea,67,0
F023,2023,8,TB,6,0
F023,2023,8,HIV/AIDS,8,0
F023,2023,8,Typhoid,30,0
F023,2023,8,Anaemia,30,0
F023,2023,8,Diabetes,10,0
F023,2023,8,Hypertension,22,0
F023,2023,8,Malnutrition,22,0
F023,2023,9,Malaria,114,1
F023,2023,9,Pneumonia,50,0
F023,2023,9,Diarrhoea,72,0
F023,2023,9,TB,8,0
F023,2023,9,HIV/AIDS,15,0
F023,2023,9,Typhoid,28,0
F023,2023,9,Anaemia,34,0
F023,2023,9,Diabetes,10,0
F023,2023,9,Hypertension,25,0
F023,2023,9,Malnutrition,23,0
F023,2023,10,Malaria,112,1
F023,2023,10,Pneumonia,50,0
F023,2023,10,Diarrhoea,49,0
F023,2023,10,TB,9,0
F023,2023,10,HIV/AIDS,14,0
F023,2023,10,Typhoid,19,0
F023,2023,10,Anaemia,43,0
F023,2023,10,Diabetes,18,0
F023,2023,10,Hypertension,22,0
F023,2023,10,Malnutrition,27,0
F023,2023,11,Malaria,60,0
F023,2023,11,Pneumonia,31,0
F023,2023,11,Diarrhoea,57,0
F023,2023,11,TB,7,0
F023,2023,11,HIV/AIDS,16,0
F023,2023,11,Typhoid,30,0
F023,2023,11,Anaemia,29,0
F023,2023,11,Diabetes,18,0
F023,2023,11,Hypertension,34,0
F023,2023,11,Malnutrition,23,0
F023,2023,12,Malaria,133,1
F023,2023,12,Pneumonia,65,0
F023,2023,12,Diarrhoea,55,0
F023,2023,12,TB,10,0
F023,2023,12,HIV/AIDS,12,0
F023,2023,12,Typhoid,19,0
F023,2023,12,Anaemia,37,0
F023,2023,12,Diabetes,14,0
F023,2023,12,Hypertension,26,0
F023,2023,12,Malnutrition,14,0
F023,2024,1,Malaria,79,0
F023,2024,1,Pneumonia,55,0
F023,2024,1,Diarrhoea,55,0
F023,2024,1,TB,8,0
F023,2024,1,HIV/AIDS,12,0
F023,2024,1,Typhoid,17,0
F023,2024,1,Anaemia,22,0
F023,2024,1,Diabetes,14,0
F023,2024,1,Hypertension,23,0
F023,2024,1,Malnutrition,13,0
F023,2024,2,Malaria,58,0
F023,2024,2,Pneumonia,39,0
F023,2024,2,Diarrhoea,78,0
F023,2024,2,TB,5,0
F023,2024,2,HIV/AIDS,8,0
F023,2024,2,Typhoid,15,0
F023,2024,2,Anaemia,25,0
F023,2024,2,Diabetes,12,0
F023,2024,2,Hypertension,20,0
F023,2024,2,Malnutrition,13,0
F023,2024,3,Malaria,125,0
F023,2024,3,Pneumonia,59,0
F023,2024,3,Diarrhoea,59,0
F023,2024,3,TB,7,0
F023,2024,3,HIV/AIDS,15,0
F023,2024,3,Typhoid,14,0
F023,2024,3,Anaemia,37,0
F023,2024,3,Diabetes,16,0
F023,2024,3,Hypertension,20,0
F023,2024,3,Malnutrition,13,0
F023,2024,4,Malaria,91,1
F023,2024,4,Pneumonia,50,0
F023,2024,4,Diarrhoea,49,0
F023,2024,4,TB,9,0
F023,2024,4,HIV/AIDS,8,0
F023,2024,4,Typhoid,24,0
F023,2024,4,Anaemia,26,0
F023,2024,4,Diabetes,20,0
F023,2024,4,Hypertension,19,0
F023,2024,4,Malnutrition,27,0
F023,2024,5,Malaria,129,1
F023,2024,5,Pneumonia,55,0
F023,2024,5,Diarrhoea,55,0
F023,2024,5,TB,5,0
F023,2024,5,HIV/AIDS,11,0
F023,2024,5,Typhoid,22,0
F023,2024,5,Anaemia,29,0
F023,2024,5,Diabetes,9,0
F023,2024,5,Hypertension,18,0
F023,2024,5,Malnutrition,26,0
F023,2024,6,Malaria,85,0
F023,2024,6,Pneumonia,45,0
F023,2024,6,Diarrhoea,39,0
F023,2024,6,TB,6,0
F023,2024,6,HIV/AIDS,16,0
F023,2024,6,Typhoid,32,0
F023,2024,6,Anaemia,36,0
F023,2024,6,Diabetes,10,0
F023,2024,6,Hypertension,27,0
F023,2024,6,Malnutrition,15,0
F023,2024,7,Malaria,104,0
F023,2024,7,Pneumonia,50,0
F023,2024,7,Diarrhoea,77,0
F023,2024,7,TB,7,0
F023,2024,7,HIV/AIDS,13,0
F023,2024,7,Typhoid,17,0
F023,2024,7,Anaemia,22,0
F023,2024,7,Diabetes,14,0
F023,2024,7,Hypertension,28,0
F023,2024,7,Malnutrition,26,0
F023,2024,8,Malaria,107,0
F023,2024,8,Pneumonia,53,0
F023,2024,8,Diarrhoea,51,0
F023,2024,8,TB,7,0
F023,2024,8,HIV/AIDS,15,0
F023,2024,8,Typhoid,27,0
F023,2024,8,Anaemia,22,0
F023,2024,8,Diabetes,18,0
F023,2024,8,Hypertension,21,0
F023,2024,8,Malnutrition,26,0
F023,2024,9,Malaria,70,0
F023,2024,9,Pneumonia,61,0
F023,2024,9,Diarrhoea,80,0
F023,2024,9,TB,6,0
F023,2024,9,HIV/AIDS,8,0
F023,2024,9,Typhoid,16,0
F023,2024,9,Anaemia,20,0
F023,2024,9,Diabetes,21,0
F023,2024,9,Hypertension,27,0
F023,2024,9,Malnutrition,18,0
F023,2024,10,Malaria,131,1
F023,2024,10,Pneumonia,59,0
F023,2024,10,Diarrhoea,48,0
F023,2024,10,TB,4,0
F023,2024,10,HIV/AIDS,11,0
F023,2024,10,Typhoid,30,0
F023,2024,10,Anaemia,33,0
F023,2024,10,Diabetes,16,0
F023,2024,10,Hypertension,38,0
F023,2024,10,Malnutrition,27,0
F023,2024,11,Malaria,118,1
F023,2024,11,Pneumonia,64,0
F023,2024,11,Diarrhoea,65,0
F023,2024,11,TB,7,0
F023,2024,11,HIV/AIDS,11,0
F023,2024,11,Typhoid,17,0
F023,2024,11,Anaemia,43,0
F023,2024,11,Diabetes,22,0
F023,2024,11,Hypertension,20,0
F023,2024,11,Malnutrition,12,0
F023,2024,12,Malaria,104,0
F023,2024,12,Pneumonia,34,0
F023,2024,12,Diarrhoea,72,0
F023,2024,12,TB,5,0
F023,2024,12,HIV/AIDS,16,0
F023,2024,12,Typhoid,17,0
F023,2024,12,Anaemia,28,0
F023,2024,12,Diabetes,11,0
F023,2024,12,Hypertension,39,0
F023,2024,12,Malnutrition,17,0
F024,2023,1,Malaria,87,1
F024,2023,1,Pneumonia,53,0
F024,2023,1,Diarrhoea,82,0
F024,2023,1,TB,10,0
F024,2023,1,HIV/AIDS,7,0
F024,2023,1,Typhoid,29,0
F024,2023,1,Anaemia,40,0
F024,2023,1,Diabetes,18,0
F024,2023,1,Hypertension,29,0
F024,2023,1,Malnutrition,13,0
F024,2023,2,Malaria,69,0
F024,2023,2,Pneumonia,31,0
F024,2023,2,Diarrhoea,47,0
F024,2023,2,TB,8,0
F024,2023,2,HIV/AIDS,11,0
F024,2023,2,Typhoid,28,0
F024,2023,2,Anaemia,29,0
F024,2023,2,Diabetes,13,0
F024,2023,2,Hypertension,24,0
F024,2023,2,Malnutrition,13,0
F024,2023,3,Malaria,105,0
F024,2023,3,Pneumonia,32,0
F024,2023,3,Diarrhoea,52,0
F024,2023,3,TB,9,0
F024,2023,3,HIV/AIDS,10,0
F024,2023,3,Typhoid,25,0
F024,2023,3,Anaemia,33,0
F024,2023,3,Diabetes,22,0
F024,2023,3,Hypertension,26,0
F024,2023,3,Malnutrition,24,0
F024,2023,4,Malaria,119,1
F024,2023,4,Pneumonia,29,0
F024,2023,4,Diarrhoea,88,0
F024,2023,4,TB,5,0
F024,2023,4,HIV/AIDS,11,0
F024,2023,4,Typhoid,27,0
F024,2023,4,Anaemia,21,0
F024,2023,4,Diabetes,12,0
F024,2023,4,Hypertension,37,0
F024,2023,4,Malnutrition,19,0
F024,2023,5,Malaria,92,0
F024,2023,5,Pneumonia,65,0
F024,2023,5,Diarrhoea,42,0
F024,2023,5,TB,10,0
F024,2023,5,HIV/AIDS,14,0
F024,2023,5,Typhoid,17,0
F024,2023,5,Anaemia,29,0
F024,2023,5,Diabetes,15,0
F024,2023,5,Hypertension,29,0
F024,2023,5,Malnutrition,21,0
F024,2023,6,Malaria,89,0
F024,2023,6,Pneumonia,53,0
F024,2023,6,Diarrhoea,70,0
F024,2023,6,TB,10,0
F024,2023,6,HIV/AIDS,9,0
F024,2023,6,Typhoid,26,0
F024,2023,6,Anaemia,27,0
F024,2023,6,Diabetes,16,0
F024,2023,6,Hypertension,29,0
F024,2023,6,Malnutrition,15,0
F024,2023,7,Malaria,69,0
F024,2023,7,Pneumonia,42,0
F024,2023,7,Diarrhoea,56,0
F024,2023,7,TB,6,0
F024,2023,7,HIV/AIDS,13,0
F024,2023,7,Typhoid,19,0
F024,2023,7,Anaemia,20,0
F024,2023,7,Diabetes,21,0
F024,2023,7,Hypertension,23,0
F024,2023,7,Malnutrition,24,0
F024,2023,8,Malaria,80,0
F024,2023,8,Pneumonia,46,0
F024,2023,8,Diarrhoea,86,0
F024,2023,8,TB,6,0
F024,2023,8,HIV/AIDS,11,0
F024,2023,8,Typhoid,19,0
F024,2023,8,Anaemia,19,0
F024,2023,8,Diabetes,13,0
F024,2023,8,Hypertension,21,0
F024,2023,8,Malnutrition,18,0
F024,2023,9,Malaria,90,0
F024,2023,9,Pneumonia,46,0
F024,2023,9,Diarrhoea,83,0
F024,2023,9,TB,7,0
F024,2023,9,HIV/AIDS,10,0
F024,2023,9,Typhoid,15,0
F024,2023,9,Anaemia,31,0
F024,2023,9,Diabetes,14,0
F024,2023,9,Hypertension,28,0
F024,2023,9,Malnutrition,22,0
F024,2023,10,Malaria,75,0
F024,2023,10,Pneumonia,40,0
F024,2023,10,Diarrhoea,65,0
F024,2023,10,TB,10,0
F024,2023,10,HIV/AIDS,13,0
F024,2023,10,Typhoid,19,0
F024,2023,10,Anaemia,25,0
F024,2023,10,Diabetes,19,0
F024,2023,10,Hypertension,37,0
F024,2023,10,Malnutrition,15,0
F024,2023,11,Malaria,117,1
F024,2023,11,Pneumonia,40,0
F024,2023,11,Diarrhoea,67,0
F024,2023,11,TB,6,0
F024,2023,11,HIV/AIDS,15,0
F024,2023,11,Typhoid,19,0
F024,2023,11,Anaemia,26,0
F024,2023,11,Diabetes,13,0
F024,2023,11,Hypertension,17,0
F024,2023,11,Malnutrition,25,0
F024,2023,12,Malaria,70,0
F024,2023,12,Pneumonia,51,0
F024,2023,12,Diarrhoea,44,0
F024,2023,12,TB,9,0
F024,2023,12,HIV/AIDS,12,0
F024,2023,12,Typhoid,26,0
F024,2023,12,Anaemia,34,0
F024,2023,12,Diabetes,10,0
F024,2023,12,Hypertension,38,0
F024,2023,12,Malnutrition,24,0
F024,2024,1,Malaria,62,0
F024,2024,1,Pneumonia,61,0
F024,2024,1,Diarrhoea,62,0
F024,2024,1,TB,10,0
F024,2024,1,HIV/AIDS,9,0
F024,2024,1,Typhoid,22,0
F024,2024,1,Anaemia,39,0
F024,2024,1,Diabetes,19,0
F024,2024,1,Hypertension,17,0
F024,2024,1,Malnutrition,21,0
F024,2024,2,Malaria,86,0
F024,2024,2,Pneumonia,56,0
F024,2024,2,Diarrhoea,41,0
F024,2024,2,TB,10,0
F024,2024,2,HIV/AIDS,8,0
F024,2024,2,Typhoid,18,0
F024,2024,2,Anaemia,27,0
F024,2024,2,Diabetes,14,0
F024,2024,2,Hypertension,25,0
F024,2024,2,Malnutrition,17,0
F024,2024,3,Malaria,93,0
F024,2024,3,Pneumonia,64,0
F024,2024,3,Diarrhoea,42,0
F024,2024,3,TB,6,0
F024,2024,3,HIV/AIDS,13,0
F024,2024,3,Typhoid,18,0
F024,2024,3,Anaemia,29,0
F024,2024,3,Diabetes,10,0
F024,2024,3,Hypertension,29,0
F024,2024,3,Malnutrition,15,0
F024,2024,4,Malaria,72,0
F024,2024,4,Pneumonia,64,0
F024,2024,4,Diarrhoea,40,0
F024,2024,4,TB,6,0
F024,2024,4,HIV/AIDS,9,0
F024,2024,4,Typhoid,16,0
F024,2024,4,Anaemia,36,0
F024,2024,4,Diabetes,14,0
F024,2024,4,Hypertension,31,0
F024,2024,4,Malnutrition,24,0
F024,2024,5,Malaria,59,0
F024,2024,5,Pneumonia,63,0
F024,2024,5,Diarrhoea,54,0
F024,2024,5,TB,5,0
F024,2024,5,HIV/AIDS,10,0
F024,2024,5,Typhoid,15,0
F024,2024,5,Anaemia,35,0
F024,2024,5,Diabetes,22,0
F024,2024,5,Hypertension,23,0
F024,2024,5,Malnutrition,15,0
F024,2024,6,Malaria,73,0
F024,2024,6,Pneumonia,34,0
F024,2024,6,Diarrhoea,78,0
F024,2024,6,TB,5,0
F024,2024,6,HIV/AIDS,12,0
F024,2024,6,Typhoid,22,0
F024,2024,6,Anaemia,30,0
F024,2024,6,Diabetes,20,0
F024,2024,6,Hypertension,20,0
F024,2024,6,Malnutrition,20,0
F024,2024,7,Malaria,118,0
F024,2024,7,Pneumonia,29,0
F024,2024,7,Diarrhoea,67,0
F024,2024,7,TB,6,0
F024,2024,7,HIV/AIDS,7,0
F024,2024,7,Typhoid,22,0
F024,2024,7,Anaemia,37,0
F024,2024,7,Diabetes,21,0
F024,2024,7,Hypertension,24,0
F024,2024,7,Malnutrition,19,0
F024,2024,8,Malaria,117,1
F024,2024,8,Pneumonia,42,0
F024,2024,8,Diarrhoea,51,0
F024,2024,8,TB,5,0
F024,2024,8,HIV/AIDS,9,0
F024,2024,8,Typhoid,31,0
F024,2024,8,Anaemia,38,0
F024,2024,8,Diabetes,12,0
F024,2024,8,Hypertension,22,0
F024,2024,8,Malnutrition,23,0
F024,2024,9,Malaria,67,0
F024,2024,9,Pneumonia,40,0
F024,2024,9,Diarrhoea,88,0
F024,2024,9,TB,9,0
F024,2024,9,HIV/AIDS,14,0
F024,2024,9,Typhoid,28,0
F024,2024,9,Anaemia,36,0
F024,2024,9,Diabetes,10,0
F024,2024,9,Hypertension,26,0
F024,2024,9,Malnutrition,18,0
F024,2024,10,Malaria,108,0
F024,2024,10,Pneumonia,56,0
F024,2024,10,Diarrhoea,80,0
F024,2024,10,TB,8,0
F024,2024,10,HIV/AIDS,15,0
F024,2024,10,Typhoid,26,0
F024,2024,10,Anaemia,43,0
F024,2024,10,Diabetes,12,0
F024,2024,10,Hypertension,31,0
F024,2024,10,Malnutrition,25,0
F024,2024,11,Malaria,118,0
F024,2024,11,Pneumonia,34,0
F024,2024,11,Diarrhoea,86,0
F024,2024,11,TB,6,0
F024,2024,11,HIV/AIDS,16,0
F024,2024,11,Typhoid,20,0
F024,2024,11,Anaemia,32,0
F024,2024,11,Diabetes,21,0
F024,2024,11,Hypertension,20,0
F024,2024,11,Malnutrition,15,0
F024,2024,12,Malaria,101,1
F024,2024,12,Pneumonia,59,0
F024,2024,12,Diarrhoea,42,0
F024,2024,12,TB,5,0
F024,2024,12,HIV/AIDS,12,0
F024,2024,12,Typhoid,21,0
F024,2024,12,Anaemia,29,0
F024,2024,12,Diabetes,17,0
F024,2024,12,Hypertension,36,0
F024,2024,12,Malnutrition,19,0
F025,2023,1,Malaria,120,0
F025,2023,1,Pneumonia,30,0
F025,2023,1,Diarrhoea,49,0
F025,2023,1,TB,5,0
F025,2023,1,HIV/AIDS,13,0
F025,2023,1,Typhoid,17,0
F025,2023,1,Anaemia,41,0
F025,2023,1,Diabetes,15,0
F025,2023,1,Hypertension,19,0
F025,2023,1,Malnutrition,18,0
F025,2023,2,Malaria,74,0
F025,2023,2,Pneumonia,35,0
F025,2023,2,Diarrhoea,53,0
F025,2023,2,TB,7,0
F025,2023,2,HIV/AIDS,10,0
F025,2023,2,Typhoid,25,0
F025,2023,2,Anaemia,40,0
F025,2023,2,Diabetes,12,0
F025,2023,2,Hypertension,32,0
F025,2023,2,Malnutrition,15,0
F025,2023,3,Malaria,80,1
F025,2023,3,Pneumonia,60,0
F025,2023,3,Diarrhoea,81,0
F025,2023,3,TB,8,0
F025,2023,3,HIV/AIDS,7,0
F025,2023,3,Typhoid,29,0
F025,2023,3,Anaemia,28,0
F025,2023,3,Diabetes,19,0
F025,2023,3,Hypertension,18,0
F025,2023,3,Malnutrition,17,0
F025,2023,4,Malaria,92,0
F025,2023,4,Pneumonia,55,0
F025,2023,4,Diarrhoea,60,0
F025,2023,4,TB,5,0
F025,2023,4,HIV/AIDS,14,0
F025,2023,4,Typhoid,19,0
F025,2023,4,Anaemia,31,0
F025,2023,4,Diabetes,11,0
F025,2023,4,Hypertension,29,0
F025,2023,4,Malnutrition,13,0
F025,2023,5,Malaria,99,0
F025,2023,5,Pneumonia,52,0
F025,2023,5,Diarrhoea,57,0
F025,2023,5,TB,5,0
F025,2023,5,HIV/AIDS,8,0
F025,2023,5,Typhoid,31,0
F025,2023,5,Anaemia,29,0
F025,2023,5,Diabetes,17,0
F025,2023,5,Hypertension,31,0
F025,2023,5,Malnutrition,15,0
F025,2023,6,Malaria,108,1
F025,2023,6,Pneumonia,53,0
F025,2023,6,Diarrhoea,70,0
F025,2023,6,TB,9,0
F025,2023,6,HIV/AIDS,11,0
F025,2023,6,Typhoid,27,0
F025,2023,6,Anaemia,19,0
F025,2023,6,Diabetes,13,0
F025,2023,6,Hypertension,33,0
F025,2023,6,Malnutrition,20,0
F025,2023,7,Malaria,60,0
F025,2023,7,Pneumonia,61,0
F025,2023,7,Diarrhoea,82,0
F025,2023,7,TB,8,0
F025,2023,7,HIV/AIDS,8,0
F025,2023,7,Typhoid,17,0
F025,2023,7,Anaemia,38,0
F025,2023,7,Diabetes,21,0
F025,2023,7,Hypertension,25,0
F025,2023,7,Malnutrition,18,0
F025,2023,8,Malaria,95,0
F025,2023,8,Pneumonia,63,0
F025,2023,8,Diarrhoea,68,0
F025,2023,8,TB,6,0
F025,2023,8,HIV/AIDS,10,0
F025,2023,8,Typhoid,28,0
F025,2023,8,Anaemia,36,0
F025,2023,8,Diabetes,14,0
F025,2023,8,Hypertension,28,0
F025,2023,8,Malnutrition,19,0
F025,2023,9,Malaria,76,0
F025,2023,9,Pneumonia,41,0
F025,2023,9,Diarrhoea,58,0
F025,2023,9,TB,10,0
F025,2023,9,HIV/AIDS,10,0
F025,2023,9,Typhoid,25,0
F025,2023,9,Anaemia,24,0
F025,2023,9,Diabetes,11,0
F025,2023,9,Hypertension,37,0
F025,2023,9,Malnutrition,14,0
F025,2023,10,Malaria,58,0
F025,2023,10,Pneumonia,30,0
F025,2023,10,Diarrhoea,51,0
F025,2023,10,TB,11,0
F025,2023,10,HIV/AIDS,11,0
F025,2023,10,Typhoid,31,0
F025,2023,10,Anaemia,37,0
F025,2023,10,Diabetes,15,0
F025,2023,10,Hypertension,20,0
F025,2023,10,Malnutrition,21,0
F025,2023,11,Malaria,104,0
F025,2023,11,Pneumonia,49,0
F025,2023,11,Diarrhoea,64,0
F025,2023,11,TB,9,0
F025,2023,11,HIV/AIDS,9,0
F025,2023,11,Typhoid,22,0
F025,2023,11,Anaemia,38,0
F025,2023,11,Diabetes,10,0
F025,2023,11,Hypertension,21,0
F025,2023,11,Malnutrition,17,0
F025,2023,12,Malaria,72,0
F025,2023,12,Pneumonia,41,0
F025,2023,12,Diarrhoea,79,0
F025,2023,12,TB,10,0
F025,2023,12,HIV/AIDS,12,0
F025,2023,12,Typhoid,21,0
F025,2023,12,Anaemia,42,0
F025,2023,12,Diabetes,17,0
F025,2023,12,Hypertension,29,0
F025,2023,12,Malnutrition,12,0
F025,2024,1,Malaria,111,0
F025,2024,1,Pneumonia,46,0
F025,2024,1,Diarrhoea,50,0
F025,2024,1,TB,10,0
F025,2024,1,HIV/AIDS,9,0
F025,2024,1,Typhoid,26,0
F025,2024,1,Anaemia,39,0
F025,2024,1,Diabetes,12,0
F025,2024,1,Hypertension,36,0
F025,2024,1,Malnutrition,17,0
F025,2024,2,Malaria,106,0
F025,2024,2,Pneumonia,59,0
F025,2024,2,Diarrhoea,59,0
F025,2024,2,TB,5,0
F025,2024,2,HIV/AIDS,10,0
F025,2024,2,Typhoid,14,0
F025,2024,2,Anaemia,23,0
F025,2024,2,Diabetes,11,0
F025,2024,2,Hypertension,32,0
F025,2024,2,Malnutrition,22,0
F025,2024,3,Malaria,113,0
F025,2024,3,Pneumonia,63,0
F025,2024,3,Diarrhoea,69,0
F025,2024,3,TB,8,0
F025,2024,3,HIV/AIDS,16,0
F025,2024,3,Typhoid,27,0
F025,2024,3,Anaemia,42,0
F025,2024,3,Diabetes,10,0
F025,2024,3,Hypertension,33,0
F025,2024,3,Malnutrition,25,0
F025,2024,4,Malaria,106,1
F025,2024,4,Pneumonia,48,0
F025,2024,4,Diarrhoea,80,0
F025,2024,4,TB,5,0
F025,2024,4,HIV/AIDS,13,0
F025,2024,4,Typhoid,16,0
F025,2024,4,Anaemia,36,0
F025,2024,4,Diabetes,17,0
F025,2024,4,Hypertension,28,0
F025,2024,4,Malnutrition,23,0
F025,2024,5,Malaria,95,1
F025,2024,5,Pneumonia,29,0
F025,2024,5,Diarrhoea,75,0
F025,2024,5,TB,7,0
F025,2024,5,HIV/AIDS,15,0
F025,2024,5,Typhoid,29,0
F025,2024,5,Anaemia,28,0
F025,2024,5,Diabetes,11,0
F025,2024,5,Hypertension,23,0
F025,2024,5,Malnutrition,21,0
F025,2024,6,Malaria,83,0
F025,2024,6,Pneumonia,39,0
F025,2024,6,Diarrhoea,70,0
F025,2024,6,TB,9,0
F025,2024,6,HIV/AIDS,12,0
F025,2024,6,Typhoid,22,0
F025,2024,6,Anaemia,22,0
F025,2024,6,Diabetes,15,0
F025,2024,6,Hypertension,23,0
F025,2024,6,Malnutrition,21,0
F025,2024,7,Malaria,59,0
F025,2024,7,Pneumonia,58,0
F025,2024,7,Diarrhoea,73,0
F025,2024,7,TB,8,0
F025,2024,7,HIV/AIDS,15,0
F025,2024,7,Typhoid,19,0
F025,2024,7,Anaemia,24,0
F025,2024,7,Diabetes,16,0
F025,2024,7,Hypertension,26,0
F025,2024,7,Malnutrition,25,0
F025,2024,8,Malaria,105,0
F025,2024,8,Pneumonia,56,0
F025,2024,8,Diarrhoea,65,0
F025,2024,8,TB,6,0
F025,2024,8,HIV/AIDS,7,0
F025,2024,8,Typhoid,14,0
F025,2024,8,Anaemia,36,0
F025,2024,8,Diabetes,14,0
F025,2024,8,Hypertension,38,0
F025,2024,8,Malnutrition,26,0
F025,2024,9,Malaria,88,1
F025,2024,9,Pneumonia,30,0
F025,2024,9,Diarrhoea,66,0
F025,2024,9,TB,4,0
F025,2024,9,HIV/AIDS,9,0
F025,2024,9,Typhoid,21,0
F025,2024,9,Anaemia,24,0
F025,2024,9,Diabetes,16,0
F025,2024,9,Hypertension,36,0
F025,2024,9,Malnutrition,17,0
F025,2024,10,Malaria,120,1
F025,2024,10,Pneumonia,52,0
F025,2024,10,Diarrhoea,51,0
F025,2024,10,TB,11,0
F025,2024,10,HIV/AIDS,11,0
F025,2024,10,Typhoid,14,0
F025,2024,10,Anaemia,30,0
F025,2024,10,Diabetes,9,0
F025,2024,10,Hypertension,17,0
F025,2024,10,Malnutrition,18,0
F025,2024,11,Malaria,65,0
F025,2024,11,Pneumonia,58,0
F025,2024,11,Diarrhoea,48,0
F025,2024,11,TB,10,0
F025,2024,11,HIV/AIDS,8,0
F025,2024,11,Typhoid,25,0
F025,2024,11,Anaemia,44,0
F025,2024,11,Diabetes,21,0
F025,2024,11,Hypertension,26,0
F025,2024,11,Malnutrition,24,0
F025,2024,12,Malaria,127,1
F025,2024,12,Pneumonia,49,0
F025,2024,12,Diarrhoea,83,1
F025,2024,12,TB,4,0
F025,2024,12,HIV/AIDS,9,0
F025,2024,12,Typhoid,27,0
F025,2024,12,Anaemia,26,0
F025,2024,12,Diabetes,21,0
F025,2024,12,Hypertension,30,0
F025,2024,12,Malnutrition,18,0
F026,2023,1,Malaria,314,2
F026,2023,1,Pneumonia,237,1
F026,2023,1,Diarrhoea,319,1
F026,2023,1,TB,40,0
F026,2023,1,HIV/AIDS,55,0
F026,2023,1,Typhoid,77,0
F026,2023,1,Anaemia,129,1
F026,2023,1,Diabetes,42,0
F026,2023,1,Hypertension,127,0
F026,2023,1,Malnutrition,96,0
F026,2023,2,Malaria,218,0
F026,2023,2,Pneumonia,242,2
F026,2023,2,Diarrhoea,200,2
F026,2023,2,TB,24,0
F026,2023,2,HIV/AIDS,59,0
F026,2023,2,Typhoid,74,0
F026,2023,2,Anaemia,107,0
F026,2023,2,Diabetes,56,0
F026,2023,2,Hypertension,134,1
F026,2023,2,Malnutrition,77,0
F026,2023,3,Malaria,356,0
F026,2023,3,Pneumonia,127,0
F026,2023,3,Diarrhoea,210,0
F026,2023,3,TB,34,0
F026,2023,3,HIV/AIDS,48,0
F026,2023,3,Typhoid,71,0
F026,2023,3,Anaemia,89,0
F026,2023,3,Diabetes,77,1
F026,2023,3,Hypertension,128,0
F026,2023,3,Malnutrition,91,0
F026,2023,4,Malaria,495,3
F026,2023,4,Pneumonia,169,0
F026,2023,4,Diarrhoea,267,3
F026,2023,4,TB,32,0
F026,2023,4,HIV/AIDS,52,0
F026,2023,4,Typhoid,77,0
F026,2023,4,Anaemia,136,0
F026,2023,4,Diabetes,76,0
F026,2023,4,Hypertension,135,0
F026,2023,4,Malnutrition,51,0
F026,2023,5,Malaria,356,3
F026,2023,5,Pneumonia,172,0
F026,2023,5,Diarrhoea,319,2
F026,2023,5,TB,33,0
F026,2023,5,HIV/AIDS,48,0
F026,2023,5,Typhoid,86,0
F026,2023,5,Anaemia,94,0
F026,2023,5,Diabetes,46,0
F026,2023,5,Hypertension,87,1
F026,2023,5,Malnutrition,88,1
F026,2023,6,Malaria,301,3
F026,2023,6,Pneumonia,229,0
F026,2023,6,Diarrhoea,255,2
F026,2023,6,TB,41,0
F026,2023,6,HIV/AIDS,36,0
F026,2023,6,Typhoid,97,0
F026,2023,6,Anaemia,94,0
F026,2023,6,Diabetes,37,0
F026,2023,6,Hypertension,107,0
F026,2023,6,Malnutrition,97,0
F026,2023,7,Malaria,273,3
F026,2023,7,Pneumonia,183,1
F026,2023,7,Diarrhoea,178,2
F026,2023,7,TB,30,0
F026,2023,7,HIV/AIDS,59,0
F026,2023,7,Typhoid,94,0
F026,2023,7,Anaemia,88,0
F026,2023,7,Diabetes,45,0
F026,2023,7,Hypertension,109,0
F026,2023,7,Malnutrition,86,0
F026,2023,8,Malaria,251,2
F026,2023,8,Pneumonia,166,2
F026,2023,8,Diarrhoea,184,1
F026,2023,8,TB,23,0
F026,2023,8,HIV/AIDS,55,0
F026,2023,8,Typhoid,90,1
F026,2023,8,Anaemia,106,1
F026,2023,8,Diabetes,45,0
F026,2023,8,Hypertension,95,0
F026,2023,8,Malnutrition,73,0
F026,2023,9,Malaria,484,4
F026,2023,9,Pneumonia,165,2
F026,2023,9,Diarrhoea,333,1
F026,2023,9,TB,37,0
F026,2023,9,HIV/AIDS,48,0
F026,2023,9,Typhoid,81,0
F026,2023,9,Anaemia,97,1
F026,2023,9,Diabetes,38,0
F026,2023,9,Hypertension,112,0
F026,2023,9,Malnutrition,47,0
F026,2023,10,Malaria,387,2
F026,2023,10,Pneumonia,140,0
F026,2023,10,Diarrhoea,317,4
F026,2023,10,TB,34,0
F026,2023,10,HIV/AIDS,30,0
F026,2023,10,Typhoid,96,0
F026,2023,10,Anaemia,99,0
F026,2023,10,Diabetes,67,0
F026,2023,10,Hypertension,124,1
F026,2023,10,Malnutrition,76,0
F026,2023,11,Malaria,486,6
F026,2023,11,Pneumonia,196,1
F026,2023,11,Diarrhoea,215,0
F026,2023,11,TB,39,0
F026,2023,11,HIV/AIDS,54,0
F026,2023,11,Typhoid,99,0
F026,2023,11,Anaemia,144,0
F026,2023,11,Diabetes,60,0
F026,2023,11,Hypertension,112,0
F026,2023,11,Malnutrition,49,0
F026,2023,12,Malaria,349,2
F026,2023,12,Pneumonia,203,2
F026,2023,12,Diarrhoea,265,0
F026,2023,12,TB,21,0
F026,2023,12,HIV/AIDS,33,0
F026,2023,12,Typhoid,115,1
F026,2023,12,Anaemia,116,1
F026,2023,12,Diabetes,72,0
F026,2023,12,Hypertension,139,0
F026,2023,12,Malnutrition,64,0
F026,2024,1,Malaria,292,4
F026,2024,1,Pneumonia,169,1
F026,2024,1,Diarrhoea,174,2
F026,2024,1,TB,41,0
F026,2024,1,HIV/AIDS,33,0
F026,2024,1,Typhoid,56,0
F026,2024,1,Anaemia,104,0
F026,2024,1,Diabetes,61,0
F026,2024,1,Hypertension,111,1
F026,2024,1,Malnutrition,104,1
F026,2024,2,Malaria,238,3
F026,2024,2,Pneumonia,156,0
F026,2024,2,Diarrhoea,301,3
F026,2024,2,TB,32,0
F026,2024,2,HIV/AIDS,61,0
F026,2024,2,Typhoid,99,0
F026,2024,2,Anaemia,82,0
F026,2024,2,Diabetes,38,0
F026,2024,2,Hypertension,110,0
F026,2024,2,Malnutrition,70,0
F026,2024,3,Malaria,453,2
F026,2024,3,Pneumonia,198,2
F026,2024,3,Diarrhoea,286,2
F026,2024,3,TB,18,0
F026,2024,3,HIV/AIDS,61,0
F026,2024,3,Typhoid,114,0
F026,2024,3,Anaemia,84,0
F026,2024,3,Diabetes,71,0
F026,2024,3,Hypertension,111,1
F026,2024,3,Malnutrition,49,0
F026,2024,4,Malaria,463,1
F026,2024,4,Pneumonia,190,1
F026,2024,4,Diarrhoea,169,2
F026,2024,4,TB,26,0
F026,2024,4,HIV/AIDS,42,0
F026,2024,4,Typhoid,103,0
F026,2024,4,Anaemia,123,0
F026,2024,4,Diabetes,60,0
F026,2024,4,Hypertension,86,0
F026,2024,4,Malnutrition,53,0
F026,2024,5,Malaria,348,2
F026,2024,5,Pneumonia,238,3
F026,2024,5,Diarrhoea,296,2
F026,2024,5,TB,22,0
F026,2024,5,HIV/AIDS,32,0
F026,2024,5,Typhoid,69,0
F026,2024,5,Anaemia,141,0
F026,2024,5,Diabetes,47,0
F026,2024,5,Hypertension,130,0
F026,2024,5,Malnutrition,45,0
F026,2024,6,Malaria,308,4
F026,2024,6,Pneumonia,216,3
F026,2024,6,Diarrhoea,161,1
F026,2024,6,TB,25,0
F026,2024,6,HIV/AIDS,30,0
F026,2024,6,Typhoid,81,0
F026,2024,6,Anaemia,128,1
F026,2024,6,Diabetes,53,0
F026,2024,6,Hypertension,72,0
F026,2024,6,Malnutrition,59,0
F026,2024,7,Malaria,392,4
F026,2024,7,Pneumonia,228,3
F026,2024,7,Diarrhoea,234,0
F026,2024,7,TB,18,0
F026,2024,7,HIV/AIDS,48,0
F026,2024,7,Typhoid,100,0
F026,2024,7,Anaemia,104,0
F026,2024,7,Diabetes,44,0
F026,2024,7,Hypertension,130,0
F026,2024,7,Malnutrition,94,0
F026,2024,8,Malaria,238,3
F026,2024,8,Pneumonia,197,2
F026,2024,8,Diarrhoea,328,1
F026,2024,8,TB,39,0
F026,2024,8,HIV/AIDS,58,0
F026,2024,8,Typhoid,75,0
F026,2024,8,Anaemia,76,0
F026,2024,8,Diabetes,41,0
F026,2024,8,Hypertension,110,0
F026,2024,8,Malnutrition,74,0
F026,2024,9,Malaria,292,2
F026,2024,9,Pneumonia,138,0
F026,2024,9,Diarrhoea,308,4
F026,2024,9,TB,24,0
F026,2024,9,HIV/AIDS,36,0
F026,2024,9,Typhoid,108,0
F026,2024,9,Anaemia,102,0
F026,2024,9,Diabetes,37,0
F026,2024,9,Hypertension,129,0
F026,2024,9,Malnutrition,69,0
F026,2024,10,Malaria,463,4
F026,2024,10,Pneumonia,195,2
F026,2024,10,Diarrhoea,320,2
F026,2024,10,TB,22,0
F026,2024,10,HIV/AIDS,57,0
F026,2024,10,Typhoid,90,1
F026,2024,10,Anaemia,155,1
F026,2024,10,Diabetes,52,0
F026,2024,10,Hypertension,82,1
F026,2024,10,Malnutrition,64,0
F026,2024,11,Malaria,346,4
F026,2024,11,Pneumonia,125,0
F026,2024,11,Diarrhoea,181,1
F026,2024,11,TB,28,0
F026,2024,11,HIV/AIDS,47,0
F026,2024,11,Typhoid,61,0
F026,2024,11,Anaemia,151,0
F026,2024,11,Diabetes,70,0
F026,2024,11,Hypertension,80,1
F026,2024,11,Malnutrition,80,0
F026,2024,12,Malaria,475,3
F026,2024,12,Pneumonia,137,1
F026,2024,12,Diarrhoea,269,1
F026,2024,12,TB,30,0
F026,2024,12,HIV/AIDS,34,0
F026,2024,12,Typhoid,88,0
F026,2024,12,Anaemia,96,0
F026,2024,12,Diabetes,36,0
F026,2024,12,Hypertension,139,1
F026,2024,12,Malnutrition,65,0
F027,2023,1,Malaria,39,0
F027,2023,1,Pneumonia,11,0
F027,2023,1,Diarrhoea,22,0
F027,2023,1,TB,3,0
F027,2023,1,HIV/AIDS,6,0
F027,2023,1,Typhoid,11,0
F027,2023,1,Anaemia,9,0
F027,2023,1,Diabetes,3,0
F027,2023,1,Hypertension,10,0
F027,2023,1,Malnutrition,6,0
F027,2023,2,Malaria,22,0
F027,2023,2,Pneumonia,17,0
F027,2023,2,Diarrhoea,27,0
F027,2023,2,TB,2,0
F027,2023,2,HIV/AIDS,6,0
F027,2023,2,Typhoid,9,0
F027,2023,2,Anaemia,13,0
F027,2023,2,Diabetes,5,0
F027,2023,2,Hypertension,14,0
F027,2023,2,Malnutrition,6,0
F027,2023,3,Malaria,22,0
F027,2023,3,Pneumonia,18,0
F027,2023,3,Diarrhoea,21,0
F027,2023,3,TB,4,0
F027,2023,3,HIV/AIDS,3,0
F027,2023,3,Typhoid,12,0
F027,2023,3,Anaemia,14,0
F027,2023,3,Diabetes,3,0
F027,2023,3,Hypertension,12,0
F027,2023,3,Malnutrition,5,0
F027,2023,4,Malaria,36,0
F027,2023,4,Pneumonia,11,0
F027,2023,4,Diarrhoea,24,0
F027,2023,4,TB,2,0
F027,2023,4,HIV/AIDS,2,0
F027,2023,4,Typhoid,8,0
F027,2023,4,Anaemia,7,0
F027,2023,4,Diabetes,7,0
F027,2023,4,Hypertension,9,0
F027,2023,4,Malnutrition,6,0
F027,2023,5,Malaria,42,0
F027,2023,5,Pneumonia,15,0
F027,2023,5,Diarrhoea,24,0
F027,2023,5,TB,2,0
F027,2023,5,HIV/AIDS,3,0
F027,2023,5,Typhoid,8,0
F027,2023,5,Anaemia,16,0
F027,2023,5,Diabetes,3,0
F027,2023,5,Hypertension,8,0
F027,2023,5,Malnutrition,5,0
F027,2023,6,Malaria,40,0
F027,2023,6,Pneumonia,12,0
F027,2023,6,Diarrhoea,30,0
F027,2023,6,TB,3,0
F027,2023,6,HIV/AIDS,2,0
F027,2023,6,Typhoid,6,0
F027,2023,6,Anaemia,14,0
F027,2023,6,Diabetes,7,0
F027,2023,6,Hypertension,8,0
F027,2023,6,Malnutrition,5,0
F027,2023,7,Malaria,38,0
F027,2023,7,Pneumonia,25,0
F027,2023,7,Diarrhoea,30,0
F027,2023,7,TB,2,0
F027,2023,7,HIV/AIDS,6,0
F027,2023,7,Typhoid,7,0
F027,2023,7,Anaemia,15,0
F027,2023,7,Diabetes,4,0
F027,2023,7,Hypertension,7,0
F027,2023,7,Malnutrition,5,0
F027,2023,8,Malaria,47,0
F027,2023,8,Pneumonia,11,0
F027,2023,8,Diarrhoea,31,0
F027,2023,8,TB,1,0
F027,2023,8,HIV/AIDS,5,0
F027,2023,8,Typhoid,11,0
F027,2023,8,Anaemia,10,0
F027,2023,8,Diabetes,6,0
F027,2023,8,Hypertension,11,0
F027,2023,8,Malnutrition,5,0
F027,2023,9,Malaria,33,0
F027,2023,9,Pneumonia,19,0
F027,2023,9,Diarrhoea,25,0
F027,2023,9,TB,3,0
F027,2023,9,HIV/AIDS,3,0
F027,2023,9,Typhoid,9,0
F027,2023,9,Anaemia,10,0
F027,2023,9,Diabetes,4,0
F027,2023,9,Hypertension,8,0
F027,2023,9,Malnutrition,7,0
F027,2023,10,Malaria,26,0
F027,2023,10,Pneumonia,23,0
F027,2023,10,Diarrhoea,27,0
F027,2023,10,TB,3,0
F027,2023,10,HIV/AIDS,3,0
F027,2023,10,Typhoid,11,0
F027,2023,10,Anaemia,12,0
F027,2023,10,Diabetes,4,0
F027,2023,10,Hypertension,6,0
F027,2023,10,Malnutrition,7,0
F027,2023,11,Malaria,29,0
F027,2023,11,Pneumonia,14,0
F027,2023,11,Diarrhoea,25,0
F027,2023,11,TB,3,0
F027,2023,11,HIV/AIDS,4,0
F027,2023,11,Typhoid,9,0
F027,2023,11,Anaemia,10,0
F027,2023,11,Diabetes,6,0
F027,2023,11,Hypertension,10,0
F027,2023,11,Malnutrition,9,0
F027,2023,12,Malaria,32,0
F027,2023,12,Pneumonia,19,0
F027,2023,12,Diarrhoea,29,0
F027,2023,12,TB,2,0
F027,2023,12,HIV/AIDS,4,0
F027,2023,12,Typhoid,12,0
F027,2023,12,Anaemia,8,0
F027,2023,12,Diabetes,6,0
F027,2023,12,Hypertension,9,0
F027,2023,12,Malnutrition,9,0
F027,2024,1,Malaria,50,0
F027,2024,1,Pneumonia,21,0
F027,2024,1,Diarrhoea,28,0
F027,2024,1,TB,2,0
F027,2024,1,HIV/AIDS,5,0
F027,2024,1,Typhoid,5,0
F027,2024,1,Anaemia,12,0
F027,2024,1,Diabetes,7,0
F027,2024,1,Hypertension,14,0
F027,2024,1,Malnutrition,8,0
F027,2024,2,Malaria,21,0
F027,2024,2,Pneumonia,21,0
F027,2024,2,Diarrhoea,16,0
F027,2024,2,TB,2,0
F027,2024,2,HIV/AIDS,4,0
F027,2024,2,Typhoid,6,0
F027,2024,2,Anaemia,14,0
F027,2024,2,Diabetes,4,0
F027,2024,2,Hypertension,7,0
F027,2024,2,Malnutrition,9,0
F027,2024,3,Malaria,48,0
F027,2024,3,Pneumonia,17,0
F027,2024,3,Diarrhoea,15,0
F027,2024,3,TB,3,0
F027,2024,3,HIV/AIDS,4,0
F027,2024,3,Typhoid,5,0
F027,2024,3,Anaemia,15,0
F027,2024,3,Diabetes,8,0
F027,2024,3,Hypertension,6,0
F027,2024,3,Malnutrition,8,0
F027,2024,4,Malaria,38,0
F027,2024,4,Pneumonia,13,0
F027,2024,4,Diarrhoea,31,0
F027,2024,4,TB,2,0
F027,2024,4,HIV/AIDS,6,0
F027,2024,4,Typhoid,6,0
F027,2024,4,Anaemia,12,0
F027,2024,4,Diabetes,6,0
F027,2024,4,Hypertension,7,0
F027,2024,4,Malnutrition,9,0
F027,2024,5,Malaria,22,0
F027,2024,5,Pneumonia,22,0
F027,2024,5,Diarrhoea,15,0
F027,2024,5,TB,3,0
F027,2024,5,HIV/AIDS,4,0
F027,2024,5,Typhoid,8,0
F027,2024,5,Anaemia,12,0
F027,2024,5,Diabetes,7,0
F027,2024,5,Hypertension,9,0
F027,2024,5,Malnutrition,8,0
F027,2024,6,Malaria,37,0
F027,2024,6,Pneumonia,20,0
F027,2024,6,Diarrhoea,17,0
F027,2024,6,TB,3,0
F027,2024,6,HIV/AIDS,3,0
F027,2024,6,Typhoid,7,0
F027,2024,6,Anaemia,16,0
F027,2024,6,Diabetes,3,0
F027,2024,6,Hypertension,9,0
F027,2024,6,Malnutrition,6,0
F027,2024,7,Malaria,35,0
F027,2024,7,Pneumonia,23,0
F027,2024,7,Diarrhoea,29,0
F027,2024,7,TB,4,0
F027,2024,7,HIV/AIDS,3,0
F027,2024,7,Typhoid,7,0
F027,2024,7,Anaemia,7,0
F027,2024,7,Diabetes,6,0
F027,2024,7,Hypertension,11,0
F027,2024,7,Malnutrition,8,0
F027,2024,8,Malaria,24,0
F027,2024,8,Pneumonia,11,0
F027,2024,8,Diarrhoea,26,0
F027,2024,8,TB,3,0
F027,2024,8,HIV/AIDS,5,0
F027,2024,8,Typhoid,11,0
F027,2024,8,Anaemia,12,0
F027,2024,8,Diabetes,4,0
F027,2024,8,Hypertension,6,0
F027,2024,8,Malnutrition,5,0
F027,2024,9,Malaria,24,0
F027,2024,9,Pneumonia,23,0
F027,2024,9,Diarrhoea,18,0
F027,2024,9,TB,3,0
F027,2024,9,HIV/AIDS,4,0
F027,2024,9,Typhoid,6,0
F027,2024,9,Anaemia,15,0
F027,2024,9,Diabetes,7,0
F027,2024,9,Hypertension,12,0
F027,2024,9,Malnutrition,6,0
F027,2024,10,Malaria,43,0
F027,2024,10,Pneumonia,24,0
F027,2024,10,Diarrhoea,21,0
F027,2024,10,TB,3,0
F027,2024,10,HIV/AIDS,5,0
F027,2024,10,Typhoid,8,0
F027,2024,10,Anaemia,13,0
F027,2024,10,Diabetes,8,0
F027,2024,10,Hypertension,7,0
F027,2024,10,Malnutrition,6,0
F027,2024,11,Malaria,44,0
F027,2024,11,Pneumonia,24,0
F027,2024,11,Diarrhoea,30,0
F027,2024,11,TB,2,0
F027,2024,11,HIV/AIDS,2,0
F027,2024,11,Typhoid,9,0
F027,2024,11,Anaemia,10,0
F027,2024,11,Diabetes,6,0
F027,2024,11,Hypertension,11,0
F027,2024,11,Malnutrition,7,0
F027,2024,12,Malaria,32,0
F027,2024,12,Pneumonia,22,0
F027,2024,12,Diarrhoea,32,0
F027,2024,12,TB,4,0
F027,2024,12,HIV/AIDS,3,0
F027,2024,12,Typhoid,12,0
F027,2024,12,Anaemia,15,0
F027,2024,12,Diabetes,6,0
F027,2024,12,Hypertension,13,0
F027,2024,12,Malnutrition,6,0
F028,2023,1,Malaria,143,0
F028,2023,1,Pneumonia,69,0
F028,2023,1,Diarrhoea,88,0
F028,2023,1,TB,24,0
F028,2023,1,HIV/AIDS,22,0
F028,2023,1,Typhoid,75,1
F028,2023,1,Anaemia,50,0
F028,2023,1,Diabetes,29,0
F028,2023,1,Hypertension,40,0
F028,2023,1,Malnutrition,58,0
F028,2023,2,Malaria,224,3
F028,2023,2,Pneumonia,77,0
F028,2023,2,Diarrhoea,159,2
F028,2023,2,TB,19,0
F028,2023,2,HIV/AIDS,19,0
F028,2023,2,Typhoid,66,0
F028,2023,2,Anaemia,66,0
F028,2023,2,Diabetes,44,0
F028,2023,2,Hypertension,42,0
F028,2023,2,Malnutrition,51,0
F028,2023,3,Malaria,263,2
F028,2023,3,Pneumonia,71,0
F028,2023,3,Diarrhoea,115,1
F028,2023,3,TB,16,0
F028,2023,3,HIV/AIDS,23,0
F028,2023,3,Typhoid,44,0
F028,2023,3,Anaemia,72,0
F028,2023,3,Diabetes,23,0
F028,2023,3,Hypertension,67,0
F028,2023,3,Malnutrition,27,0
F028,2023,4,Malaria,174,2
F028,2023,4,Pneumonia,94,0
F028,2023,4,Diarrhoea,98,0
F028,2023,4,TB,12,0
F028,2023,4,HIV/AIDS,24,0
F028,2023,4,Typhoid,64,0
F028,2023,4,Anaemia,85,0
F028,2023,4,Diabetes,22,0
F028,2023,4,Hypertension,40,0
F028,2023,4,Malnutrition,61,0
F028,2023,5,Malaria,271,1
F028,2023,5,Pneumonia,77,0
F028,2023,5,Diarrhoea,160,1
F028,2023,5,TB,11,0
F028,2023,5,HIV/AIDS,19,0
F028,2023,5,Typhoid,41,0
F028,2023,5,Anaemia,74,0
F028,2023,5,Diabetes,39,0
F028,2023,5,Hypertension,41,0
F028,2023,5,Malnutrition,28,0
F028,2023,6,Malaria,181,2
F028,2023,6,Pneumonia,135,0
F028,2023,6,Diarrhoea,172,1
F028,2023,6,TB,12,0
F028,2023,6,HIV/AIDS,32,0
F028,2023,6,Typhoid,34,0
F028,2023,6,Anaemia,94,1
F028,2023,6,Diabetes,47,0
F028,2023,6,Hypertension,87,0
F028,2023,6,Malnutrition,52,0
F028,2023,7,Malaria,300,3
F028,2023,7,Pneumonia,87,0
F028,2023,7,Diarrhoea,119,1
F028,2023,7,TB,17,0
F028,2023,7,HIV/AIDS,34,0
F028,2023,7,Typhoid,59,0
F028,2023,7,Anaemia,98,0
F028,2023,7,Diabetes,31,0
F028,2023,7,Hypertension,43,0
F028,2023,7,Malnutrition,32,0
F028,2023,8,Malaria,279,2
F028,2023,8,Pneumonia,129,0
F028,2023,8,Diarrhoea,176,1
F028,2023,8,TB,11,0
F028,2023,8,HIV/AIDS,18,0
F028,2023,8,Typhoid,50,0
F028,2023,8,Anaemia,72,0
F028,2023,8,Diabetes,35,0
F028,2023,8,Hypertension,44,0
F028,2023,8,Malnutrition,48,0
F028,2023,9,Malaria,239,1
F028,2023,9,Pneumonia,106,1
F028,2023,9,Diarrhoea,148,1
F028,2023,9,TB,22,0
F028,2023,9,HIV/AIDS,35,0
F028,2023,9,Typhoid,36,0
F028,2023,9,Anaemia,53,0
F028,2023,9,Diabetes,22,0
F028,2023,9,Hypertension,65,0
F028,2023,9,Malnutrition,43,0
F028,2023,10,Malaria,135,0
F028,2023,10,Pneumonia,86,1
F028,2023,10,Diarrhoea,108,1
F028,2023,10,TB,13,0
F028,2023,10,HIV/AIDS,20,0
F028,2023,10,Typhoid,37,0
F028,2023,10,Anaemia,88,0
F028,2023,10,Diabetes,40,0
F028,2023,10,Hypertension,55,0
F028,2023,10,Malnutrition,41,0
F028,2023,11,Malaria,196,1
F028,2023,11,Pneumonia,123,0
F028,2023,11,Diarrhoea,157,0
F028,2023,11,TB,19,0
F028,2023,11,HIV/AIDS,36,0
F028,2023,11,Typhoid,72,1
F028,2023,11,Anaemia,48,0
F028,2023,11,Diabetes,24,0
F028,2023,11,Hypertension,52,0
F028,2023,11,Malnutrition,29,0
F028,2023,12,Malaria,131,0
F028,2023,12,Pneumonia,68,0
F028,2023,12,Diarrhoea,180,1
F028,2023,12,TB,14,0
F028,2023,12,HIV/AIDS,22,0
F028,2023,12,Typhoid,64,0
F028,2023,12,Anaemia,74,0
F028,2023,12,Diabetes,25,0
F028,2023,12,Hypertension,52,0
F028,2023,12,Malnutrition,27,0
F028,2024,1,Malaria,148,1
F028,2024,1,Pneumonia,134,0
F028,2024,1,Diarrhoea,88,1
F028,2024,1,TB,11,0
F028,2024,1,HIV/AIDS,35,0
F028,2024,1,Typhoid,63,0
F028,2024,1,Anaemia,84,1
F028,2024,1,Diabetes,41,0
F028,2024,1,Hypertension,77,0
F028,2024,1,Malnutrition,58,0
F028,2024,2,Malaria,186,0
F028,2024,2,Pneumonia,72,0
F028,2024,2,Diarrhoea,88,0
F028,2024,2,TB,21,0
F028,2024,2,HIV/AIDS,25,0
F028,2024,2,Typhoid,39,0
F028,2024,2,Anaemia,89,1
F028,2024,2,Diabetes,46,0
F028,2024,2,Hypertension,61,0
F028,2024,2,Malnutrition,38,0
F028,2024,3,Malaria,278,0
F028,2024,3,Pneumonia,131,1
F028,2024,3,Diarrhoea,190,1
F028,2024,3,TB,12,0
F028,2024,3,HIV/AIDS,24,0
F028,2024,3,Typhoid,54,0
F028,2024,3,Anaemia,58,0
F028,2024,3,Diabetes,48,0
F028,2024,3,Hypertension,71,0
F028,2024,3,Malnutrition,32,0
F028,2024,4,Malaria,132,0
F028,2024,4,Pneumonia,90,1
F028,2024,4,Diarrhoea,183,1
F028,2024,4,TB,14,0
F028,2024,4,HIV/AIDS,26,0
F028,2024,4,Typhoid,35,0
F028,2024,4,Anaemia,69,0
F028,2024,4,Diabetes,36,0
F028,2024,4,Hypertension,57,0
F028,2024,4,Malnutrition,50,0
F028,2024,5,Malaria,240,1
F028,2024,5,Pneumonia,122,0
F028,2024,5,Diarrhoea,97,0
F028,2024,5,TB,24,0
F028,2024,5,HIV/AIDS,32,0
F028,2024,5,Typhoid,45,0
F028,2024,5,Anaemia,60,0
F028,2024,5,Diabetes,41,0
F028,2024,5,Hypertension,57,0
F028,2024,5,Malnutrition,33,0
F028,2024,6,Malaria,259,2
F028,2024,6,Pneumonia,99,0
F028,2024,6,Diarrhoea,138,1
F028,2024,6,TB,22,0
F028,2024,6,HIV/AIDS,25,0
F028,2024,6,Typhoid,38,0
F028,2024,6,Anaemia,94,0
F028,2024,6,Diabetes,25,0
F028,2024,6,Hypertension,81,0
F028,2024,6,Malnutrition,60,0
F028,2024,7,Malaria,224,3
F028,2024,7,Pneumonia,105,1
F028,2024,7,Diarrhoea,127,0
F028,2024,7,TB,23,0
F028,2024,7,HIV/AIDS,27,0
F028,2024,7,Typhoid,34,0
F028,2024,7,Anaemia,83,1
F028,2024,7,Diabetes,36,0
F028,2024,7,Hypertension,87,0
F028,2024,7,Malnutrition,35,0
F028,2024,8,Malaria,187,1
F028,2024,8,Pneumonia,85,0
F028,2024,8,Diarrhoea,177,1
F028,2024,8,TB,24,0
F028,2024,8,HIV/AIDS,19,0
F028,2024,8,Typhoid,50,0
F028,2024,8,Anaemia,95,0
F028,2024,8,Diabetes,34,0
F028,2024,8,Hypertension,76,0
F028,2024,8,Malnutrition,51,0
F028,2024,9,Malaria,200,0
F028,2024,9,Pneumonia,105,0
F028,2024,9,Diarrhoea,139,1
F028,2024,9,TB,15,0
F028,2024,9,HIV/AIDS,34,0
F028,2024,9,Typhoid,69,0
F028,2024,9,Anaemia,88,0
F028,2024,9,Diabetes,45,0
F028,2024,9,Hypertension,81,0
F028,2024,9,Malnutrition,31,0
F028,2024,10,Malaria,160,1
F028,2024,10,Pneumonia,79,0
F028,2024,10,Diarrhoea,141,0
F028,2024,10,TB,11,0
F028,2024,10,HIV/AIDS,24,0
F028,2024,10,Typhoid,50,0
F028,2024,10,Anaemia,71,0
F028,2024,10,Diabetes,23,0
F028,2024,10,Hypertension,68,0
F028,2024,10,Malnutrition,31,0
F028,2024,11,Malaria,225,2
F028,2024,11,Pneumonia,84,0
F028,2024,11,Diarrhoea,194,2
F028,2024,11,TB,24,0
F028,2024,11,HIV/AIDS,28,0
F028,2024,11,Typhoid,40,0
F028,2024,11,Anaemia,86,1
F028,2024,11,Diabetes,49,0
F028,2024,11,Hypertension,38,0
F028,2024,11,Malnutrition,59,0
F028,2024,12,Malaria,198,1
F028,2024,12,Pneumonia,71,0
F028,2024,12,Diarrhoea,89,0
F028,2024,12,TB,17,0
F028,2024,12,HIV/AIDS,16,0
F028,2024,12,Typhoid,75,0
F028,2024,12,Anaemia,54,0
F028,2024,12,Diabetes,22,0
F028,2024,12,Hypertension,38,0
F028,2024,12,Malnutrition,47,0
F029,2023,1,Malaria,89,0
F029,2023,1,Pneumonia,38,0
F029,2023,1,Diarrhoea,67,0
F029,2023,1,TB,10,0
F029,2023,1,HIV/AIDS,12,0
F029,2023,1,Typhoid,22,0
F029,2023,1,Anaemia,33,0
F029,2023,1,Diabetes,21,0
F029,2023,1,Hypertension,25,0
F029,2023,1,Malnutrition,16,0
F029,2023,2,Malaria,84,0
F029,2023,2,Pneumonia,60,0
F029,2023,2,Diarrhoea,43,0
F029,2023,2,TB,9,0
F029,2023,2,HIV/AIDS,11,0
F029,2023,2,Typhoid,28,0
F029,2023,2,Anaemia,41,0
F029,2023,2,Diabetes,16,0
F029,2023,2,Hypertension,21,0
F029,2023,2,Malnutrition,16,0
F029,2023,3,Malaria,120,0
F029,2023,3,Pneumonia,60,0
F029,2023,3,Diarrhoea,61,0
F029,2023,3,TB,10,0
F029,2023,3,HIV/AIDS,8,0
F029,2023,3,Typhoid,21,0
F029,2023,3,Anaemia,31,0
F029,2023,3,Diabetes,17,0
F029,2023,3,Hypertension,26,0
F029,2023,3,Malnutrition,25,0
F029,2023,4,Malaria,120,0
F029,2023,4,Pneumonia,47,0
F029,2023,4,Diarrhoea,59,0
F029,2023,4,TB,5,0
F029,2023,4,HIV/AIDS,13,0
F029,2023,4,Typhoid,25,0
F029,2023,4,Anaemia,23,0
F029,2023,4,Diabetes,11,0
F029,2023,4,Hypertension,25,0
F029,2023,4,Malnutrition,16,0
F029,2023,5,Malaria,105,0
F029,2023,5,Pneumonia,49,0
F029,2023,5,Diarrhoea,68,0
F029,2023,5,TB,5,0
F029,2023,5,HIV/AIDS,9,0
F029,2023,5,Typhoid,32,0
F029,2023,5,Anaemia,20,0
F029,2023,5,Diabetes,14,0
F029,2023,5,Hypertension,24,0
F029,2023,5,Malnutrition,12,0
F029,2023,6,Malaria,113,1
F029,2023,6,Pneumonia,39,0
F029,2023,6,Diarrhoea,73,0
F029,2023,6,TB,10,0
F029,2023,6,HIV/AIDS,15,0
F029,2023,6,Typhoid,19,0
F029,2023,6,Anaemia,35,0
F029,2023,6,Diabetes,12,0
F029,2023,6,Hypertension,23,0
F029,2023,6,Malnutrition,26,0
F029,2023,7,Malaria,67,0
F029,2023,7,Pneumonia,29,0
F029,2023,7,Diarrhoea,76,1
F029,2023,7,TB,6,0
F029,2023,7,HIV/AIDS,16,0
F029,2023,7,Typhoid,19,0
F029,2023,7,Anaemia,34,0
F029,2023,7,Diabetes,13,0
F029,2023,7,Hypertension,23,0
F029,2023,7,Malnutrition,21,0
F029,2023,8,Malaria,61,0
F029,2023,8,Pneumonia,65,0
F029,2023,8,Diarrhoea,42,0
F029,2023,8,TB,8,0
F029,2023,8,HIV/AIDS,7,0
F029,2023,8,Typhoid,17,0
F029,2023,8,Anaemia,26,0
F029,2023,8,Diabetes,12,0
F029,2023,8,Hypertension,30,0
F029,2023,8,Malnutrition,21,0
F029,2023,9,Malaria,91,0
F029,2023,9,Pneumonia,32,0
F029,2023,9,Diarrhoea,75,0
F029,2023,9,TB,7,0
F029,2023,9,HIV/AIDS,11,0
F029,2023,9,Typhoid,30,0
F029,2023,9,Anaemia,29,0
F029,2023,9,Diabetes,21,0
F029,2023,9,Hypertension,17,0
F029,2023,9,Malnutrition,13,0
F029,2023,10,Malaria,75,0
F029,2023,10,Pneumonia,51,0
F029,2023,10,Diarrhoea,83,1
F029,2023,10,TB,6,0
F029,2023,10,HIV/AIDS,7,0
F029,2023,10,Typhoid,16,0
F029,2023,10,Anaemia,25,0
F029,2023,10,Diabetes,9,0
F029,2023,10,Hypertension,21,0
F029,2023,10,Malnutrition,13,0
F029,2023,11,Malaria,80,0
F029,2023,11,Pneumonia,30,0
F029,2023,11,Diarrhoea,63,0
F029,2023,11,TB,8,0
F029,2023,11,HIV/AIDS,13,0
F029,2023,11,Typhoid,27,0
F029,2023,11,Anaemia,22,0
F029,2023,11,Diabetes,16,0
F029,2023,11,Hypertension,35,0
F029,2023,11,Malnutrition,22,0
F029,2023,12,Malaria,99,0
F029,2023,12,Pneumonia,35,0
F029,2023,12,Diarrhoea,38,0
F029,2023,12,TB,7,0
F029,2023,12,HIV/AIDS,11,0
F029,2023,12,Typhoid,25,0
F029,2023,12,Anaemia,41,0
F029,2023,12,Diabetes,17,0
F029,2023,12,Hypertension,26,0
F029,2023,12,Malnutrition,25,0
F029,2024,1,Malaria,70,0
F029,2024,1,Pneumonia,49,0
F029,2024,1,Diarrhoea,60,0
F029,2024,1,TB,8,0
F029,2024,1,HIV/AIDS,14,0
F029,2024,1,Typhoid,24,0
F029,2024,1,Anaemia,38,0
F029,2024,1,Diabetes,19,0
F029,2024,1,Hypertension,32,0
F029,2024,1,Malnutrition,18,0
F029,2024,2,Malaria,114,0
F029,2024,2,Pneumonia,47,0
F029,2024,2,Diarrhoea,78,0
F029,2024,2,TB,10,0
F029,2024,2,HIV/AIDS,13,0
F029,2024,2,Typhoid,21,0
F029,2024,2,Anaemia,29,0
F029,2024,2,Diabetes,11,0
F029,2024,2,Hypertension,16,0
F029,2024,2,Malnutrition,14,0
F029,2024,3,Malaria,108,1
F029,2024,3,Pneumonia,35,0
F029,2024,3,Diarrhoea,53,0
F029,2024,3,TB,7,0
F029,2024,3,HIV/AIDS,9,0
F029,2024,3,Typhoid,14,0
F029,2024,3,Anaemia,23,0
F029,2024,3,Diabetes,21,0
F029,2024,3,Hypertension,29,0
F029,2024,3,Malnutrition,12,0
F029,2024,4,Malaria,111,0
F029,2024,4,Pneumonia,35,0
F029,2024,4,Diarrhoea,40,0
F029,2024,4,TB,4,0
F029,2024,4,HIV/AIDS,15,0
F029,2024,4,Typhoid,15,0
F029,2024,4,Anaemia,30,0
F029,2024,4,Diabetes,15,0
F029,2024,4,Hypertension,17,0
F029,2024,4,Malnutrition,21,0
F029,2024,5,Malaria,115,1
F029,2024,5,Pneumonia,38,0
F029,2024,5,Diarrhoea,65,0
F029,2024,5,TB,5,0
F029,2024,5,HIV/AIDS,8,0
F029,2024,5,Typhoid,18,0
F029,2024,5,Anaemia,36,0
F029,2024,5,Diabetes,9,0
F029,2024,5,Hypertension,27,0
F029,2024,5,Malnutrition,17,0
F029,2024,6,Malaria,66,0
F029,2024,6,Pneumonia,44,0
F029,2024,6,Diarrhoea,62,0
F029,2024,6,TB,5,0
F029,2024,6,HIV/AIDS,14,0
F029,2024,6,Typhoid,21,0
F029,2024,6,Anaemia,27,0
F029,2024,6,Diabetes,12,0
F029,2024,6,Hypertension,26,0
F029,2024,6,Malnutrition,14,0
F029,2024,7,Malaria,66,0
F029,2024,7,Pneumonia,62,0
F029,2024,7,Diarrhoea,44,0
F029,2024,7,TB,9,0
F029,2024,7,HIV/AIDS,14,0
F029,2024,7,Typhoid,20,0
F029,2024,7,Anaemia,37,0
F029,2024,7,Diabetes,13,0
F029,2024,7,Hypertension,19,0
F029,2024,7,Malnutrition,19,0
F029,2024,8,Malaria,108,0
F029,2024,8,Pneumonia,42,0
F029,2024,8,Diarrhoea,84,0
F029,2024,8,TB,7,0
F029,2024,8,HIV/AIDS,14,0
F029,2024,8,Typhoid,17,0
F029,2024,8,Anaemia,40,0
F029,2024,8,Diabetes,19,0
F029,2024,8,Hypertension,36,0
F029,2024,8,Malnutrition,20,0
F029,2024,9,Malaria,64,0
F029,2024,9,Pneumonia,52,0
F029,2024,9,Diarrhoea,47,0
F029,2024,9,TB,5,0
F029,2024,9,HIV/AIDS,12,0
F029,2024,9,Typhoid,19,0
F029,2024,9,Anaemia,38,0
F029,2024,9,Diabetes,13,0
F029,2024,9,Hypertension,24,0
F029,2024,9,Malnutrition,25,0
F029,2024,10,Malaria,92,1
F029,2024,10,Pneumonia,29,0
F029,2024,10,Diarrhoea,53,0
F029,2024,10,TB,9,0
F029,2024,10,HIV/AIDS,14,0
F029,2024,10,Typhoid,25,0
F029,2024,10,Anaemia,31,0
F029,2024,10,Diabetes,15,0
F029,2024,10,Hypertension,18,0
F029,2024,10,Malnutrition,27,0
F029,2024,11,Malaria,75,0
F029,2024,11,Pneumonia,52,0
F029,2024,11,Diarrhoea,76,0
F029,2024,11,TB,5,0
F029,2024,11,HIV/AIDS,9,0
F029,2024,11,Typhoid,25,0
F029,2024,11,Anaemia,20,0
F029,2024,11,Diabetes,15,0
F029,2024,11,Hypertension,31,0
F029,2024,11,Malnutrition,19,0
F029,2024,12,Malaria,89,0
F029,2024,12,Pneumonia,37,0
F029,2024,12,Diarrhoea,84,0
F029,2024,12,TB,6,0
F029,2024,12,HIV/AIDS,14,0
F029,2024,12,Typhoid,28,0
F029,2024,12,Anaemia,43,0
F029,2024,12,Diabetes,14,0
F029,2024,12,Hypertension,35,0
F029,2024,12,Malnutrition,26,0
F030,2023,1,Malaria,33,0
F030,2023,1,Pneumonia,23,0
F030,2023,1,Diarrhoea,21,0
F030,2023,1,TB,3,0
F030,2023,1,HIV/AIDS,5,0
F030,2023,1,Typhoid,9,0
F030,2023,1,Anaemia,8,0
F030,2023,1,Diabetes,6,0
F030,2023,1,Hypertension,7,0
F030,2023,1,Malnutrition,6,0
F030,2023,2,Malaria,34,0
F030,2023,2,Pneumonia,18,0
F030,2023,2,Diarrhoea,33,0
F030,2023,2,TB,3,0
F030,2023,2,HIV/AIDS,3,0
F030,2023,2,Typhoid,10,0
F030,2023,2,Anaemia,15,0
F030,2023,2,Diabetes,4,0
F030,2023,2,Hypertension,10,0
F030,2023,2,Malnutrition,5,0
F030,2023,3,Malaria,35,0
F030,2023,3,Pneumonia,23,0
F030,2023,3,Diarrhoea,17,0
F030,2023,3,TB,2,0
F030,2023,3,HIV/AIDS,4,0
F030,2023,3,Typhoid,7,0
F030,2023,3,Anaemia,7,0
F030,2023,3,Diabetes,6,0
F030,2023,3,Hypertension,9,0
F030,2023,3,Malnutrition,6,0
F030,2023,4,Malaria,45,0
F030,2023,4,Pneumonia,21,0
F030,2023,4,Diarrhoea,18,0
F030,2023,4,TB,2,0
F030,2023,4,HIV/AIDS,4,0
F030,2023,4,Typhoid,10,0
F030,2023,4,Anaemia,7,0
F030,2023,4,Diabetes,7,0
F030,2023,4,Hypertension,13,0
F030,2023,4,Malnutrition,8,0
F030,2023,5,Malaria,25,0
F030,2023,5,Pneumonia,17,0
F030,2023,5,Diarrhoea,30,0
F030,2023,5,TB,3,0
F030,2023,5,HIV/AIDS,5,0
F030,2023,5,Typhoid,8,0
F030,2023,5,Anaemia,9,0
F030,2023,5,Diabetes,7,0
F030,2023,5,Hypertension,7,0
F030,2023,5,Malnutrition,8,0
F030,2023,6,Malaria,35,0
F030,2023,6,Pneumonia,19,0
F030,2023,6,Diarrhoea,30,0
F030,2023,6,TB,1,0
F030,2023,6,HIV/AIDS,5,0
F030,2023,6,Typhoid,8,0
F030,2023,6,Anaemia,11,0
F030,2023,6,Diabetes,7,0
F030,2023,6,Hypertension,13,0
F030,2023,6,Malnutrition,7,0
F030,2023,7,Malaria,21,0
F030,2023,7,Pneumonia,22,0
F030,2023,7,Diarrhoea,17,0
F030,2023,7,TB,2,0
F030,2023,7,HIV/AIDS,5,0
F030,2023,7,Typhoid,12,0
F030,2023,7,Anaemia,15,0
F030,2023,7,Diabetes,4,0
F030,2023,7,Hypertension,12,0
F030,2023,7,Malnutrition,8,0
F030,2023,8,Malaria,31,0
F030,2023,8,Pneumonia,24,0
F030,2023,8,Diarrhoea,33,0
F030,2023,8,TB,1,0
F030,2023,8,HIV/AIDS,4,0
F030,2023,8,Typhoid,8,0
F030,2023,8,Anaemia,12,0
F030,2023,8,Diabetes,4,0
F030,2023,8,Hypertension,10,0
F030,2023,8,Malnutrition,8,0
F030,2023,9,Malaria,23,0
F030,2023,9,Pneumonia,23,0
F030,2023,9,Diarrhoea,28,0
F030,2023,9,TB,3,0
F030,2023,9,HIV/AIDS,4,0
F030,2023,9,Typhoid,8,0
F030,2023,9,Anaemia,13,0
F030,2023,9,Diabetes,6,0
F030,2023,9,Hypertension,11,0
F030,2023,9,Malnutrition,9,0
F030,2023,10,Malaria,23,0
F030,2023,10,Pneumonia,23,0
F030,2023,10,Diarrhoea,25,0
F030,2023,10,TB,2,0
F030,2023,10,HIV/AIDS,4,0
F030,2023,10,Typhoid,6,0
F030,2023,10,Anaemia,7,0
F030,2023,10,Diabetes,8,0
F030,2023,10,Hypertension,9,0
F030,2023,10,Malnutrition,7,0
F030,2023,11,Malaria,22,0
F030,2023,11,Pneumonia,11,0
F030,2023,11,Diarrhoea,31,0
F030,2023,11,TB,2,0
F030,2023,11,HIV/AIDS,4,0
F030,2023,11,Typhoid,8,0
F030,2023,11,Anaemia,15,0
F030,2023,11,Diabetes,5,0
F030,2023,11,Hypertension,12,0
F030,2023,11,Malnutrition,9,0
F030,2023,12,Malaria,36,0
F030,2023,12,Pneumonia,24,0
F030,2023,12,Diarrhoea,17,0
F030,2023,12,TB,3,0
F030,2023,12,HIV/AIDS,4,0
F030,2023,12,Typhoid,12,0
F030,2023,12,Anaemia,14,0
F030,2023,12,Diabetes,5,0
F030,2023,12,Hypertension,13,0
F030,2023,12,Malnutrition,5,0
F030,2024,1,Malaria,36,0
F030,2024,1,Pneumonia,14,0
F030,2024,1,Diarrhoea,15,0
F030,2024,1,TB,2,0
F030,2024,1,HIV/AIDS,3,0
F030,2024,1,Typhoid,7,0
F030,2024,1,Anaemia,10,0
F030,2024,1,Diabetes,6,0
F030,2024,1,Hypertension,8,0
F030,2024,1,Malnutrition,8,0
F030,2024,2,Malaria,47,0
F030,2024,2,Pneumonia,10,0
F030,2024,2,Diarrhoea,29,0
F030,2024,2,TB,2,0
F030,2024,2,HIV/AIDS,5,0
F030,2024,2,Typhoid,9,0
F030,2024,2,Anaemia,16,0
F030,2024,2,Diabetes,4,0
F030,2024,2,Hypertension,6,0
F030,2024,2,Malnutrition,6,0
F030,2024,3,Malaria,45,0
F030,2024,3,Pneumonia,11,0
F030,2024,3,Diarrhoea,26,0
F030,2024,3,TB,2,0
F030,2024,3,HIV/AIDS,3,0
F030,2024,3,Typhoid,11,0
F030,2024,3,Anaemia,10,0
F030,2024,3,Diabetes,4,0
F030,2024,3,Hypertension,8,0
F030,2024,3,Malnutrition,8,0
F030,2024,4,Malaria,44,0
F030,2024,4,Pneumonia,14,0
F030,2024,4,Diarrhoea,19,0
F030,2024,4,TB,3,0
F030,2024,4,HIV/AIDS,5,0
F030,2024,4,Typhoid,6,0
F030,2024,4,Anaemia,12,0
F030,2024,4,Diabetes,4,0
F030,2024,4,Hypertension,14,0
F030,2024,4,Malnutrition,5,0
F030,2024,5,Malaria,25,0
F030,2024,5,Pneumonia,16,0
F030,2024,5,Diarrhoea,26,0
F030,2024,5,TB,3,0
F030,2024,5,HIV/AIDS,2,0
F030,2024,5,Typhoid,7,0
F030,2024,5,Anaemia,16,0
F030,2024,5,Diabetes,6,0
F030,2024,5,Hypertension,12,0
F030,2024,5,Malnutrition,5,0
F030,2024,6,Malaria,26,0
F030,2024,6,Pneumonia,18,0
F030,2024,6,Diarrhoea,21,0
F030,2024,6,TB,4,0
F030,2024,6,HIV/AIDS,4,0
F030,2024,6,Typhoid,6,0
F030,2024,6,Anaemia,13,0
F030,2024,6,Diabetes,7,0
F030,2024,6,Hypertension,13,0
F030,2024,6,Malnutrition,8,0
F030,2024,7,Malaria,42,0
F030,2024,7,Pneumonia,15,0
F030,2024,7,Diarrhoea,23,0
F030,2024,7,TB,3,0
F030,2024,7,HIV/AIDS,4,0
F030,2024,7,Typhoid,8,0
F030,2024,7,Anaemia,7,0
F030,2024,7,Diabetes,4,0
F030,2024,7,Hypertension,10,0
F030,2024,7,Malnutrition,6,0
F030,2024,8,Malaria,28,0
F030,2024,8,Pneumonia,19,0
F030,2024,8,Diarrhoea,33,0
F030,2024,8,TB,2,0
F030,2024,8,HIV/AIDS,2,0
F030,2024,8,Typhoid,5,0
F030,2024,8,Anaemia,13,0
F030,2024,8,Diabetes,5,0
F030,2024,8,Hypertension,13,0
F030,2024,8,Malnutrition,10,0
F030,2024,9,Malaria,30,0
F030,2024,9,Pneumonia,14,0
F030,2024,9,Diarrhoea,19,0
F030,2024,9,TB,1,0
F030,2024,9,HIV/AIDS,2,0
F030,2024,9,Typhoid,9,0
F030,2024,9,Anaemia,15,0
F030,2024,9,Diabetes,5,0
F030,2024,9,Hypertension,11,0
F030,2024,9,Malnutrition,6,0
F030,2024,10,Malaria,30,0
F030,2024,10,Pneumonia,20,0
F030,2024,10,Diarrhoea,20,0
F030,2024,10,TB,3,0
F030,2024,10,HIV/AIDS,3,0
F030,2024,10,Typhoid,7,0
F030,2024,10,Anaemia,7,0
F030,2024,10,Diabetes,8,0
F030,2024,10,Hypertension,14,0
F030,2024,10,Malnutrition,10,0
F030,2024,11,Malaria,39,0
F030,2024,11,Pneumonia,24,0
F030,2024,11,Diarrhoea,30,0
F030,2024,11,TB,4,0
F030,2024,11,HIV/AIDS,5,0
F030,2024,11,Typhoid,8,0
F030,2024,11,Anaemia,7,0
F030,2024,11,Diabetes,5,0
F030,2024,11,Hypertension,6,0
F030,2024,11,Malnutrition,6,0
F030,2024,12,Malaria,34,0
F030,2024,12,Pneumonia,17,0
F030,2024,12,Diarrhoea,26,0
F030,2024,12,TB,4,0
F030,2024,12,HIV/AIDS,5,0
F030,2024,12,Typhoid,11,0
F030,2024,12,Anaemia,9,0
F030,2024,12,Diabetes,5,0
F030,2024,12,Hypertension,11,0
F030,2024,12,Malnutrition,8,0
F031,2023,1,Malaria,24,0
F031,2023,1,Pneumonia,17,0
F031,2023,1,Diarrhoea,17,0
F031,2023,1,TB,4,0
F031,2023,1,HIV/AIDS,4,0
F031,2023,1,Typhoid,10,0
F031,2023,1,Anaemia,7,0
F031,2023,1,Diabetes,7,0
F031,2023,1,Hypertension,11,0
F031,2023,1,Malnutrition,8,0
F031,2023,2,Malaria,27,0
F031,2023,2,Pneumonia,13,0
F031,2023,2,Diarrhoea,29,0
F031,2023,2,TB,2,0
F031,2023,2,HIV/AIDS,3,0
F031,2023,2,Typhoid,11,0
F031,2023,2,Anaemia,7,0
F031,2023,2,Diabetes,6,0
F031,2023,2,Hypertension,12,0
F031,2023,2,Malnutrition,4,0
F031,2023,3,Malaria,21,0
F031,2023,3,Pneumonia,16,0
F031,2023,3,Diarrhoea,28,0
F031,2023,3,TB,2,0
F031,2023,3,HIV/AIDS,6,0
F031,2023,3,Typhoid,11,0
F031,2023,3,Anaemia,11,0
F031,2023,3,Diabetes,6,0
F031,2023,3,Hypertension,11,0
F031,2023,3,Malnutrition,6,0
F031,2023,4,Malaria,28,0
F031,2023,4,Pneumonia,11,0
F031,2023,4,Diarrhoea,24,0
F031,2023,4,TB,3,0
F031,2023,4,HIV/AIDS,5,0
F031,2023,4,Typhoid,11,0
F031,2023,4,Anaemia,9,0
F031,2023,4,Diabetes,5,0
F031,2023,4,Hypertension,11,0
F031,2023,4,Malnutrition,6,0
F031,2023,5,Malaria,45,0
F031,2023,5,Pneumonia,14,0
F031,2023,5,Diarrhoea,31,0
F031,2023,5,TB,3,0
F031,2023,5,HIV/AIDS,3,0
F031,2023,5,Typhoid,12,0
F031,2023,5,Anaemia,9,0
F031,2023,5,Diabetes,7,0
F031,2023,5,Hypertension,6,0
F031,2023,5,Malnutrition,8,0
F031,2023,6,Malaria,32,0
F031,2023,6,Pneumonia,24,0
F031,2023,6,Diarrhoea,18,0
F031,2023,6,TB,3,0
F031,2023,6,HIV/AIDS,5,0
F031,2023,6,Typhoid,12,0
F031,2023,6,Anaemia,13,0
F031,2023,6,Diabetes,3,0
F031,2023,6,Hypertension,7,0
F031,2023,6,Malnutrition,5,0
F031,2023,7,Malaria,29,0
F031,2023,7,Pneumonia,19,0
F031,2023,7,Diarrhoea,28,0
F031,2023,7,TB,2,0
F031,2023,7,HIV/AIDS,6,0
F031,2023,7,Typhoid,8,0
F031,2023,7,Anaemia,7,0
F031,2023,7,Diabetes,7,0
F031,2023,7,Hypertension,13,0
F031,2023,7,Malnutrition,7,0
F031,2023,8,Malaria,37,0
F031,2023,8,Pneumonia,11,0
F031,2023,8,Diarrhoea,33,0
F031,2023,8,TB,3,0
F031,2023,8,HIV/AIDS,4,0
F031,2023,8,Typhoid,10,0
F031,2023,8,Anaemia,9,0
F031,2023,8,Diabetes,4,0
F031,2023,8,Hypertension,13,0
F031,2023,8,Malnutrition,6,0
F031,2023,9,Malaria,37,0
F031,2023,9,Pneumonia,18,0
F031,2023,9,Diarrhoea,29,0
F031,2023,9,TB,3,0
F031,2023,9,HIV/AIDS,5,0
F031,2023,9,Typhoid,12,0
F031,2023,9,Anaemia,13,0
F031,2023,9,Diabetes,3,0
F031,2023,9,Hypertension,13,0
F031,2023,9,Malnutrition,7,0
F031,2023,10,Malaria,32,0
F031,2023,10,Pneumonia,17,0
F031,2023,10,Diarrhoea,29,0
F031,2023,10,TB,3,0
F031,2023,10,HIV/AIDS,3,0
F031,2023,10,Typhoid,6,0
F031,2023,10,Anaemia,7,0
F031,2023,10,Diabetes,3,0
F031,2023,10,Hypertension,9,0
F031,2023,10,Malnutrition,6,0
F031,2023,11,Malaria,35,0
F031,2023,11,Pneumonia,16,0
F031,2023,11,Diarrhoea,17,0
F031,2023,11,TB,3,0
F031,2023,11,HIV/AIDS,2,0
F031,2023,11,Typhoid,5,0
F031,2023,11,Anaemia,7,0
F031,2023,11,Diabetes,3,0
F031,2023,11,Hypertension,13,0
F031,2023,11,Malnutrition,4,0
F031,2023,12,Malaria,36,0
F031,2023,12,Pneumonia,24,0
F031,2023,12,Diarrhoea,18,0
F031,2023,12,TB,2,0
F031,2023,12,HIV/AIDS,4,0
F031,2023,12,Typhoid,9,0
F031,2023,12,Anaemia,13,0
F031,2023,12,Diabetes,7,0
F031,2023,12,Hypertension,11,0
F031,2023,12,Malnutrition,5,0
F031,2024,1,Malaria,25,0
F031,2024,1,Pneumonia,22,0
F031,2024,1,Diarrhoea,14,0
F031,2024,1,TB,1,0
F031,2024,1,HIV/AIDS,3,0
F031,2024,1,Typhoid,12,0
F031,2024,1,Anaemia,12,0
F031,2024,1,Diabetes,5,0
F031,2024,1,Hypertension,11,0
F031,2024,1,Malnutrition,10,0
F031,2024,2,Malaria,39,0
F031,2024,2,Pneumonia,11,0
F031,2024,2,Diarrhoea,23,0
F031,2024,2,TB,4,0
F031,2024,2,HIV/AIDS,5,0
F031,2024,2,Typhoid,7,0
F031,2024,2,Anaemia,16,0
F031,2024,2,Diabetes,4,0
F031,2024,2,Hypertension,11,0
F031,2024,2,Malnutrition,10,0
F031,2024,3,Malaria,24,0
F031,2024,3,Pneumonia,19,0
F031,2024,3,Diarrhoea,24,0
F031,2024,3,TB,3,0
F031,2024,3,HIV/AIDS,3,0
F031,2024,3,Typhoid,7,0
F031,2024,3,Anaemia,16,0
F031,2024,3,Diabetes,4,0
F031,2024,3,Hypertension,9,0
F031,2024,3,Malnutrition,8,0
F031,2024,4,Malaria,41,0
F031,2024,4,Pneumonia,14,0
F031,2024,4,Diarrhoea,16,0
F031,2024,4,TB,2,0
F031,2024,4,HIV/AIDS,2,0
F031,2024,4,Typhoid,8,0
F031,2024,4,Anaemia,14,0
F031,2024,4,Diabetes,5,0
F031,2024,4,Hypertension,9,0
F031,2024,4,Malnutrition,6,0
F031,2024,5,Malaria,23,0
F031,2024,5,Pneumonia,20,0
F031,2024,5,Diarrhoea,18,0
F031,2024,5,TB,4,0
F031,2024,5,HIV/AIDS,5,0
F031,2024,5,Typhoid,5,0
F031,2024,5,Anaemia,12,0
F031,2024,5,Diabetes,4,0
F031,2024,5,Hypertension,8,0
F031,2024,5,Malnutrition,6,0
F031,2024,6,Malaria,23,0
F031,2024,6,Pneumonia,14,0
F031,2024,6,Diarrhoea,18,0
F031,2024,6,TB,2,0
F031,2024,6,HIV/AIDS,6,0
F031,2024,6,Typhoid,7,0
F031,2024,6,Anaemia,12,0
F031,2024,6,Diabetes,7,0
F031,2024,6,Hypertension,11,0
F031,2024,6,Malnutrition,7,0
F031,2024,7,Malaria,30,0
F031,2024,7,Pneumonia,19,0
F031,2024,7,Diarrhoea,21,0
F031,2024,7,TB,2,0
F031,2024,7,HIV/AIDS,5,0
F031,2024,7,Typhoid,9,0
F031,2024,7,Anaemia,11,0
F031,2024,7,Diabetes,5,0
F031,2024,7,Hypertension,12,0
F031,2024,7,Malnutrition,10,0
F031,2024,8,Malaria,46,0
F031,2024,8,Pneumonia,12,0
F031,2024,8,Diarrhoea,30,0
F031,2024,8,TB,2,0
F031,2024,8,HIV/AIDS,2,0
F031,2024,8,Typhoid,8,0
F031,2024,8,Anaemia,15,0
F031,2024,8,Diabetes,6,0
F031,2024,8,Hypertension,8,0
F031,2024,8,Malnutrition,5,0
F031,2024,9,Malaria,33,0
F031,2024,9,Pneumonia,13,0
F031,2024,9,Diarrhoea,16,0
F031,2024,9,TB,2,0
F031,2024,9,HIV/AIDS,5,0
F031,2024,9,Typhoid,8,0
F031,2024,9,Anaemia,13,0
F031,2024,9,Diabetes,5,0
F031,2024,9,Hypertension,11,0
F031,2024,9,Malnutrition,5,0
F031,2024,10,Malaria,31,0
F031,2024,10,Pneumonia,12,0
F031,2024,10,Diarrhoea,14,0
F031,2024,10,TB,3,0
F031,2024,10,HIV/AIDS,4,0
F031,2024,10,Typhoid,10,0
F031,2024,10,Anaemia,9,0
F031,2024,10,Diabetes,8,0
F031,2024,10,Hypertension,6,0
F031,2024,10,Malnutrition,5,0
F031,2024,11,Malaria,44,0
F031,2024,11,Pneumonia,22,0
F031,2024,11,Diarrhoea,20,0
F031,2024,11,TB,2,0
F031,2024,11,HIV/AIDS,2,0
F031,2024,11,Typhoid,7,0
F031,2024,11,Anaemia,13,0
F031,2024,11,Diabetes,6,0
F031,2024,11,Hypertension,6,0
F031,2024,11,Malnutrition,6,0
F031,2024,12,Malaria,28,0
F031,2024,12,Pneumonia,13,0
F031,2024,12,Diarrhoea,33,0
F031,2024,12,TB,2,0
F031,2024,12,HIV/AIDS,4,0
F031,2024,12,Typhoid,6,0
F031,2024,12,Anaemia,15,0
F031,2024,12,Diabetes,8,0
F031,2024,12,Hypertension,9,0
F031,2024,12,Malnutrition,7,0
F032,2023,1,Malaria,343,1
F032,2023,1,Pneumonia,160,0
F032,2023,1,Diarrhoea,297,1
F032,2023,1,TB,25,0
F032,2023,1,HIV/AIDS,55,0
F032,2023,1,Typhoid,74,0
F032,2023,1,Anaemia,75,0
F032,2023,1,Diabetes,69,0
F032,2023,1,Hypertension,74,0
F032,2023,1,Malnutrition,46,0
F032,2023,2,Malaria,341,4
F032,2023,2,Pneumonia,160,0
F032,2023,2,Diarrhoea,231,0
F032,2023,2,TB,31,0
F032,2023,2,HIV/AIDS,60,0
F032,2023,2,Typhoid,54,0
F032,2023,2,Anaemia,139,0
F032,2023,2,Diabetes,60,0
F032,2023,2,Hypertension,116,1
F032,2023,2,Malnutrition,101,1
F032,2023,3,Malaria,445,6
F032,2023,3,Pneumonia,212,1
F032,2023,3,Diarrhoea,229,1
F032,2023,3,TB,29,0
F032,2023,3,HIV/AIDS,30,0
F032,2023,3,Typhoid,124,1
F032,2023,3,Anaemia,126,0
F032,2023,3,Diabetes,63,0
F032,2023,3,Hypertension,86,1
F032,2023,3,Malnutrition,92,0
F032,2023,4,Malaria,479,3
F032,2023,4,Pneumonia,112,1
F032,2023,4,Diarrhoea,314,3
F032,2023,4,TB,18,0
F032,2023,4,HIV/AIDS,52,0
F032,2023,4,Typhoid,64,0
F032,2023,4,Anaemia,155,0
F032,2023,4,Diabetes,42,0
F032,2023,4,Hypertension,144,0
F032,2023,4,Malnutrition,67,0
F032,2023,5,Malaria,261,2
F032,2023,5,Pneumonia,209,2
F032,2023,5,Diarrhoea,298,0
F032,2023,5,TB,38,0
F032,2023,5,HIV/AIDS,49,0
F032,2023,5,Typhoid,78,0
F032,2023,5,Anaemia,72,0
F032,2023,5,Diabetes,68,0
F032,2023,5,Hypertension,121,1
F032,2023,5,Malnutrition,54,0
F032,2023,6,Malaria,451,6
F032,2023,6,Pneumonia,209,1
F032,2023,6,Diarrhoea,239,0
F032,2023,6,TB,39,0
F032,2023,6,HIV/AIDS,39,0
F032,2023,6,Typhoid,107,1
F032,2023,6,Anaemia,78,0
F032,2023,6,Diabetes,60,0
F032,2023,6,Hypertension,144,0
F032,2023,6,Malnutrition,76,0
F032,2023,7,Malaria,355,1
F032,2023,7,Pneumonia,186,2
F032,2023,7,Diarrhoea,156,1
F032,2023,7,TB,27,0
F032,2023,7,HIV/AIDS,53,0
F032,2023,7,Typhoid,72,0
F032,2023,7,Anaemia,110,0
F032,2023,7,Diabetes,83,0
F032,2023,7,Hypertension,144,2
F032,2023,7,Malnutrition,68,0
F032,2023,8,Malaria,309,2
F032,2023,8,Pneumonia,171,0
F032,2023,8,Diarrhoea,292,1
F032,2023,8,TB,39,0
F032,2023,8,HIV/AIDS,61,0
F032,2023,8,Typhoid,115,0
F032,2023,8,Anaemia,91,1
F032,2023,8,Diabetes,38,0
F032,2023,8,Hypertension,111,0
F032,2023,8,Malnutrition,50,0
F032,2023,9,Malaria,218,1
F032,2023,9,Pneumonia,159,0
F032,2023,9,Diarrhoea,230,1
F032,2023,9,TB,40,0
F032,2023,9,HIV/AIDS,50,0
F032,2023,9,Typhoid,82,0
F032,2023,9,Anaemia,144,1
F032,2023,9,Diabetes,52,0
F032,2023,9,Hypertension,77,0
F032,2023,9,Malnutrition,61,0
F032,2023,10,Malaria,327,2
F032,2023,10,Pneumonia,183,2
F032,2023,10,Diarrhoea,299,3
F032,2023,10,TB,24,0
F032,2023,10,HIV/AIDS,29,0
F032,2023,10,Typhoid,72,0
F032,2023,10,Anaemia,88,0
F032,2023,10,Diabetes,50,0
F032,2023,10,Hypertension,106,1
F032,2023,10,Malnutrition,100,0
F032,2023,11,Malaria,446,5
F032,2023,11,Pneumonia,137,0
F032,2023,11,Diarrhoea,246,1
F032,2023,11,TB,30,0
F032,2023,11,HIV/AIDS,38,0
F032,2023,11,Typhoid,57,0
F032,2023,11,Anaemia,73,0
F032,2023,11,Diabetes,45,0
F032,2023,11,Hypertension,88,1
F032,2023,11,Malnutrition,54,0
F032,2023,12,Malaria,401,0
F032,2023,12,Pneumonia,114,1
F032,2023,12,Diarrhoea,284,2
F032,2023,12,TB,35,0
F032,2023,12,HIV/AIDS,62,0
F032,2023,12,Typhoid,74,0
F032,2023,12,Anaemia,97,0
F032,2023,12,Diabetes,64,0
F032,2023,12,Hypertension,68,0
F032,2023,12,Malnutrition,80,1
F032,2024,1,Malaria,480,6
F032,2024,1,Pneumonia,234,0
F032,2024,1,Diarrhoea,196,2
F032,2024,1,TB,31,0
F032,2024,1,HIV/AIDS,40,0
F032,2024,1,Typhoid,91,0
F032,2024,1,Anaemia,159,1
F032,2024,1,Diabetes,52,0
F032,2024,1,Hypertension,126,0
F032,2024,1,Malnutrition,104,1
F032,2024,2,Malaria,220,1
F032,2024,2,Pneumonia,200,2
F032,2024,2,Diarrhoea,254,2
F032,2024,2,TB,39,0
F032,2024,2,HIV/AIDS,49,0
F032,2024,2,Typhoid,64,0
F032,2024,2,Anaemia,72,0
F032,2024,2,Diabetes,48,0
F032,2024,2,Hypertension,136,1
F032,2024,2,Malnutrition,93,1
F032,2024,3,Malaria,317,2
F032,2024,3,Pneumonia,248,0
F032,2024,3,Diarrhoea,243,2
F032,2024,3,TB,38,0
F032,2024,3,HIV/AIDS,57,0
F032,2024,3,Typhoid,70,0
F032,2024,3,Anaemia,114,0
F032,2024,3,Diabetes,49,0
F032,2024,3,Hypertension,93,0
F032,2024,3,Malnutrition,101,1
F032,2024,4,Malaria,235,3
F032,2024,4,Pneumonia,214,3
F032,2024,4,Diarrhoea,275,3
F032,2024,4,TB,22,0
F032,2024,4,HIV/AIDS,54,0
F032,2024,4,Typhoid,97,1
F032,2024,4,Anaemia,121,0
F032,2024,4,Diabetes,60,0
F032,2024,4,Hypertension,71,0
F032,2024,4,Malnutrition,59,0
F032,2024,5,Malaria,264,3
F032,2024,5,Pneumonia,112,1
F032,2024,5,Diarrhoea,282,1
F032,2024,5,TB,32,0
F032,2024,5,HIV/AIDS,43,0
F032,2024,5,Typhoid,75,0
F032,2024,5,Anaemia,81,1
F032,2024,5,Diabetes,45,0
F032,2024,5,Hypertension,96,1
F032,2024,5,Malnutrition,57,0
F032,2024,6,Malaria,479,1
F032,2024,6,Pneumonia,121,1
F032,2024,6,Diarrhoea,321,3
F032,2024,6,TB,20,0
F032,2024,6,HIV/AIDS,32,0
F032,2024,6,Typhoid,117,1
F032,2024,6,Anaemia,150,1
F032,2024,6,Diabetes,55,0
F032,2024,6,Hypertension,133,1
F032,2024,6,Malnutrition,100,0
F032,2024,7,Malaria,348,1
F032,2024,7,Pneumonia,202,0
F032,2024,7,Diarrhoea,263,3
F032,2024,7,TB,18,0
F032,2024,7,HIV/AIDS,33,0
F032,2024,7,Typhoid,113,0
F032,2024,7,Anaemia,140,1
F032,2024,7,Diabetes,82,0
F032,2024,7,Hypertension,85,1
F032,2024,7,Malnutrition,77,0
F032,2024,8,Malaria,232,3
F032,2024,8,Pneumonia,148,1
F032,2024,8,Diarrhoea,229,1
F032,2024,8,TB,24,0
F032,2024,8,HIV/AIDS,43,0
F032,2024,8,Typhoid,76,0
F032,2024,8,Anaemia,79,0
F032,2024,8,Diabetes,77,0
F032,2024,8,Hypertension,120,1
F032,2024,8,Malnutrition,89,0
F032,2024,9,Malaria,235,2
F032,2024,9,Pneumonia,154,1
F032,2024,9,Diarrhoea,251,1
F032,2024,9,TB,30,0
F032,2024,9,HIV/AIDS,52,0
F032,2024,9,Typhoid,83,0
F032,2024,9,Anaemia,120,1
F032,2024,9,Diabetes,57,0
F032,2024,9,Hypertension,64,0
F032,2024,9,Malnutrition,46,0
F032,2024,10,Malaria,238,1
F032,2024,10,Pneumonia,165,0
F032,2024,10,Diarrhoea,165,1
F032,2024,10,TB,34,0
F032,2024,10,HIV/AIDS,57,0
F032,2024,10,Typhoid,93,1
F032,2024,10,Anaemia,81,1
F032,2024,10,Diabetes,67,0
F032,2024,10,Hypertension,117,1
F032,2024,10,Malnutrition,92,0
F032,2024,11,Malaria,436,5
F032,2024,11,Pneumonia,111,1
F032,2024,11,Diarrhoea,145,0
F032,2024,11,TB,35,0
F032,2024,11,HIV/AIDS,48,0
F032,2024,11,Typhoid,57,0
F032,2024,11,Anaemia,93,1
F032,2024,11,Diabetes,64,0
F032,2024,11,Hypertension,109,1
F032,2024,11,Malnutrition,58,0
F032,2024,12,Malaria,363,5
F032,2024,12,Pneumonia,170,0
F032,2024,12,Diarrhoea,317,4
F032,2024,12,TB,23,0
F032,2024,12,HIV/AIDS,42,0
F032,2024,12,Typhoid,90,0
F032,2024,12,Anaemia,121,1
F032,2024,12,Diabetes,46,0
F032,2024,12,Hypertension,91,0
F032,2024,12,Malnutrition,45,0
F033,2023,1,Malaria,28,0
F033,2023,1,Pneumonia,13,0
F033,2023,1,Diarrhoea,31,0
F033,2023,1,TB,2,0
F033,2023,1,HIV/AIDS,2,0
F033,2023,1,Typhoid,7,0
F033,2023,1,Anaemia,7,0
F033,2023,1,Diabetes,4,0
F033,2023,1,Hypertension,11,0
F033,2023,1,Malnutrition,5,0
F033,2023,2,Malaria,45,0
F033,2023,2,Pneumonia,15,0
F033,2023,2,Diarrhoea,24,0
F033,2023,2,TB,1,0
F033,2023,2,HIV/AIDS,5,0
F033,2023,2,Typhoid,10,0
F033,2023,2,Anaemia,14,0
F033,2023,2,Diabetes,8,0
F033,2023,2,Hypertension,13,0
F033,2023,2,Malnutrition,7,0
F033,2023,3,Malaria,30,0
F033,2023,3,Pneumonia,22,0
F033,2023,3,Diarrhoea,25,0
F033,2023,3,TB,3,0
F033,2023,3,HIV/AIDS,5,0
F033,2023,3,Typhoid,9,0
F033,2023,3,Anaemia,8,0
F033,2023,3,Diabetes,5,0
F033,2023,3,Hypertension,8,0
F033,2023,3,Malnutrition,6,0
F033,2023,4,Malaria,35,0
F033,2023,4,Pneumonia,11,0
F033,2023,4,Diarrhoea,18,0
F033,2023,4,TB,3,0
F033,2023,4,HIV/AIDS,3,0
F033,2023,4,Typhoid,8,0
F033,2023,4,Anaemia,13,0
F033,2023,4,Diabetes,7,0
F033,2023,4,Hypertension,8,0
F033,2023,4,Malnutrition,7,0
F033,2023,5,Malaria,34,0
F033,2023,5,Pneumonia,19,0
F033,2023,5,Diarrhoea,17,0
F033,2023,5,TB,2,0
F033,2023,5,HIV/AIDS,4,0
F033,2023,5,Typhoid,10,0
F033,2023,5,Anaemia,15,0
F033,2023,5,Diabetes,5,0
F033,2023,5,Hypertension,8,0
F033,2023,5,Malnutrition,9,0
F033,2023,6,Malaria,30,0
F033,2023,6,Pneumonia,25,0
F033,2023,6,Diarrhoea,24,0
F033,2023,6,TB,2,0
F033,2023,6,HIV/AIDS,4,0
F033,2023,6,Typhoid,12,0
F033,2023,6,Anaemia,10,0
F033,2023,6,Diabetes,7,0
F033,2023,6,Hypertension,9,0
F033,2023,6,Malnutrition,6,0
F033,2023,7,Malaria,31,0
F033,2023,7,Pneumonia,11,0
F033,2023,7,Diarrhoea,19,0
F033,2023,7,TB,4,0
F033,2023,7,HIV/AIDS,2,0
F033,2023,7,Typhoid,5,0
F033,2023,7,Anaemia,8,0
F033,2023,7,Diabetes,4,0
F033,2023,7,Hypertension,6,0
F033,2023,7,Malnutrition,6,0
F033,2023,8,Malaria,28,0
F033,2023,8,Pneumonia,22,0
F033,2023,8,Diarrhoea,21,0
F033,2023,8,TB,3,0
F033,2023,8,HIV/AIDS,4,0
F033,2023,8,Typhoid,11,0
F033,2023,8,Anaemia,14,0
F033,2023,8,Diabetes,7,0
F033,2023,8,Hypertension,10,0
F033,2023,8,Malnutrition,8,0
F033,2023,9,Malaria,27,0
F033,2023,9,Pneumonia,22,0
F033,2023,9,Diarrhoea,30,0
F033,2023,9,TB,4,0
F033,2023,9,HIV/AIDS,5,0
F033,2023,9,Typhoid,10,0
F033,2023,9,Anaemia,12,0
F033,2023,9,Diabetes,5,0
F033,2023,9,Hypertension,11,0
F033,2023,9,Malnutrition,6,0
F033,2023,10,Malaria,23,0
F033,2023,10,Pneumonia,15,0
F033,2023,10,Diarrhoea,19,0
F033,2023,10,TB,4,0
F033,2023,10,HIV/AIDS,5,0
F033,2023,10,Typhoid,6,0
F033,2023,10,Anaemia,9,0
F033,2023,10,Diabetes,6,0
F033,2023,10,Hypertension,14,0
F033,2023,10,Malnutrition,10,0
F033,2023,11,Malaria,47,0
F033,2023,11,Pneumonia,19,0
F033,2023,11,Diarrhoea,23,0
F033,2023,11,TB,1,0
F033,2023,11,HIV/AIDS,3,0
F033,2023,11,Typhoid,6,0
F033,2023,11,Anaemia,13,0
F033,2023,11,Diabetes,7,0
F033,2023,11,Hypertension,10,0
F033,2023,11,Malnutrition,9,0
F033,2023,12,Malaria,30,0
F033,2023,12,Pneumonia,16,0
F033,2023,12,Diarrhoea,24,0
F033,2023,12,TB,3,0
F033,2023,12,HIV/AIDS,2,0
F033,2023,12,Typhoid,10,0
F033,2023,12,Anaemia,13,0
F033,2023,12,Diabetes,6,0
F033,2023,12,Hypertension,12,0
F033,2023,12,Malnutrition,7,0
F033,2024,1,Malaria,46,0
F033,2024,1,Pneumonia,12,0
F033,2024,1,Diarrhoea,14,0
F033,2024,1,TB,4,0
F033,2024,1,HIV/AIDS,4,0
F033,2024,1,Typhoid,6,0
F033,2024,1,Anaemia,10,0
F033,2024,1,Diabetes,8,0
F033,2024,1,Hypertension,12,0
F033,2024,1,Malnutrition,6,0
F033,2024,2,Malaria,46,0
F033,2024,2,Pneumonia,12,0
F033,2024,2,Diarrhoea,24,0
F033,2024,2,TB,2,0
F033,2024,2,HIV/AIDS,6,0
F033,2024,2,Typhoid,12,0
F033,2024,2,Anaemia,14,0
F033,2024,2,Diabetes,5,0
F033,2024,2,Hypertension,11,0
F033,2024,2,Malnutrition,6,0
F033,2024,3,Malaria,41,0
F033,2024,3,Pneumonia,18,0
F033,2024,3,Diarrhoea,30,0
F033,2024,3,TB,2,0
F033,2024,3,HIV/AIDS,3,0
F033,2024,3,Typhoid,7,0
F033,2024,3,Anaemia,13,0
F033,2024,3,Diabetes,6,0
F033,2024,3,Hypertension,10,0
F033,2024,3,Malnutrition,4,0
F033,2024,4,Malaria,41,0
F033,2024,4,Pneumonia,14,0
F033,2024,4,Diarrhoea,25,0
F033,2024,4,TB,4,0
F033,2024,4,HIV/AIDS,4,0
F033,2024,4,Typhoid,6,0
F033,2024,4,Anaemia,14,0
F033,2024,4,Diabetes,6,0
F033,2024,4,Hypertension,7,0
F033,2024,4,Malnutrition,6,0
F033,2024,5,Malaria,33,0
F033,2024,5,Pneumonia,21,0
F033,2024,5,Diarrhoea,22,0
F033,2024,5,TB,3,0
F033,2024,5,HIV/AIDS,4,0
F033,2024,5,Typhoid,6,0
F033,2024,5,Anaemia,14,0
F033,2024,5,Diabetes,4,0
F033,2024,5,Hypertension,7,0
F033,2024,5,Malnutrition,4,0
F033,2024,6,Malaria,26,0
F033,2024,6,Pneumonia,23,0
F033,2024,6,Diarrhoea,27,0
F033,2024,6,TB,3,0
F033,2024,6,HIV/AIDS,5,0
F033,2024,6,Typhoid,7,0
F033,2024,6,Anaemia,9,0
F033,2024,6,Diabetes,5,0
F033,2024,6,Hypertension,7,0
F033,2024,6,Malnutrition,6,0
F033,2024,7,Malaria,25,0
F033,2024,7,Pneumonia,23,0
F033,2024,7,Diarrhoea,19,0
F033,2024,7,TB,3,0
F033,2024,7,HIV/AIDS,5,0
F033,2024,7,Typhoid,5,0
F033,2024,7,Anaemia,15,0
F033,2024,7,Diabetes,4,0
F033,2024,7,Hypertension,9,0
F033,2024,7,Malnutrition,4,0
F033,2024,8,Malaria,42,0
F033,2024,8,Pneumonia,23,0
F033,2024,8,Diarrhoea,18,0
F033,2024,8,TB,2,0
F033,2024,8,HIV/AIDS,3,0
F033,2024,8,Typhoid,8,0
F033,2024,8,Anaemia,16,0
F033,2024,8,Diabetes,4,0
F033,2024,8,Hypertension,11,0
F033,2024,8,Malnutrition,9,0
F033,2024,9,Malaria,31,0
F033,2024,9,Pneumonia,13,0
F033,2024,9,Diarrhoea,29,0
F033,2024,9,TB,2,0
F033,2024,9,HIV/AIDS,3,0
F033,2024,9,Typhoid,8,0
F033,2024,9,Anaemia,8,0
F033,2024,9,Diabetes,7,0
F033,2024,9,Hypertension,8,0
F033,2024,9,Malnutrition,8,0
F033,2024,10,Malaria,47,0
F033,2024,10,Pneumonia,14,0
F033,2024,10,Diarrhoea,26,0
F033,2024,10,TB,3,0
F033,2024,10,HIV/AIDS,3,0
F033,2024,10,Typhoid,6,0
F033,2024,10,Anaemia,16,0
F033,2024,10,Diabetes,5,0
F033,2024,10,Hypertension,11,0
F033,2024,10,Malnutrition,7,0
F033,2024,11,Malaria,49,0
F033,2024,11,Pneumonia,14,0
F033,2024,11,Diarrhoea,15,0
F033,2024,11,TB,2,0
F033,2024,11,HIV/AIDS,4,0
F033,2024,11,Typhoid,6,0
F033,2024,11,Anaemia,12,0
F033,2024,11,Diabetes,4,0
F033,2024,11,Hypertension,14,0
F033,2024,11,Malnutrition,9,0
F033,2024,12,Malaria,30,0
F033,2024,12,Pneumonia,13,0
F033,2024,12,Diarrhoea,27,0
F033,2024,12,TB,2,0
F033,2024,12,HIV/AIDS,5,0
F033,2024,12,Typhoid,7,0
F033,2024,12,Anaemia,9,0
F033,2024,12,Diabetes,6,0
F033,2024,12,Hypertension,10,0
F033,2024,12,Malnutrition,6,0
F034,2023,1,Malaria,23,0
F034,2023,1,Pneumonia,23,0
F034,2023,1,Diarrhoea,22,0
F034,2023,1,TB,3,0
F034,2023,1,HIV/AIDS,3,0
F034,2023,1,Typhoid,10,0
F034,2023,1,Anaemia,10,0
F034,2023,1,Diabetes,4,0
F034,2023,1,Hypertension,9,0
F034,2023,1,Malnutrition,8,0
F034,2023,2,Malaria,37,0
F034,2023,2,Pneumonia,14,0
F034,2023,2,Diarrhoea,31,0
F034,2023,2,TB,3,0
F034,2023,2,HIV/AIDS,3,0
F034,2023,2,Typhoid,12,0
F034,2023,2,Anaemia,10,0
F034,2023,2,Diabetes,6,0
F034,2023,2,Hypertension,7,0
F034,2023,2,Malnutrition,7,0
F034,2023,3,Malaria,25,0
F034,2023,3,Pneumonia,20,0
F034,2023,3,Diarrhoea,29,0
F034,2023,3,TB,2,0
F034,2023,3,HIV/AIDS,5,0
F034,2023,3,Typhoid,11,0
F034,2023,3,Anaemia,15,0
F034,2023,3,Diabetes,4,0
F034,2023,3,Hypertension,7,0
F034,2023,3,Malnutrition,6,0
F034,2023,4,Malaria,38,0
F034,2023,4,Pneumonia,21,0
F034,2023,4,Diarrhoea,20,0
F034,2023,4,TB,2,0
F034,2023,4,HIV/AIDS,5,0
F034,2023,4,Typhoid,11,0
F034,2023,4,Anaemia,14,0
F034,2023,4,Diabetes,7,0
F034,2023,4,Hypertension,10,0
F034,2023,4,Malnutrition,8,0
F034,2023,5,Malaria,39,0
F034,2023,5,Pneumonia,13,0
F034,2023,5,Diarrhoea,19,0
F034,2023,5,TB,1,0
F034,2023,5,HIV/AIDS,3,0
F034,2023,5,Typhoid,11,0
F034,2023,5,Anaemia,12,0
F034,2023,5,Diabetes,5,0
F034,2023,5,Hypertension,6,0
F034,2023,5,Malnutrition,7,0
F034,2023,6,Malaria,27,0
F034,2023,6,Pneumonia,12,0
F034,2023,6,Diarrhoea,17,0
F034,2023,6,TB,3,0
F034,2023,6,HIV/AIDS,5,0
F034,2023,6,Typhoid,9,0
F034,2023,6,Anaemia,7,0
F034,2023,6,Diabetes,4,0
F034,2023,6,Hypertension,14,0
F034,2023,6,Malnutrition,10,0
F034,2023,7,Malaria,35,0
F034,2023,7,Pneumonia,24,0
F034,2023,7,Diarrhoea,29,0
F034,2023,7,TB,3,0
F034,2023,7,HIV/AIDS,5,0
F034,2023,7,Typhoid,5,0
F034,2023,7,Anaemia,11,0
F034,2023,7,Diabetes,3,0
F034,2023,7,Hypertension,13,0
F034,2023,7,Malnutrition,6,0
F034,2023,8,Malaria,38,0
F034,2023,8,Pneumonia,20,0
F034,2023,8,Diarrhoea,14,0
F034,2023,8,TB,3,0
F034,2023,8,HIV/AIDS,5,0
F034,2023,8,Typhoid,9,0
F034,2023,8,Anaemia,11,0
F034,2023,8,Diabetes,4,0
F034,2023,8,Hypertension,14,0
F034,2023,8,Malnutrition,4,0
F034,2023,9,Malaria,22,0
F034,2023,9,Pneumonia,12,0
F034,2023,9,Diarrhoea,18,0
F034,2023,9,TB,3,0
F034,2023,9,HIV/AIDS,4,0
F034,2023,9,Typhoid,12,0
F034,2023,9,Anaemia,9,0
F034,2023,9,Diabetes,6,0
F034,2023,9,Hypertension,11,0
F034,2023,9,Malnutrition,10,0
F034,2023,10,Malaria,27,0
F034,2023,10,Pneumonia,11,0
F034,2023,10,Diarrhoea,23,0
F034,2023,10,TB,3,0
F034,2023,10,HIV/AIDS,3,0
F034,2023,10,Typhoid,11,0
F034,2023,10,Anaemia,13,0
F034,2023,10,Diabetes,7,0
F034,2023,10,Hypertension,8,0
F034,2023,10,Malnutrition,9,0
F034,2023,11,Malaria,48,0
F034,2023,11,Pneumonia,20,0
F034,2023,11,Diarrhoea,16,0
F034,2023,11,TB,2,0
F034,2023,11,HIV/AIDS,3,0
F034,2023,11,Typhoid,12,0
F034,2023,11,Anaemia,16,0
F034,2023,11,Diabetes,5,0
F034,2023,11,Hypertension,9,0
F034,2023,11,Malnutrition,9,0
F034,2023,12,Malaria,23,0
F034,2023,12,Pneumonia,24,0
F034,2023,12,Diarrhoea,26,0
F034,2023,12,TB,4,0
F034,2023,12,HIV/AIDS,4,0
F034,2023,12,Typhoid,12,0
F034,2023,12,Anaemia,13,0
F034,2023,12,Diabetes,4,0
F034,2023,12,Hypertension,12,0
F034,2023,12,Malnutrition,6,0
F034,2024,1,Malaria,33,0
F034,2024,1,Pneumonia,24,0
F034,2024,1,Diarrhoea,15,0
F034,2024,1,TB,3,0
F034,2024,1,HIV/AIDS,6,0
F034,2024,1,Typhoid,10,0
F034,2024,1,Anaemia,15,0
F034,2024,1,Diabetes,6,0
F034,2024,1,Hypertension,12,0
F034,2024,1,Malnutrition,8,0
F034,2024,2,Malaria,38,0
F034,2024,2,Pneumonia,18,0
F034,2024,2,Diarrhoea,21,0
F034,2024,2,TB,2,0
F034,2024,2,HIV/AIDS,6,0
F034,2024,2,Typhoid,5,0
F034,2024,2,Anaemia,12,0
F034,2024,2,Diabetes,7,0
F034,2024,2,Hypertension,9,0
F034,2024,2,Malnutrition,6,0
F034,2024,3,Malaria,44,0
F034,2024,3,Pneumonia,12,0
F034,2024,3,Diarrhoea,23,0
F034,2024,3,TB,2,0
F034,2024,3,HIV/AIDS,3,0
F034,2024,3,Typhoid,8,0
F034,2024,3,Anaemia,10,0
F034,2024,3,Diabetes,3,0
F034,2024,3,Hypertension,8,0
F034,2024,3,Malnutrition,10,0
F034,2024,4,Malaria,28,0
F034,2024,4,Pneumonia,16,0
F034,2024,4,Diarrhoea,32,0
F034,2024,4,TB,2,0
F034,2024,4,HIV/AIDS,4,0
F034,2024,4,Typhoid,6,0
F034,2024,4,Anaemia,16,0
F034,2024,4,Diabetes,5,0
F034,2024,4,Hypertension,6,0
F034,2024,4,Malnutrition,10,0
F034,2024,5,Malaria,35,0
F034,2024,5,Pneumonia,10,0
F034,2024,5,Diarrhoea,18,0
F034,2024,5,TB,2,0
F034,2024,5,HIV/AIDS,5,0
F034,2024,5,Typhoid,6,0
F034,2024,5,Anaemia,8,0
F034,2024,5,Diabetes,3,0
F034,2024,5,Hypertension,9,0
F034,2024,5,Malnutrition,5,0
F034,2024,6,Malaria,38,0
F034,2024,6,Pneumonia,10,0
F034,2024,6,Diarrhoea,28,0
F034,2024,6,TB,2,0
F034,2024,6,HIV/AIDS,3,0
F034,2024,6,Typhoid,6,0
F034,2024,6,Anaemia,9,0
F034,2024,6,Diabetes,7,0
F034,2024,6,Hypertension,8,0
F034,2024,6,Malnutrition,9,0
F034,2024,7,Malaria,25,0
F034,2024,7,Pneumonia,18,0
F034,2024,7,Diarrhoea,30,0
F034,2024,7,TB,2,0
F034,2024,7,HIV/AIDS,5,0
F034,2024,7,Typhoid,12,0
F034,2024,7,Anaemia,7,0
F034,2024,7,Diabetes,6,0
F034,2024,7,Hypertension,14,0
F034,2024,7,Malnutrition,4,0
F034,2024,8,Malaria,24,0
F034,2024,8,Pneumonia,23,0
F034,2024,8,Diarrhoea,19,0
F034,2024,8,TB,2,0
F034,2024,8,HIV/AIDS,5,0
F034,2024,8,Typhoid,11,0
F034,2024,8,Anaemia,9,0
F034,2024,8,Diabetes,5,0
F034,2024,8,Hypertension,12,0
F034,2024,8,Malnutrition,7,0
F034,2024,9,Malaria,40,0
F034,2024,9,Pneumonia,24,0
F034,2024,9,Diarrhoea,21,0
F034,2024,9,TB,2,0
F034,2024,9,HIV/AIDS,5,0
F034,2024,9,Typhoid,10,0
F034,2024,9,Anaemia,12,0
F034,2024,9,Diabetes,6,0
F034,2024,9,Hypertension,13,0
F034,2024,9,Malnutrition,9,0
F034,2024,10,Malaria,48,0
F034,2024,10,Pneumonia,22,0
F034,2024,10,Diarrhoea,25,0
F034,2024,10,TB,2,0
F034,2024,10,HIV/AIDS,3,0
F034,2024,10,Typhoid,8,0
F034,2024,10,Anaemia,13,0
F034,2024,10,Diabetes,7,0
F034,2024,10,Hypertension,13,0
F034,2024,10,Malnutrition,7,0
F034,2024,11,Malaria,37,0
F034,2024,11,Pneumonia,15,0
F034,2024,11,Diarrhoea,24,0
F034,2024,11,TB,2,0
F034,2024,11,HIV/AIDS,5,0
F034,2024,11,Typhoid,8,0
F034,2024,11,Anaemia,11,0
F034,2024,11,Diabetes,5,0
F034,2024,11,Hypertension,9,0
F034,2024,11,Malnutrition,6,0
F034,2024,12,Malaria,33,0
F034,2024,12,Pneumonia,15,0
F034,2024,12,Diarrhoea,15,0
F034,2024,12,TB,3,0
F034,2024,12,HIV/AIDS,3,0
F034,2024,12,Typhoid,9,0
F034,2024,12,Anaemia,13,0
F034,2024,12,Diabetes,4,0
F034,2024,12,Hypertension,13,0
F034,2024,12,Malnutrition,5,0
F035,2023,1,Malaria,119,1
F035,2023,1,Pneumonia,54,0
F035,2023,1,Diarrhoea,45,0
F035,2023,1,TB,6,0
F035,2023,1,HIV/AIDS,14,0
F035,2023,1,Typhoid,23,0
F035,2023,1,Anaemia,22,0
F035,2023,1,Diabetes,12,0
F035,2023,1,Hypertension,30,0
F035,2023,1,Malnutrition,17,0
F035,2023,2,Malaria,122,1
F035,2023,2,Pneumonia,29,0
F035,2023,2,Diarrhoea,63,0
F035,2023,2,TB,4,0
F035,2023,2,HIV/AIDS,10,0
F035,2023,2,Typhoid,33,0
F035,2023,2,Anaemia,36,0
F035,2023,2,Diabetes,13,0
F035,2023,2,Hypertension,24,0
F035,2023,2,Malnutrition,25,0
F035,2023,3,Malaria,98,1
F035,2023,3,Pneumonia,48,0
F035,2023,3,Diarrhoea,52,0
F035,2023,3,TB,5,0
F035,2023,3,HIV/AIDS,8,0
F035,2023,3,Typhoid,26,0
F035,2023,3,Anaemia,23,0
F035,2023,3,Diabetes,21,0
F035,2023,3,Hypertension,35,0
F035,2023,3,Malnutrition,13,0
F035,2023,4,Malaria,128,0
F035,2023,4,Pneumonia,33,0
F035,2023,4,Diarrhoea,68,0
F035,2023,4,TB,7,0
F035,2023,4,HIV/AIDS,15,0
F035,2023,4,Typhoid,22,0
F035,2023,4,Anaemia,40,0
F035,2023,4,Diabetes,22,0
F035,2023,4,Hypertension,21,0
F035,2023,4,Malnutrition,12,0
F035,2023,5,Malaria,129,0
F035,2023,5,Pneumonia,35,0
F035,2023,5,Diarrhoea,43,0
F035,2023,5,TB,5,0
F035,2023,5,HIV/AIDS,9,0
F035,2023,5,Typhoid,18,0
F035,2023,5,Anaemia,21,0
F035,2023,5,Diabetes,10,0
F035,2023,5,Hypertension,32,0
F035,2023,5,Malnutrition,18,0
F035,2023,6,Malaria,71,0
F035,2023,6,Pneumonia,56,0
F035,2023,6,Diarrhoea,74,0
F035,2023,6,TB,9,0
F035,2023,6,HIV/AIDS,12,0
F035,2023,6,Typhoid,23,0
F035,2023,6,Anaemia,39,0
F035,2023,6,Diabetes,9,0
F035,2023,6,Hypertension,24,0
F035,2023,6,Malnutrition,15,0
F035,2023,7,Malaria,63,0
F035,2023,7,Pneumonia,52,0
F035,2023,7,Diarrhoea,78,0
F035,2023,7,TB,6,0
F035,2023,7,HIV/AIDS,11,0
F035,2023,7,Typhoid,19,0
F035,2023,7,Anaemia,38,0
F035,2023,7,Diabetes,21,0
F035,2023,7,Hypertension,31,0
F035,2023,7,Malnutrition,13,0
F035,2023,8,Malaria,92,0
F035,2023,8,Pneumonia,66,0
F035,2023,8,Diarrhoea,55,0
F035,2023,8,TB,9,0
F035,2023,8,HIV/AIDS,14,0
F035,2023,8,Typhoid,14,0
F035,2023,8,Anaemia,33,0
F035,2023,8,Diabetes,17,0
F035,2023,8,Hypertension,18,0
F035,2023,8,Malnutrition,24,0
F035,2023,9,Malaria,69,0
F035,2023,9,Pneumonia,54,0
F035,2023,9,Diarrhoea,70,0
F035,2023,9,TB,7,0
F035,2023,9,HIV/AIDS,15,0
F035,2023,9,Typhoid,18,0
F035,2023,9,Anaemia,23,0
F035,2023,9,Diabetes,11,0
F035,2023,9,Hypertension,20,0
F035,2023,9,Malnutrition,18,0
F035,2023,10,Malaria,112,1
F035,2023,10,Pneumonia,42,0
F035,2023,10,Diarrhoea,63,0
F035,2023,10,TB,10,0
F035,2023,10,HIV/AIDS,9,0
F035,2023,10,Typhoid,32,0
F035,2023,10,Anaemia,40,0
F035,2023,10,Diabetes,12,0
F035,2023,10,Hypertension,29,0
F035,2023,10,Malnutrition,25,0
F035,2023,11,Malaria,63,0
F035,2023,11,Pneumonia,45,0
F035,2023,11,Diarrhoea,70,0
F035,2023,11,TB,7,0
F035,2023,11,HIV/AIDS,16,0
F035,2023,11,Typhoid,24,0
F035,2023,11,Anaemia,31,0
F035,2023,11,Diabetes,19,0
F035,2023,11,Hypertension,24,0
F035,2023,11,Malnutrition,27,0
F035,2023,12,Malaria,128,0
F035,2023,12,Pneumonia,32,0
F035,2023,12,Diarrhoea,72,0
F035,2023,12,TB,7,0
F035,2023,12,HIV/AIDS,13,0
F035,2023,12,Typhoid,17,0
F035,2023,12,Anaemia,39,0
F035,2023,12,Diabetes,20,0
F035,2023,12,Hypertension,20,0
F035,2023,12,Malnutrition,16,0
F035,2024,1,Malaria,74,0
F035,2024,1,Pneumonia,38,0
F035,2024,1,Diarrhoea,57,0
F035,2024,1,TB,10,0
F035,2024,1,HIV/AIDS,11,0
F035,2024,1,Typhoid,24,0
F035,2024,1,Anaemia,34,0
F035,2024,1,Diabetes,13,0
F035,2024,1,Hypertension,23,0
F035,2024,1,Malnutrition,13,0
F035,2024,2,Malaria,105,0
F035,2024,2,Pneumonia,65,0
F035,2024,2,Diarrhoea,88,0
F035,2024,2,TB,7,0
F035,2024,2,HIV/AIDS,15,0
F035,2024,2,Typhoid,27,0
F035,2024,2,Anaemia,38,0
F035,2024,2,Diabetes,20,0
F035,2024,2,Hypertension,20,0
F035,2024,2,Malnutrition,23,0
F035,2024,3,Malaria,104,0
F035,2024,3,Pneumonia,37,0
F035,2024,3,Diarrhoea,52,0
F035,2024,3,TB,5,0
F035,2024,3,HIV/AIDS,11,0
F035,2024,3,Typhoid,21,0
F035,2024,3,Anaemia,22,0
F035,2024,3,Diabetes,21,0
F035,2024,3,Hypertension,38,0
F035,2024,3,Malnutrition,25,0
F035,2024,4,Malaria,111,0
F035,2024,4,Pneumonia,42,0
F035,2024,4,Diarrhoea,67,0
F035,2024,4,TB,5,0
F035,2024,4,HIV/AIDS,12,0
F035,2024,4,Typhoid,15,0
F035,2024,4,Anaemia,25,0
F035,2024,4,Diabetes,11,0
F035,2024,4,Hypertension,29,0
F035,2024,4,Malnutrition,27,0
F035,2024,5,Malaria,117,0
F035,2024,5,Pneumonia,53,0
F035,2024,5,Diarrhoea,73,1
F035,2024,5,TB,9,0
F035,2024,5,HIV/AIDS,7,0
F035,2024,5,Typhoid,23,0
F035,2024,5,Anaemia,30,0
F035,2024,5,Diabetes,14,0
F035,2024,5,Hypertension,19,0
F035,2024,5,Malnutrition,27,0
F035,2024,6,Malaria,72,0
F035,2024,6,Pneumonia,66,0
F035,2024,6,Diarrhoea,80,0
F035,2024,6,TB,10,0
F035,2024,6,HIV/AIDS,15,0
F035,2024,6,Typhoid,20,0
F035,2024,6,Anaemia,22,0
F035,2024,6,Diabetes,19,0
F035,2024,6,Hypertension,21,0
F035,2024,6,Malnutrition,15,0
F035,2024,7,Malaria,109,0
F035,2024,7,Pneumonia,65,0
F035,2024,7,Diarrhoea,86,0
F035,2024,7,TB,8,0
F035,2024,7,HIV/AIDS,14,0
F035,2024,7,Typhoid,18,0
F035,2024,7,Anaemia,27,0
F035,2024,7,Diabetes,17,0
F035,2024,7,Hypertension,26,0
F035,2024,7,Malnutrition,14,0
F035,2024,8,Malaria,86,0
F035,2024,8,Pneumonia,50,0
F035,2024,8,Diarrhoea,44,0
F035,2024,8,TB,6,0
F035,2024,8,HIV/AIDS,15,0
F035,2024,8,Typhoid,32,0
F035,2024,8,Anaemia,40,0
F035,2024,8,Diabetes,20,0
F035,2024,8,Hypertension,36,0
F035,2024,8,Malnutrition,13,0
F035,2024,9,Malaria,126,1
F035,2024,9,Pneumonia,63,0
F035,2024,9,Diarrhoea,66,0
F035,2024,9,TB,10,0
F035,2024,9,HIV/AIDS,12,0
F035,2024,9,Typhoid,28,0
F035,2024,9,Anaemia,35,0
F035,2024,9,Diabetes,10,0
F035,2024,9,Hypertension,24,0
F035,2024,9,Malnutrition,20,0
F035,2024,10,Malaria,74,0
F035,2024,10,Pneumonia,48,0
F035,2024,10,Diarrhoea,52,0
F035,2024,10,TB,7,0
F035,2024,10,HIV/AIDS,10,0
F035,2024,10,Typhoid,15,0
F035,2024,10,Anaemia,21,0
F035,2024,10,Diabetes,21,0
F035,2024,10,Hypertension,26,0
F035,2024,10,Malnutrition,25,0
F035,2024,11,Malaria,60,0
F035,2024,11,Pneumonia,52,0
F035,2024,11,Diarrhoea,62,0
F035,2024,11,TB,5,0
F035,2024,11,HIV/AIDS,12,0
F035,2024,11,Typhoid,27,0
F035,2024,11,Anaemia,21,0
F035,2024,11,Diabetes,14,0
F035,2024,11,Hypertension,26,0
F035,2024,11,Malnutrition,27,0
F035,2024,12,Malaria,101,0
F035,2024,12,Pneumonia,60,0
F035,2024,12,Diarrhoea,68,0
F035,2024,12,TB,6,0
F035,2024,12,HIV/AIDS,11,0
F035,2024,12,Typhoid,15,0
F035,2024,12,Anaemia,19,0
F035,2024,12,Diabetes,16,0
F035,2024,12,Hypertension,22,0
F035,2024,12,Malnutrition,13,0
F036,2023,1,Malaria,310,3
F036,2023,1,Pneumonia,186,0
F036,2023,1,Diarrhoea,326,4
F036,2023,1,TB,31,0
F036,2023,1,HIV/AIDS,54,0
F036,2023,1,Typhoid,65,0
F036,2023,1,Anaemia,85,0
F036,2023,1,Diabetes,73,0
F036,2023,1,Hypertension,110,0
F036,2023,1,Malnutrition,64,0
F036,2023,2,Malaria,483,3
F036,2023,2,Pneumonia,177,2
F036,2023,2,Diarrhoea,144,1
F036,2023,2,TB,22,0
F036,2023,2,HIV/AIDS,45,0
F036,2023,2,Typhoid,118,0
F036,2023,2,Anaemia,117,0
F036,2023,2,Diabetes,64,0
F036,2023,2,Hypertension,81,0
F036,2023,2,Malnutrition,83,1
F036,2023,3,Malaria,420,1
F036,2023,3,Pneumonia,126,1
F036,2023,3,Diarrhoea,325,2
F036,2023,3,TB,41,0
F036,2023,3,HIV/AIDS,46,0
F036,2023,3,Typhoid,121,0
F036,2023,3,Anaemia,159,2
F036,2023,3,Diabetes,42,0
F036,2023,3,Hypertension,63,0
F036,2023,3,Malnutrition,94,0
F036,2023,4,Malaria,421,1
F036,2023,4,Pneumonia,177,1
F036,2023,4,Diarrhoea,231,2
F036,2023,4,TB,36,0
F036,2023,4,HIV/AIDS,54,0
F036,2023,4,Typhoid,76,0
F036,2023,4,Anaemia,118,0
F036,2023,4,Diabetes,54,0
F036,2023,4,Hypertension,113,0
F036,2023,4,Malnutrition,99,0
F036,2023,5,Malaria,229,0
F036,2023,5,Pneumonia,231,0
F036,2023,5,Diarrhoea,200,1
F036,2023,5,TB,23,0
F036,2023,5,HIV/AIDS,28,0
F036,2023,5,Typhoid,88,1
F036,2023,5,Anaemia,135,1
F036,2023,5,Diabetes,40,0
F036,2023,5,Hypertension,140,1
F036,2023,5,Malnutrition,70,0
F036,2023,6,Malaria,382,3
F036,2023,6,Pneumonia,123,0
F036,2023,6,Diarrhoea,261,1
F036,2023,6,TB,27,0
F036,2023,6,HIV/AIDS,41,0
F036,2023,6,Typhoid,97,1
F036,2023,6,Anaemia,122,0
F036,2023,6,Diabetes,49,0
F036,2023,6,Hypertension,64,0
F036,2023,6,Malnutrition,54,0
F036,2023,7,Malaria,457,6
F036,2023,7,Pneumonia,250,1
F036,2023,7,Diarrhoea,280,1
F036,2023,7,TB,29,0
F036,2023,7,HIV/AIDS,52,0
F036,2023,7,Typhoid,60,0
F036,2023,7,Anaemia,96,1
F036,2023,7,Diabetes,69,0
F036,2023,7,Hypertension,93,0
F036,2023,7,Malnutrition,85,0
F036,2023,8,Malaria,435,2
F036,2023,8,Pneumonia,221,2
F036,2023,8,Diarrhoea,159,2
F036,2023,8,TB,18,0
F036,2023,8,HIV/AIDS,28,0
F036,2023,8,Typhoid,113,0
F036,2023,8,Anaemia,72,0
F036,2023,8,Diabetes,42,0
F036,2023,8,Hypertension,111,0
F036,2023,8,Malnutrition,60,0
F036,2023,9,Malaria,312,2
F036,2023,9,Pneumonia,188,2
F036,2023,9,Diarrhoea,186,0
F036,2023,9,TB,30,0
F036,2023,9,HIV/AIDS,44,0
F036,2023,9,Typhoid,67,0
F036,2023,9,Anaemia,110,0
F036,2023,9,Diabetes,75,0
F036,2023,9,Hypertension,144,1
F036,2023,9,Malnutrition,100,1
F036,2023,10,Malaria,327,1
F036,2023,10,Pneumonia,227,2
F036,2023,10,Diarrhoea,148,0
F036,2023,10,TB,40,0
F036,2023,10,HIV/AIDS,51,0
F036,2023,10,Typhoid,83,0
F036,2023,10,Anaemia,146,0
F036,2023,10,Diabetes,54,0
F036,2023,10,Hypertension,135,1
F036,2023,10,Malnutrition,54,0
F036,2023,11,Malaria,408,2
F036,2023,11,Pneumonia,113,0
F036,2023,11,Diarrhoea,313,3
F036,2023,11,TB,21,0
F036,2023,11,HIV/AIDS,50,0
F036,2023,11,Typhoid,101,0
F036,2023,11,Anaemia,73,0
F036,2023,11,Diabetes,37,0
F036,2023,11,Hypertension,86,1
F036,2023,11,Malnutrition,74,0
F036,2023,12,Malaria,490,1
F036,2023,12,Pneumonia,116,1
F036,2023,12,Diarrhoea,283,4
F036,2023,12,TB,25,0
F036,2023,12,HIV/AIDS,50,0
F036,2023,12,Typhoid,97,1
F036,2023,12,Anaemia,158,1
F036,2023,12,Diabetes,40,0
F036,2023,12,Hypertension,123,1
F036,2023,12,Malnutrition,76,0
F036,2024,1,Malaria,283,2
F036,2024,1,Pneumonia,183,2
F036,2024,1,Diarrhoea,299,1
F036,2024,1,TB,37,0
F036,2024,1,HIV/AIDS,33,0
F036,2024,1,Typhoid,122,0
F036,2024,1,Anaemia,163,0
F036,2024,1,Diabetes,62,0
F036,2024,1,Hypertension,126,1
F036,2024,1,Malnutrition,48,0
F036,2024,2,Malaria,230,1
F036,2024,2,Pneumonia,139,1
F036,2024,2,Diarrhoea,225,0
F036,2024,2,TB,28,0
F036,2024,2,HIV/AIDS,59,0
F036,2024,2,Typhoid,110,0
F036,2024,2,Anaemia,166,1
F036,2024,2,Diabetes,56,0
F036,2024,2,Hypertension,134,1
F036,2024,2,Malnutrition,79,0
F036,2024,3,Malaria,473,6
F036,2024,3,Pneumonia,218,2
F036,2024,3,Diarrhoea,311,4
F036,2024,3,TB,23,0
F036,2024,3,HIV/AIDS,58,0
F036,2024,3,Typhoid,124,1
F036,2024,3,Anaemia,162,1
F036,2024,3,Diabetes,71,0
F036,2024,3,Hypertension,114,0
F036,2024,3,Malnutrition,57,0
F036,2024,4,Malaria,361,5
F036,2024,4,Pneumonia,121,1
F036,2024,4,Diarrhoea,167,0
F036,2024,4,TB,34,0
F036,2024,4,HIV/AIDS,44,0
F036,2024,4,Typhoid,116,1
F036,2024,4,Anaemia,144,0
F036,2024,4,Diabetes,74,0
F036,2024,4,Hypertension,120,0
F036,2024,4,Malnutrition,74,0
F036,2024,5,Malaria,474,4
F036,2024,5,Pneumonia,186,2
F036,2024,5,Diarrhoea,222,0
F036,2024,5,TB,31,0
F036,2024,5,HIV/AIDS,51,0
F036,2024,5,Typhoid,106,0
F036,2024,5,Anaemia,146,1
F036,2024,5,Diabetes,58,0
F036,2024,5,Hypertension,112,0
F036,2024,5,Malnutrition,70,0
F036,2024,6,Malaria,455,3
F036,2024,6,Pneumonia,190,2
F036,2024,6,Diarrhoea,229,1
F036,2024,6,TB,40,0
F036,2024,6,HIV/AIDS,38,0
F036,2024,6,Typhoid,120,1
F036,2024,6,Anaemia,157,1
F036,2024,6,Diabetes,65,0
F036,2024,6,Hypertension,111,0
F036,2024,6,Malnutrition,64,0
F036,2024,7,Malaria,255,1
F036,2024,7,Pneumonia,176,1
F036,2024,7,Diarrhoea,227,3
F036,2024,7,TB,38,0
F036,2024,7,HIV/AIDS,27,0
F036,2024,7,Typhoid,119,0
F036,2024,7,Anaemia,143,0
F036,2024,7,Diabetes,37,0
F036,2024,7,Hypertension,122,1
F036,2024,7,Malnutrition,52,0
F036,2024,8,Malaria,472,5
F036,2024,8,Pneumonia,155,1
F036,2024,8,Diarrhoea,180,0
F036,2024,8,TB,37,0
F036,2024,8,HIV/AIDS,61,0
F036,2024,8,Typhoid,82,1
F036,2024,8,Anaemia,123,0
F036,2024,8,Diabetes,67,0
F036,2024,8,Hypertension,88,0
F036,2024,8,Malnutrition,48,0
F036,2024,9,Malaria,438,0
F036,2024,9,Pneumonia,194,0
F036,2024,9,Diarrhoea,258,2
F036,2024,9,TB,30,0
F036,2024,9,HIV/AIDS,57,0
F036,2024,9,Typhoid,100,1
F036,2024,9,Anaemia,132,1
F036,2024,9,Diabetes,73,0
F036,2024,9,Hypertension,64,0
F036,2024,9,Malnutrition,97,0
F036,2024,10,Malaria,219,2
F036,2024,10,Pneumonia,164,1
F036,2024,10,Diarrhoea,238,0
F036,2024,10,TB,36,0
F036,2024,10,HIV/AIDS,50,0
F036,2024,10,Typhoid,64,0
F036,2024,10,Anaemia,93,0
F036,2024,10,Diabetes,65,0
F036,2024,10,Hypertension,116,0
F036,2024,10,Malnutrition,55,0
F036,2024,11,Malaria,441,3
F036,2024,11,Pneumonia,136,1
F036,2024,11,Diarrhoea,299,3
F036,2024,11,TB,39,0
F036,2024,11,HIV/AIDS,42,0
F036,2024,11,Typhoid,111,0
F036,2024,11,Anaemia,94,1
F036,2024,11,Diabetes,71,0
F036,2024,11,Hypertension,65,0
F036,2024,11,Malnutrition,74,0
F036,2024,12,Malaria,242,2
F036,2024,12,Pneumonia,147,0
F036,2024,12,Diarrhoea,271,2
F036,2024,12,TB,39,0
F036,2024,12,HIV/AIDS,59,0
F036,2024,12,Typhoid,105,0
F036,2024,12,Anaemia,119,0
F036,2024,12,Diabetes,67,0
F036,2024,12,Hypertension,94,0
F036,2024,12,Malnutrition,88,0
F037,2023,1,Malaria,107,1
F037,2023,1,Pneumonia,66,0
F037,2023,1,Diarrhoea,59,0
F037,2023,1,TB,8,0
F037,2023,1,HIV/AIDS,15,0
F037,2023,1,Typhoid,29,0
F037,2023,1,Anaemia,41,0
F037,2023,1,Diabetes,21,0
F037,2023,1,Hypertension,37,0
F037,2023,1,Malnutrition,25,0
F037,2023,2,Malaria,74,1
F037,2023,2,Pneumonia,60,0
F037,2023,2,Diarrhoea,50,0
F037,2023,2,TB,9,0
F037,2023,2,HIV/AIDS,10,0
F037,2023,2,Typhoid,32,0
F037,2023,2,Anaemia,26,0
F037,2023,2,Diabetes,20,0
F037,2023,2,Hypertension,34,0
F037,2023,2,Malnutrition,22,0
F037,2023,3,Malaria,80,1
F037,2023,3,Pneumonia,56,0
F037,2023,3,Diarrhoea,73,0
F037,2023,3,TB,5,0
F037,2023,3,HIV/AIDS,14,0
F037,2023,3,Typhoid,29,0
F037,2023,3,Anaemia,37,0
F037,2023,3,Diabetes,16,0
F037,2023,3,Hypertension,20,0
F037,2023,3,Malnutrition,12,0
F037,2023,4,Malaria,70,1
F037,2023,4,Pneumonia,51,0
F037,2023,4,Diarrhoea,40,0
F037,2023,4,TB,6,0
F037,2023,4,HIV/AIDS,15,0
F037,2023,4,Typhoid,25,0
F037,2023,4,Anaemia,39,0
F037,2023,4,Diabetes,17,0
F037,2023,4,Hypertension,22,0
F037,2023,4,Malnutrition,13,0
F037,2023,5,Malaria,100,0
F037,2023,5,Pneumonia,42,0
F037,2023,5,Diarrhoea,73,0
F037,2023,5,TB,6,0
F037,2023,5,HIV/AIDS,13,0
F037,2023,5,Typhoid,16,0
F037,2023,5,Anaemia,25,0
F037,2023,5,Diabetes,21,0
F037,2023,5,Hypertension,34,0
F037,2023,5,Malnutrition,22,0
F037,2023,6,Malaria,115,1
F037,2023,6,Pneumonia,60,0
F037,2023,6,Diarrhoea,42,0
F037,2023,6,TB,10,0
F037,2023,6,HIV/AIDS,9,0
F037,2023,6,Typhoid,14,0
F037,2023,6,Anaemia,23,0
F037,2023,6,Diabetes,20,0
F037,2023,6,Hypertension,20,0
F037,2023,6,Malnutrition,22,0
F037,2023,7,Malaria,119,0
F037,2023,7,Pneumonia,55,0
F037,2023,7,Diarrhoea,63,0
F037,2023,7,TB,8,0
F037,2023,7,HIV/AIDS,10,0
F037,2023,7,Typhoid,15,0
F037,2023,7,Anaemia,30,0
F037,2023,7,Diabetes,17,0
F037,2023,7,Hypertension,18,0
F037,2023,7,Malnutrition,13,0
F037,2023,8,Malaria,126,0
F037,2023,8,Pneumonia,60,0
F037,2023,8,Diarrhoea,73,0
F037,2023,8,TB,9,0
F037,2023,8,HIV/AIDS,11,0
F037,2023,8,Typhoid,24,0
F037,2023,8,Anaemia,30,0
F037,2023,8,Diabetes,12,0
F037,2023,8,Hypertension,35,0
F037,2023,8,Malnutrition,22,0
F037,2023,9,Malaria,86,0
F037,2023,9,Pneumonia,56,0
F037,2023,9,Diarrhoea,46,0
F037,2023,9,TB,10,0
F037,2023,9,HIV/AIDS,11,0
F037,2023,9,Typhoid,24,0
F037,2023,9,Anaemia,39,0
F037,2023,9,Diabetes,11,0
F037,2023,9,Hypertension,37,0
F037,2023,9,Malnutrition,15,0
F037,2023,10,Malaria,90,0
F037,2023,10,Pneumonia,61,0
F037,2023,10,Diarrhoea,69,0
F037,2023,10,TB,7,0
F037,2023,10,HIV/AIDS,7,0
F037,2023,10,Typhoid,28,0
F037,2023,10,Anaemia,40,0
F037,2023,10,Diabetes,21,0
F037,2023,10,Hypertension,31,0
F037,2023,10,Malnutrition,19,0
F037,2023,11,Malaria,65,0
F037,2023,11,Pneumonia,58,0
F037,2023,11,Diarrhoea,50,0
F037,2023,11,TB,10,0
F037,2023,11,HIV/AIDS,7,0
F037,2023,11,Typhoid,30,0
F037,2023,11,Anaemia,26,0
F037,2023,11,Diabetes,11,0
F037,2023,11,Hypertension,22,0
F037,2023,11,Malnutrition,12,0
F037,2023,12,Malaria,100,1
F037,2023,12,Pneumonia,37,0
F037,2023,12,Diarrhoea,45,0
F037,2023,12,TB,7,0
F037,2023,12,HIV/AIDS,8,0
F037,2023,12,Typhoid,16,0
F037,2023,12,Anaemia,34,0
F037,2023,12,Diabetes,17,0
F037,2023,12,Hypertension,18,0
F037,2023,12,Malnutrition,15,0
F037,2024,1,Malaria,91,0
F037,2024,1,Pneumonia,37,0
F037,2024,1,Diarrhoea,83,0
F037,2024,1,TB,10,0
F037,2024,1,HIV/AIDS,12,0
F037,2024,1,Typhoid,27,0
F037,2024,1,Anaemia,19,0
F037,2024,1,Diabetes,17,0
F037,2024,1,Hypertension,37,0
F037,2024,1,Malnutrition,18,0
F037,2024,2,Malaria,83,0
F037,2024,2,Pneumonia,46,0
F037,2024,2,Diarrhoea,64,0
F037,2024,2,TB,5,0
F037,2024,2,HIV/AIDS,14,0
F037,2024,2,Typhoid,23,0
F037,2024,2,Anaemia,23,0
F037,2024,2,Diabetes,16,0
F037,2024,2,Hypertension,36,0
F037,2024,2,Malnutrition,19,0
F037,2024,3,Malaria,91,0
F037,2024,3,Pneumonia,58,0
F037,2024,3,Diarrhoea,67,0
F037,2024,3,TB,7,0
F037,2024,3,HIV/AIDS,10,0
F037,2024,3,Typhoid,28,0
F037,2024,3,Anaemia,21,0
F037,2024,3,Diabetes,10,0
F037,2024,3,Hypertension,17,0
F037,2024,3,Malnutrition,14,0
F037,2024,4,Malaria,107,1
F037,2024,4,Pneumonia,48,0
F037,2024,4,Diarrhoea,66,0
F037,2024,4,TB,6,0
F037,2024,4,HIV/AIDS,13,0
F037,2024,4,Typhoid,17,0
F037,2024,4,Anaemia,29,0
F037,2024,4,Diabetes,10,0
F037,2024,4,Hypertension,17,0
F037,2024,4,Malnutrition,24,0
F037,2024,5,Malaria,78,0
F037,2024,5,Pneumonia,46,0
F037,2024,5,Diarrhoea,70,0
F037,2024,5,TB,9,0
F037,2024,5,HIV/AIDS,11,0
F037,2024,5,Typhoid,15,0
F037,2024,5,Anaemia,40,0
F037,2024,5,Diabetes,15,0
F037,2024,5,Hypertension,36,0
F037,2024,5,Malnutrition,15,0
F037,2024,6,Malaria,62,0
F037,2024,6,Pneumonia,34,0
F037,2024,6,Diarrhoea,50,0
F037,2024,6,TB,5,0
F037,2024,6,HIV/AIDS,8,0
F037,2024,6,Typhoid,28,0
F037,2024,6,Anaemia,21,0
F037,2024,6,Diabetes,14,0
F037,2024,6,Hypertension,34,0
F037,2024,6,Malnutrition,18,0
F037,2024,7,Malaria,98,1
F037,2024,7,Pneumonia,54,0
F037,2024,7,Diarrhoea,74,1
F037,2024,7,TB,9,0
F037,2024,7,HIV/AIDS,11,0
F037,2024,7,Typhoid,27,0
F037,2024,7,Anaemia,30,0
F037,2024,7,Diabetes,10,0
F037,2024,7,Hypertension,18,0
F037,2024,7,Malnutrition,13,0
F037,2024,8,Malaria,93,0
F037,2024,8,Pneumonia,33,0
F037,2024,8,Diarrhoea,67,0
F037,2024,8,TB,4,0
F037,2024,8,HIV/AIDS,12,0
F037,2024,8,Typhoid,16,0
F037,2024,8,Anaemia,19,0
F037,2024,8,Diabetes,19,0
F037,2024,8,Hypertension,29,0
F037,2024,8,Malnutrition,16,0
F037,2024,9,Malaria,85,1
F037,2024,9,Pneumonia,44,0
F037,2024,9,Diarrhoea,69,0
F037,2024,9,TB,7,0
F037,2024,9,HIV/AIDS,8,0
F037,2024,9,Typhoid,15,0
F037,2024,9,Anaemia,37,0
F037,2024,9,Diabetes,18,0
F037,2024,9,Hypertension,28,0
F037,2024,9,Malnutrition,25,0
F037,2024,10,Malaria,84,0
F037,2024,10,Pneumonia,57,0
F037,2024,10,Diarrhoea,57,0
F037,2024,10,TB,8,0
F037,2024,10,HIV/AIDS,10,0
F037,2024,10,Typhoid,23,0
F037,2024,10,Anaemia,40,0
F037,2024,10,Diabetes,19,0
F037,2024,10,Hypertension,17,0
F037,2024,10,Malnutrition,15,0
F037,2024,11,Malaria,112,1
F037,2024,11,Pneumonia,54,0
F037,2024,11,Diarrhoea,53,0
F037,2024,11,TB,10,0
F037,2024,11,HIV/AIDS,11,0
F037,2024,11,Typhoid,14,0
F037,2024,11,Anaemia,22,0
F037,2024,11,Diabetes,14,0
F037,2024,11,Hypertension,23,0
F037,2024,11,Malnutrition,13,0
F037,2024,12,Malaria,96,0
F037,2024,12,Pneumonia,44,0
F037,2024,12,Diarrhoea,59,0
F037,2024,12,TB,7,0
F037,2024,12,HIV/AIDS,15,0
F037,2024,12,Typhoid,21,0
F037,2024,12,Anaemia,29,0
F037,2024,12,Diabetes,15,0
F037,2024,12,Hypertension,25,0
F037,2024,12,Malnutrition,27,0
F038,2023,1,Malaria,29,0
F038,2023,1,Pneumonia,20,0
F038,2023,1,Diarrhoea,18,0
F038,2023,1,TB,3,0
F038,2023,1,HIV/AIDS,3,0
F038,2023,1,Typhoid,10,0
F038,2023,1,Anaemia,16,0
F038,2023,1,Diabetes,6,0
F038,2023,1,Hypertension,7,0
F038,2023,1,Malnutrition,6,0
F038,2023,2,Malaria,29,0
F038,2023,2,Pneumonia,14,0
F038,2023,2,Diarrhoea,32,0
F038,2023,2,TB,2,0
F038,2023,2,HIV/AIDS,3,0
F038,2023,2,Typhoid,7,0
F038,2023,2,Anaemia,9,0
F038,2023,2,Diabetes,4,0
F038,2023,2,Hypertension,12,0
F038,2023,2,Malnutrition,8,0
F038,2023,3,Malaria,35,0
F038,2023,3,Pneumonia,18,0
F038,2023,3,Diarrhoea,30,0
F038,2023,3,TB,2,0
F038,2023,3,HIV/AIDS,5,0
F038,2023,3,Typhoid,8,0
F038,2023,3,Anaemia,10,0
F038,2023,3,Diabetes,4,0
F038,2023,3,Hypertension,7,0
F038,2023,3,Malnutrition,6,0
F038,2023,4,Malaria,33,0
F038,2023,4,Pneumonia,12,0
F038,2023,4,Diarrhoea,27,0
F038,2023,4,TB,3,0
F038,2023,4,HIV/AIDS,2,0
F038,2023,4,Typhoid,11,0
F038,2023,4,Anaemia,15,0
F038,2023,4,Diabetes,7,0
F038,2023,4,Hypertension,9,0
F038,2023,4,Malnutrition,5,0
F038,2023,5,Malaria,49,0
F038,2023,5,Pneumonia,17,0
F038,2023,5,Diarrhoea,31,0
F038,2023,5,TB,2,0
F038,2023,5,HIV/AIDS,4,0
F038,2023,5,Typhoid,9,0
F038,2023,5,Anaemia,12,0
F038,2023,5,Diabetes,6,0
F038,2023,5,Hypertension,11,0
F038,2023,5,Malnutrition,8,0
F038,2023,6,Malaria,49,0
F038,2023,6,Pneumonia,11,0
F038,2023,6,Diarrhoea,26,0
F038,2023,6,TB,1,0
F038,2023,6,HIV/AIDS,3,0
F038,2023,6,Typhoid,10,0
F038,2023,6,Anaemia,9,0
F038,2023,6,Diabetes,4,0
F038,2023,6,Hypertension,13,0
F038,2023,6,Malnutrition,7,0
F038,2023,7,Malaria,31,0
F038,2023,7,Pneumonia,21,0
F038,2023,7,Diarrhoea,27,0
F038,2023,7,TB,2,0
F038,2023,7,HIV/AIDS,4,0
F038,2023,7,Typhoid,8,0
F038,2023,7,Anaemia,12,0
F038,2023,7,Diabetes,5,0
F038,2023,7,Hypertension,13,0
F038,2023,7,Malnutrition,10,0
F038,2023,8,Malaria,45,0
F038,2023,8,Pneumonia,23,0
F038,2023,8,Diarrhoea,18,0
F038,2023,8,TB,2,0
F038,2023,8,HIV/AIDS,6,0
F038,2023,8,Typhoid,8,0
F038,2023,8,Anaemia,15,0
F038,2023,8,Diabetes,4,0
F038,2023,8,Hypertension,13,0
F038,2023,8,Malnutrition,9,0
F038,2023,9,Malaria,45,0
F038,2023,9,Pneumonia,23,0
F038,2023,9,Diarrhoea,31,0
F038,2023,9,TB,3,0
F038,2023,9,HIV/AIDS,3,0
F038,2023,9,Typhoid,6,0
F038,2023,9,Anaemia,9,0
F038,2023,9,Diabetes,5,0
F038,2023,9,Hypertension,8,0
F038,2023,9,Malnutrition,6,0
F038,2023,10,Malaria,30,0
F038,2023,10,Pneumonia,11,0
F038,2023,10,Diarrhoea,31,0
F038,2023,10,TB,3,0
F038,2023,10,HIV/AIDS,5,0
F038,2023,10,Typhoid,9,0
F038,2023,10,Anaemia,11,0
F038,2023,10,Diabetes,5,0
F038,2023,10,Hypertension,10,0
F038,2023,10,Malnutrition,6,0
F038,2023,11,Malaria,37,0
F038,2023,11,Pneumonia,19,0
F038,2023,11,Diarrhoea,16,0
F038,2023,11,TB,3,0
F038,2023,11,HIV/AIDS,5,0
F038,2023,11,Typhoid,6,0
F038,2023,11,Anaemia,7,0
F038,2023,11,Diabetes,4,0
F038,2023,11,Hypertension,7,0
F038,2023,11,Malnutrition,4,0
F038,2023,12,Malaria,25,0
F038,2023,12,Pneumonia,20,0
F038,2023,12,Diarrhoea,27,0
F038,2023,12,TB,2,0
F038,2023,12,HIV/AIDS,3,0
F038,2023,12,Typhoid,7,0
F038,2023,12,Anaemia,12,0
F038,2023,12,Diabetes,7,0
F038,2023,12,Hypertension,6,0
F038,2023,12,Malnutrition,5,0
F038,2024,1,Malaria,34,0
F038,2024,1,Pneumonia,11,0
F038,2024,1,Diarrhoea,16,0
F038,2024,1,TB,2,0
F038,2024,1,HIV/AIDS,5,0
F038,2024,1,Typhoid,11,0
F038,2024,1,Anaemia,16,0
F038,2024,1,Diabetes,6,0
F038,2024,1,Hypertension,13,0
F038,2024,1,Malnutrition,8,0
F038,2024,2,Malaria,33,0
F038,2024,2,Pneumonia,24,0
F038,2024,2,Diarrhoea,28,0
F038,2024,2,TB,1,0
F038,2024,2,HIV/AIDS,6,0
F038,2024,2,Typhoid,11,0
F038,2024,2,Anaemia,10,0
F038,2024,2,Diabetes,6,0
F038,2024,2,Hypertension,6,0
F038,2024,2,Malnutrition,4,0
F038,2024,3,Malaria,39,0
F038,2024,3,Pneumonia,15,0
F038,2024,3,Diarrhoea,26,0
F038,2024,3,TB,3,0
F038,2024,3,HIV/AIDS,5,0
F038,2024,3,Typhoid,11,0
F038,2024,3,Anaemia,13,0
F038,2024,3,Diabetes,5,0
F038,2024,3,Hypertension,12,0
F038,2024,3,Malnutrition,5,0
F038,2024,4,Malaria,26,0
F038,2024,4,Pneumonia,21,0
F038,2024,4,Diarrhoea,27,0
F038,2024,4,TB,3,0
F038,2024,4,HIV/AIDS,4,0
F038,2024,4,Typhoid,9,0
F038,2024,4,Anaemia,9,0
F038,2024,4,Diabetes,6,0
F038,2024,4,Hypertension,12,0
F038,2024,4,Malnutrition,4,0
F038,2024,5,Malaria,28,0
F038,2024,5,Pneumonia,12,0
F038,2024,5,Diarrhoea,30,0
F038,2024,5,TB,2,0
F038,2024,5,HIV/AIDS,4,0
F038,2024,5,Typhoid,8,0
F038,2024,5,Anaemia,10,0
F038,2024,5,Diabetes,6,0
F038,2024,5,Hypertension,8,0
F038,2024,5,Malnutrition,5,0
F038,2024,6,Malaria,36,0
F038,2024,6,Pneumonia,19,0
F038,2024,6,Diarrhoea,24,0
F038,2024,6,TB,2,0
F038,2024,6,HIV/AIDS,3,0
F038,2024,6,Typhoid,6,0
F038,2024,6,Anaemia,16,0
F038,2024,6,Diabetes,5,0
F038,2024,6,Hypertension,8,0
F038,2024,6,Malnutrition,4,0
F038,2024,7,Malaria,26,0
F038,2024,7,Pneumonia,18,0
F038,2024,7,Diarrhoea,24,0
F038,2024,7,TB,2,0
F038,2024,7,HIV/AIDS,6,0
F038,2024,7,Typhoid,9,0
F038,2024,7,Anaemia,12,0
F038,2024,7,Diabetes,6,0
F038,2024,7,Hypertension,8,0
F038,2024,7,Malnutrition,8,0
F038,2024,8,Malaria,35,0
F038,2024,8,Pneumonia,14,0
F038,2024,8,Diarrhoea,24,0
F038,2024,8,TB,1,0
F038,2024,8,HIV/AIDS,4,0
F038,2024,8,Typhoid,9,0
F038,2024,8,Anaemia,9,0
F038,2024,8,Diabetes,4,0
F038,2024,8,Hypertension,11,0
F038,2024,8,Malnutrition,7,0
F038,2024,9,Malaria,34,0
F038,2024,9,Pneumonia,19,0
F038,2024,9,Diarrhoea,22,0
F038,2024,9,TB,3,0
F038,2024,9,HIV/AIDS,2,0
F038,2024,9,Typhoid,11,0
F038,2024,9,Anaemia,8,0
F038,2024,9,Diabetes,5,0
F038,2024,9,Hypertension,6,0
F038,2024,9,Malnutrition,9,0
F038,2024,10,Malaria,49,0
F038,2024,10,Pneumonia,24,0
F038,2024,10,Diarrhoea,21,0
F038,2024,10,TB,2,0
F038,2024,10,HIV/AIDS,2,0
F038,2024,10,Typhoid,9,0
F038,2024,10,Anaemia,16,0
F038,2024,10,Diabetes,5,0
F038,2024,10,Hypertension,8,0
F038,2024,10,Malnutrition,8,0
F038,2024,11,Malaria,41,0
F038,2024,11,Pneumonia,16,0
F038,2024,11,Diarrhoea,33,0
F038,2024,11,TB,2,0
F038,2024,11,HIV/AIDS,6,0
F038,2024,11,Typhoid,10,0
F038,2024,11,Anaemia,10,0
F038,2024,11,Diabetes,7,0
F038,2024,11,Hypertension,14,0
F038,2024,11,Malnutrition,6,0
F038,2024,12,Malaria,42,0
F038,2024,12,Pneumonia,23,0
F038,2024,12,Diarrhoea,22,0
F038,2024,12,TB,3,0
F038,2024,12,HIV/AIDS,5,0
F038,2024,12,Typhoid,6,0
F038,2024,12,Anaemia,15,0
F038,2024,12,Diabetes,8,0
F038,2024,12,Hypertension,8,0
F038,2024,12,Malnutrition,8,0
F039,2023,1,Malaria,430,4
F039,2023,1,Pneumonia,233,1
F039,2023,1,Diarrhoea,334,0
F039,2023,1,TB,27,0
F039,2023,1,HIV/AIDS,45,0
F039,2023,1,Typhoid,71,0
F039,2023,1,Anaemia,154,2
F039,2023,1,Diabetes,68,0
F039,2023,1,Hypertension,106,0
F039,2023,1,Malnutrition,88,0
F039,2023,2,Malaria,437,5
F039,2023,2,Pneumonia,128,1
F039,2023,2,Diarrhoea,216,1
F039,2023,2,TB,41,0
F039,2023,2,HIV/AIDS,34,0
F039,2023,2,Typhoid,100,0
F039,2023,2,Anaemia,107,1
F039,2023,2,Diabetes,79,0
F039,2023,2,Hypertension,92,0
F039,2023,2,Malnutrition,73,0
F039,2023,3,Malaria,327,2
F039,2023,3,Pneumonia,115,0
F039,2023,3,Diarrhoea,225,1
F039,2023,3,TB,34,0
F039,2023,3,HIV/AIDS,48,0
F039,2023,3,Typhoid,110,0
F039,2023,3,Anaemia,142,0
F039,2023,3,Diabetes,41,0
F039,2023,3,Hypertension,143,0
F039,2023,3,Malnutrition,67,0
F039,2023,4,Malaria,241,2
F039,2023,4,Pneumonia,214,0
F039,2023,4,Diarrhoea,313,3
F039,2023,4,TB,39,0
F039,2023,4,HIV/AIDS,58,0
F039,2023,4,Typhoid,117,0
F039,2023,4,Anaemia,111,0
F039,2023,4,Diabetes,47,0
F039,2023,4,Hypertension,108,1
F039,2023,4,Malnutrition,75,1
F039,2023,5,Malaria,375,5
F039,2023,5,Pneumonia,178,1
F039,2023,5,Diarrhoea,294,4
F039,2023,5,TB,38,0
F039,2023,5,HIV/AIDS,51,0
F039,2023,5,Typhoid,121,1
F039,2023,5,Anaemia,140,0
F039,2023,5,Diabetes,52,0
F039,2023,5,Hypertension,125,1
F039,2023,5,Malnutrition,97,1
F039,2023,6,Malaria,493,5
F039,2023,6,Pneumonia,176,1
F039,2023,6,Diarrhoea,251,1
F039,2023,6,TB,24,0
F039,2023,6,HIV/AIDS,61,0
F039,2023,6,Typhoid,87,0
F039,2023,6,Anaemia,129,0
F039,2023,6,Diabetes,50,0
F039,2023,6,Hypertension,126,1
F039,2023,6,Malnutrition,84,0
F039,2023,7,Malaria,395,0
F039,2023,7,Pneumonia,112,1
F039,2023,7,Diarrhoea,253,1
F039,2023,7,TB,18,0
F039,2023,7,HIV/AIDS,41,0
F039,2023,7,Typhoid,64,0
F039,2023,7,Anaemia,141,0
F039,2023,7,Diabetes,61,0
F039,2023,7,Hypertension,91,0
F039,2023,7,Malnutrition,66,0
F039,2023,8,Malaria,267,1
F039,2023,8,Pneumonia,205,2
F039,2023,8,Diarrhoea,226,0
F039,2023,8,TB,34,0
F039,2023,8,HIV/AIDS,54,0
F039,2023,8,Typhoid,56,0
F039,2023,8,Anaemia,154,1
F039,2023,8,Diabetes,39,0
F039,2023,8,Hypertension,83,0
F039,2023,8,Malnutrition,104,1
F039,2023,9,Malaria,453,0
F039,2023,9,Pneumonia,194,2
F039,2023,9,Diarrhoea,240,2
F039,2023,9,TB,27,0
F039,2023,9,HIV/AIDS,29,0
F039,2023,9,Typhoid,103,0
F039,2023,9,Anaemia,92,1
F039,2023,9,Diabetes,73,0
F039,2023,9,Hypertension,98,0
F039,2023,9,Malnutrition,63,0
F039,2023,10,Malaria,481,3
F039,2023,10,Pneumonia,218,1
F039,2023,10,Diarrhoea,237,0
F039,2023,10,TB,35,0
F039,2023,10,HIV/AIDS,41,0
F039,2023,10,Typhoid,115,1
F039,2023,10,Anaemia,124,0
F039,2023,10,Diabetes,65,0
F039,2023,10,Hypertension,122,0
F039,2023,10,Malnutrition,65,0
F039,2023,11,Malaria,323,2
F039,2023,11,Pneumonia,197,0
F039,2023,11,Diarrhoea,175,0
F039,2023,11,TB,23,0
F039,2023,11,HIV/AIDS,47,0
F039,2023,11,Typhoid,84,0
F039,2023,11,Anaemia,73,0
F039,2023,11,Diabetes,59,0
F039,2023,11,Hypertension,107,0
F039,2023,11,Malnutrition,54,0
F039,2023,12,Malaria,318,1
F039,2023,12,Pneumonia,120,0
F039,2023,12,Diarrhoea,150,1
F039,2023,12,TB,28,0
F039,2023,12,HIV/AIDS,46,0
F039,2023,12,Typhoid,72,0
F039,2023,12,Anaemia,120,0
F039,2023,12,Diabetes,57,0
F039,2023,12,Hypertension,132,0
F039,2023,12,Malnutrition,64,0
F039,2024,1,Malaria,245,3
F039,2024,1,Pneumonia,215,2
F039,2024,1,Diarrhoea,319,1
F039,2024,1,TB,30,0
F039,2024,1,HIV/AIDS,57,0
F039,2024,1,Typhoid,92,1
F039,2024,1,Anaemia,139,1
F039,2024,1,Diabetes,55,0
F039,2024,1,Hypertension,135,1
F039,2024,1,Malnutrition,50,0
F039,2024,2,Malaria,274,1
F039,2024,2,Pneumonia,180,0
F039,2024,2,Diarrhoea,171,1
F039,2024,2,TB,22,0
F039,2024,2,HIV/AIDS,61,0
F039,2024,2,Typhoid,92,0
F039,2024,2,Anaemia,92,0
F039,2024,2,Diabetes,61,0
F039,2024,2,Hypertension,116,1
F039,2024,2,Malnutrition,74,0
F039,2024,3,Malaria,314,3
F039,2024,3,Pneumonia,197,2
F039,2024,3,Diarrhoea,244,2
F039,2024,3,TB,34,0
F039,2024,3,HIV/AIDS,60,0
F039,2024,3,Typhoid,93,0
F039,2024,3,Anaemia,106,0
F039,2024,3,Diabetes,78,1
F039,2024,3,Hypertension,94,0
F039,2024,3,Malnutrition,82,0
F039,2024,4,Malaria,275,3
F039,2024,4,Pneumonia,192,1
F039,2024,4,Diarrhoea,290,2
F039,2024,4,TB,31,0
F039,2024,4,HIV/AIDS,28,0
F039,2024,4,Typhoid,68,0
F039,2024,4,Anaemia,150,1
F039,2024,4,Diabetes,45,0
F039,2024,4,Hypertension,113,1
F039,2024,4,Malnutrition,63,0
F039,2024,5,Malaria,414,5
F039,2024,5,Pneumonia,190,2
F039,2024,5,Diarrhoea,190,2
F039,2024,5,TB,19,0
F039,2024,5,HIV/AIDS,60,0
F039,2024,5,Typhoid,91,0
F039,2024,5,Anaemia,158,0
F039,2024,5,Diabetes,83,0
F039,2024,5,Hypertension,96,0
F039,2024,5,Malnutrition,50,0
F039,2024,6,Malaria,318,1
F039,2024,6,Pneumonia,115,0
F039,2024,6,Diarrhoea,186,0
F039,2024,6,TB,37,0
F039,2024,6,HIV/AIDS,43,0
F039,2024,6,Typhoid,102,0
F039,2024,6,Anaemia,76,1
F039,2024,6,Diabetes,71,0
F039,2024,6,Hypertension,109,1
F039,2024,6,Malnutrition,63,0
F039,2024,7,Malaria,429,4
F039,2024,7,Pneumonia,142,1
F039,2024,7,Diarrhoea,206,2
F039,2024,7,TB,20,0
F039,2024,7,HIV/AIDS,62,0
F039,2024,7,Typhoid,61,0
F039,2024,7,Anaemia,130,1
F039,2024,7,Diabetes,48,0
F039,2024,7,Hypertension,98,1
F039,2024,7,Malnutrition,101,1
F039,2024,8,Malaria,447,0
F039,2024,8,Pneumonia,247,3
F039,2024,8,Diarrhoea,287,4
F039,2024,8,TB,27,0
F039,2024,8,HIV/AIDS,27,0
F039,2024,8,Typhoid,117,1
F039,2024,8,Anaemia,141,1
F039,2024,8,Diabetes,43,0
F039,2024,8,Hypertension,130,0
F039,2024,8,Malnutrition,77,0
F039,2024,9,Malaria,360,0
F039,2024,9,Pneumonia,206,2
F039,2024,9,Diarrhoea,239,3
F039,2024,9,TB,27,0
F039,2024,9,HIV/AIDS,40,0
F039,2024,9,Typhoid,110,1
F039,2024,9,Anaemia,74,0
F039,2024,9,Diabetes,49,0
F039,2024,9,Hypertension,141,0
F039,2024,9,Malnutrition,45,0
F039,2024,10,Malaria,282,2
F039,2024,10,Pneumonia,199,2
F039,2024,10,Diarrhoea,325,1
F039,2024,10,TB,21,0
F039,2024,10,HIV/AIDS,49,0
F039,2024,10,Typhoid,68,0
F039,2024,10,Anaemia,76,0
F039,2024,10,Diabetes,58,0
F039,2024,10,Hypertension,109,1
F039,2024,10,Malnutrition,89,0
F039,2024,11,Malaria,271,2
F039,2024,11,Pneumonia,125,1
F039,2024,11,Diarrhoea,160,0
F039,2024,11,TB,39,0
F039,2024,11,HIV/AIDS,38,0
F039,2024,11,Typhoid,117,1
F039,2024,11,Anaemia,74,1
F039,2024,11,Diabetes,79,1
F039,2024,11,Hypertension,96,1
F039,2024,11,Malnutrition,47,0
F039,2024,12,Malaria,265,3
F039,2024,12,Pneumonia,134,0
F039,2024,12,Diarrhoea,294,3
F039,2024,12,TB,39,0
F039,2024,12,HIV/AIDS,61,0
F039,2024,12,Typhoid,124,1
F039,2024,12,Anaemia,75,0
F039,2024,12,Diabetes,48,0
F039,2024,12,Hypertension,105,1
F039,2024,12,Malnutrition,75,0
F040,2023,1,Malaria,493,2
F040,2023,1,Pneumonia,113,1
F040,2023,1,Diarrhoea,207,2
F040,2023,1,TB,28,0
F040,2023,1,HIV/AIDS,45,0
F040,2023,1,Typhoid,90,0
F040,2023,1,Anaemia,141,0
F040,2023,1,Diabetes,56,0
F040,2023,1,Hypertension,145,1
F040,2023,1,Malnutrition,59,0
F040,2023,2,Malaria,405,0
F040,2023,2,Pneumonia,201,2
F040,2023,2,Diarrhoea,170,1
F040,2023,2,TB,39,0
F040,2023,2,HIV/AIDS,55,0
F040,2023,2,Typhoid,94,0
F040,2023,2,Anaemia,98,1
F040,2023,2,Diabetes,49,0
F040,2023,2,Hypertension,138,0
F040,2023,2,Malnutrition,79,0
F040,2023,3,Malaria,362,1
F040,2023,3,Pneumonia,125,1
F040,2023,3,Diarrhoea,193,2
F040,2023,3,TB,32,0
F040,2023,3,HIV/AIDS,38,0
F040,2023,3,Typhoid,66,0
F040,2023,3,Anaemia,99,0
F040,2023,3,Diabetes,70,0
F040,2023,3,Hypertension,101,0
F040,2023,3,Malnutrition,47,0
F040,2023,4,Malaria,304,0
F040,2023,4,Pneumonia,142,0
F040,2023,4,Diarrhoea,161,1
F040,2023,4,TB,29,0
F040,2023,4,HIV/AIDS,56,0
F040,2023,4,Typhoid,69,0
F040,2023,4,Anaemia,109,0
F040,2023,4,Diabetes,62,0
F040,2023,4,Hypertension,126,0
F040,2023,4,Malnutrition,82,0
F040,2023,5,Malaria,335,4
F040,2023,5,Pneumonia,162,1
F040,2023,5,Diarrhoea,257,0
F040,2023,5,TB,36,0
F040,2023,5,HIV/AIDS,46,0
F040,2023,5,Typhoid,117,0
F040,2023,5,Anaemia,87,0
F040,2023,5,Diabetes,36,0
F040,2023,5,Hypertension,107,0
F040,2023,5,Malnutrition,67,0
F040,2023,6,Malaria,474,3
F040,2023,6,Pneumonia,169,1
F040,2023,6,Diarrhoea,274,3
F040,2023,6,TB,29,0
F040,2023,6,HIV/AIDS,44,0
F040,2023,6,Typhoid,122,0
F040,2023,6,Anaemia,148,0
F040,2023,6,Diabetes,82,0
F040,2023,6,Hypertension,111,1
F040,2023,6,Malnutrition,73,0
F040,2023,7,Malaria,282,2
F040,2023,7,Pneumonia,119,0
F040,2023,7,Diarrhoea,316,3
F040,2023,7,TB,35,0
F040,2023,7,HIV/AIDS,32,0
F040,2023,7,Typhoid,98,0
F040,2023,7,Anaemia,140,2
F040,2023,7,Diabetes,40,0
F040,2023,7,Hypertension,122,0
F040,2023,7,Malnutrition,76,0
F040,2023,8,Malaria,499,1
F040,2023,8,Pneumonia,171,1
F040,2023,8,Diarrhoea,305,3
F040,2023,8,TB,36,0
F040,2023,8,HIV/AIDS,42,0
F040,2023,8,Typhoid,73,0
F040,2023,8,Anaemia,147,0
F040,2023,8,Diabetes,53,0
F040,2023,8,Hypertension,89,0
F040,2023,8,Malnutrition,69,0
F040,2023,9,Malaria,338,4
F040,2023,9,Pneumonia,109,1
F040,2023,9,Diarrhoea,252,0
F040,2023,9,TB,35,0
F040,2023,9,HIV/AIDS,29,0
F040,2023,9,Typhoid,110,1
F040,2023,9,Anaemia,80,0
F040,2023,9,Diabetes,63,0
F040,2023,9,Hypertension,76,1
F040,2023,9,Malnutrition,53,0
F040,2023,10,Malaria,434,5
F040,2023,10,Pneumonia,138,1
F040,2023,10,Diarrhoea,259,1
F040,2023,10,TB,27,0
F040,2023,10,HIV/AIDS,49,0
F040,2023,10,Typhoid,85,0
F040,2023,10,Anaemia,163,1
F040,2023,10,Diabetes,77,1
F040,2023,10,Hypertension,86,1
F040,2023,10,Malnutrition,56,0
F040,2023,11,Malaria,217,2
F040,2023,11,Pneumonia,156,0
F040,2023,11,Diarrhoea,287,1
F040,2023,11,TB,39,0
F040,2023,11,HIV/AIDS,62,0
F040,2023,11,Typhoid,120,0
F040,2023,11,Anaemia,98,1
F040,2023,11,Diabetes,52,0
F040,2023,11,Hypertension,137,0
F040,2023,11,Malnutrition,98,0
F040,2023,12,Malaria,292,3
F040,2023,12,Pneumonia,250,2
F040,2023,12,Diarrhoea,170,0
F040,2023,12,TB,33,0
F040,2023,12,HIV/AIDS,41,0
F040,2023,12,Typhoid,111,1
F040,2023,12,Anaemia,78,0
F040,2023,12,Diabetes,43,0
F040,2023,12,Hypertension,145,0
F040,2023,12,Malnutrition,89,1
F040,2024,1,Malaria,260,2
F040,2024,1,Pneumonia,214,0
F040,2024,1,Diarrhoea,160,2
F040,2024,1,TB,26,0
F040,2024,1,HIV/AIDS,58,0
F040,2024,1,Typhoid,114,0
F040,2024,1,Anaemia,95,0
F040,2024,1,Diabetes,59,0
F040,2024,1,Hypertension,89,0
F040,2024,1,Malnutrition,99,0
F040,2024,2,Malaria,336,1
F040,2024,2,Pneumonia,195,1
F040,2024,2,Diarrhoea,267,1
F040,2024,2,TB,35,0
F040,2024,2,HIV/AIDS,47,0
F040,2024,2,Typhoid,55,0
F040,2024,2,Anaemia,104,1
F040,2024,2,Diabetes,78,0
F040,2024,2,Hypertension,141,1
F040,2024,2,Malnutrition,48,0
F040,2024,3,Malaria,322,1
F040,2024,3,Pneumonia,205,1
F040,2024,3,Diarrhoea,162,0
F040,2024,3,TB,36,0
F040,2024,3,HIV/AIDS,51,0
F040,2024,3,Typhoid,73,0
F040,2024,3,Anaemia,121,1
F040,2024,3,Diabetes,47,0
F040,2024,3,Hypertension,91,0
F040,2024,3,Malnutrition,61,0
F040,2024,4,Malaria,316,3
F040,2024,4,Pneumonia,191,0
F040,2024,4,Diarrhoea,147,0
F040,2024,4,TB,35,0
F040,2024,4,HIV/AIDS,55,0
F040,2024,4,Typhoid,114,0
F040,2024,4,Anaemia,145,1
F040,2024,4,Diabetes,67,0
F040,2024,4,Hypertension,135,1
F040,2024,4,Malnutrition,55,0
F040,2024,5,Malaria,216,1
F040,2024,5,Pneumonia,218,2
F040,2024,5,Diarrhoea,154,1
F040,2024,5,TB,40,0
F040,2024,5,HIV/AIDS,58,0
F040,2024,5,Typhoid,79,0
F040,2024,5,Anaemia,83,0
F040,2024,5,Diabetes,38,0
F040,2024,5,Hypertension,90,0
F040,2024,5,Malnutrition,72,0
F040,2024,6,Malaria,298,4
F040,2024,6,Pneumonia,142,0
F040,2024,6,Diarrhoea,315,1
F040,2024,6,TB,30,0
F040,2024,6,HIV/AIDS,39,0
F040,2024,6,Typhoid,123,0
F040,2024,6,Anaemia,96,0
F040,2024,6,Diabetes,48,0
F040,2024,6,Hypertension,116,0
F040,2024,6,Malnutrition,68,0
F040,2024,7,Malaria,402,3
F040,2024,7,Pneumonia,197,1
F040,2024,7,Diarrhoea,189,0
F040,2024,7,TB,26,0
F040,2024,7,HIV/AIDS,46,0
F040,2024,7,Typhoid,102,0
F040,2024,7,Anaemia,164,0
F040,2024,7,Diabetes,71,0
F040,2024,7,Hypertension,103,1
F040,2024,7,Malnutrition,50,0
F040,2024,8,Malaria,228,2
F040,2024,8,Pneumonia,239,2
F040,2024,8,Diarrhoea,194,1
F040,2024,8,TB,36,0
F040,2024,8,HIV/AIDS,35,0
F040,2024,8,Typhoid,101,1
F040,2024,8,Anaemia,100,0
F040,2024,8,Diabetes,36,0
F040,2024,8,Hypertension,96,0
F040,2024,8,Malnutrition,103,1
F040,2024,9,Malaria,243,2
F040,2024,9,Pneumonia,178,1
F040,2024,9,Diarrhoea,282,3
F040,2024,9,TB,34,0
F040,2024,9,HIV/AIDS,31,0
F040,2024,9,Typhoid,76,0
F040,2024,9,Anaemia,76,0
F040,2024,9,Diabetes,59,0
F040,2024,9,Hypertension,122,0
F040,2024,9,Malnutrition,52,0
F040,2024,10,Malaria,391,2
F040,2024,10,Pneumonia,110,0
F040,2024,10,Diarrhoea,262,0
F040,2024,10,TB,38,0
F040,2024,10,HIV/AIDS,42,0
F040,2024,10,Typhoid,81,0
F040,2024,10,Anaemia,134,1
F040,2024,10,Diabetes,59,0
F040,2024,10,Hypertension,113,1
F040,2024,10,Malnutrition,63,0
F040,2024,11,Malaria,330,3
F040,2024,11,Pneumonia,123,1
F040,2024,11,Diarrhoea,255,3
F040,2024,11,TB,33,0
F040,2024,11,HIV/AIDS,60,0
F040,2024,11,Typhoid,82,0
F040,2024,11,Anaemia,167,2
F040,2024,11,Diabetes,59,0
F040,2024,11,Hypertension,136,1
F040,2024,11,Malnutrition,87,0
F040,2024,12,Malaria,229,0
F040,2024,12,Pneumonia,126,1
F040,2024,12,Diarrhoea,185,2
F040,2024,12,TB,41,0
F040,2024,12,HIV/AIDS,39,0
F040,2024,12,Typhoid,67,0
F040,2024,12,Anaemia,98,0
F040,2024,12,Diabetes,58,0
F040,2024,12,Hypertension,76,0
F040,2024,12,Malnutrition,103,0
F041,2023,1,Malaria,88,0
F041,2023,1,Pneumonia,37,0
F041,2023,1,Diarrhoea,77,0
F041,2023,1,TB,7,0
F041,2023,1,HIV/AIDS,7,0
F041,2023,1,Typhoid,24,0
F041,2023,1,Anaemia,37,0
F041,2023,1,Diabetes,21,0
F041,2023,1,Hypertension,17,0
F041,2023,1,Malnutrition,23,0
F041,2023,2,Malaria,117,0
F041,2023,2,Pneumonia,42,0
F041,2023,2,Diarrhoea,58,0
F041,2023,2,TB,5,0
F041,2023,2,HIV/AIDS,8,0
F041,2023,2,Typhoid,22,0
F041,2023,2,Anaemia,31,0
F041,2023,2,Diabetes,12,0
F041,2023,2,Hypertension,18,0
F041,2023,2,Malnutrition,25,0
F041,2023,3,Malaria,90,0
F041,2023,3,Pneumonia,32,0
F041,2023,3,Diarrhoea,44,0
F041,2023,3,TB,9,0
F041,2023,3,HIV/AIDS,13,0
F041,2023,3,Typhoid,31,0
F041,2023,3,Anaemia,21,0
F041,2023,3,Diabetes,15,0
F041,2023,3,Hypertension,29,0
F041,2023,3,Malnutrition,25,0
F041,2023,4,Malaria,124,0
F041,2023,4,Pneumonia,57,0
F041,2023,4,Diarrhoea,87,0
F041,2023,4,TB,6,0
F041,2023,4,HIV/AIDS,13,0
F041,2023,4,Typhoid,27,0
F041,2023,4,Anaemia,26,0
F041,2023,4,Diabetes,16,0
F041,2023,4,Hypertension,32,0
F041,2023,4,Malnutrition,24,0
F041,2023,5,Malaria,64,0
F041,2023,5,Pneumonia,46,0
F041,2023,5,Diarrhoea,39,0
F041,2023,5,TB,5,0
F041,2023,5,HIV/AIDS,13,0
F041,2023,5,Typhoid,27,0
F041,2023,5,Anaemia,40,0
F041,2023,5,Diabetes,16,0
F041,2023,5,Hypertension,28,0
F041,2023,5,Malnutrition,25,0
F041,2023,6,Malaria,77,0
F041,2023,6,Pneumonia,35,0
F041,2023,6,Diarrhoea,51,0
F041,2023,6,TB,6,0
F041,2023,6,HIV/AIDS,16,0
F041,2023,6,Typhoid,16,0
F041,2023,6,Anaemia,33,0
F041,2023,6,Diabetes,9,0
F041,2023,6,Hypertension,27,0
F041,2023,6,Malnutrition,26,0
F041,2023,7,Malaria,94,1
F041,2023,7,Pneumonia,29,0
F041,2023,7,Diarrhoea,72,0
F041,2023,7,TB,11,0
F041,2023,7,HIV/AIDS,11,0
F041,2023,7,Typhoid,25,0
F041,2023,7,Anaemia,29,0
F041,2023,7,Diabetes,20,0
F041,2023,7,Hypertension,20,0
F041,2023,7,Malnutrition,14,0
F041,2023,8,Malaria,97,0
F041,2023,8,Pneumonia,50,0
F041,2023,8,Diarrhoea,43,0
F041,2023,8,TB,8,0
F041,2023,8,HIV/AIDS,15,0
F041,2023,8,Typhoid,21,0
F041,2023,8,Anaemia,27,0
F041,2023,8,Diabetes,17,0
F041,2023,8,Hypertension,19,0
F041,2023,8,Malnutrition,18,0
F041,2023,9,Malaria,127,1
F041,2023,9,Pneumonia,52,0
F041,2023,9,Diarrhoea,78,0
F041,2023,9,TB,9,0
F041,2023,9,HIV/AIDS,12,0
F041,2023,9,Typhoid,23,0
F041,2023,9,Anaemia,26,0
F041,2023,9,Diabetes,18,0
F041,2023,9,Hypertension,38,0
F041,2023,9,Malnutrition,12,0
F041,2023,10,Malaria,114,0
F041,2023,10,Pneumonia,50,0
F041,2023,10,Diarrhoea,89,0
F041,2023,10,TB,7,0
F041,2023,10,HIV/AIDS,11,0
F041,2023,10,Typhoid,32,0
F041,2023,10,Anaemia,20,0
F041,2023,10,Diabetes,21,0
F041,2023,10,Hypertension,34,0
F041,2023,10,Malnutrition,14,0
F041,2023,11,Malaria,68,0
F041,2023,11,Pneumonia,50,0
F041,2023,11,Diarrhoea,39,0
F041,2023,11,TB,7,0
F041,2023,11,HIV/AIDS,12,0
F041,2023,11,Typhoid,30,0
F041,2023,11,Anaemia,24,0
F041,2023,11,Diabetes,16,0
F041,2023,11,Hypertension,35,0
F041,2023,11,Malnutrition,25,0
F041,2023,12,Malaria,57,0
F041,2023,12,Pneumonia,37,0
F041,2023,12,Diarrhoea,81,0
F041,2023,12,TB,6,0
F041,2023,12,HIV/AIDS,12,0
F041,2023,12,Typhoid,27,0
F041,2023,12,Anaemia,41,0
F041,2023,12,Diabetes,13,0
F041,2023,12,Hypertension,33,0
F041,2023,12,Malnutrition,20,0
F041,2024,1,Malaria,101,0
F041,2024,1,Pneumonia,65,0
F041,2024,1,Diarrhoea,63,0
F041,2024,1,TB,10,0
F041,2024,1,HIV/AIDS,14,0
F041,2024,1,Typhoid,16,0
F041,2024,1,Anaemia,21,0
F041,2024,1,Diabetes,9,0
F041,2024,1,Hypertension,26,0
F041,2024,1,Malnutrition,12,0
F041,2024,2,Malaria,63,0
F041,2024,2,Pneumonia,64,0
F041,2024,2,Diarrhoea,55,0
F041,2024,2,TB,6,0
F041,2024,2,HIV/AIDS,14,0
F041,2024,2,Typhoid,25,0
F041,2024,2,Anaemia,30,0
F041,2024,2,Diabetes,11,0
F041,2024,2,Hypertension,33,0
F041,2024,2,Malnutrition,19,0
F041,2024,3,Malaria,123,0
F041,2024,3,Pneumonia,39,0
F041,2024,3,Diarrhoea,86,0
F041,2024,3,TB,9,0
F041,2024,3,HIV/AIDS,14,0
F041,2024,3,Typhoid,27,0
F041,2024,3,Anaemia,21,0
F041,2024,3,Diabetes,19,0
F041,2024,3,Hypertension,21,0
F041,2024,3,Malnutrition,24,0
F041,2024,4,Malaria,113,0
F041,2024,4,Pneumonia,63,0
F041,2024,4,Diarrhoea,84,0
F041,2024,4,TB,10,0
F041,2024,4,HIV/AIDS,7,0
F041,2024,4,Typhoid,31,0
F041,2024,4,Anaemia,34,0
F041,2024,4,Diabetes,22,0
F041,2024,4,Hypertension,21,0
F041,2024,4,Malnutrition,13,0
F041,2024,5,Malaria,59,0
F041,2024,5,Pneumonia,39,0
F041,2024,5,Diarrhoea,61,0
F041,2024,5,TB,8,0
F041,2024,5,HIV/AIDS,15,0
F041,2024,5,Typhoid,20,0
F041,2024,5,Anaemia,40,0
F041,2024,5,Diabetes,10,0
F041,2024,5,Hypertension,29,0
F041,2024,5,Malnutrition,26,0
F041,2024,6,Malaria,109,0
F041,2024,6,Pneumonia,41,0
F041,2024,6,Diarrhoea,67,0
F041,2024,6,TB,5,0
F041,2024,6,HIV/AIDS,9,0
F041,2024,6,Typhoid,19,0
F041,2024,6,Anaemia,19,0
F041,2024,6,Diabetes,9,0
F041,2024,6,Hypertension,38,0
F041,2024,6,Malnutrition,25,0
F041,2024,7,Malaria,58,0
F041,2024,7,Pneumonia,56,0
F041,2024,7,Diarrhoea,47,0
F041,2024,7,TB,8,0
F041,2024,7,HIV/AIDS,7,0
F041,2024,7,Typhoid,32,0
F041,2024,7,Anaemia,31,0
F041,2024,7,Diabetes,20,0
F041,2024,7,Hypertension,36,0
F041,2024,7,Malnutrition,17,0
F041,2024,8,Malaria,107,0
F041,2024,8,Pneumonia,63,0
F041,2024,8,Diarrhoea,57,0
F041,2024,8,TB,8,0
F041,2024,8,HIV/AIDS,14,0
F041,2024,8,Typhoid,15,0
F041,2024,8,Anaemia,20,0
F041,2024,8,Diabetes,12,0
F041,2024,8,Hypertension,19,0
F041,2024,8,Malnutrition,14,0
F041,2024,9,Malaria,60,0
F041,2024,9,Pneumonia,63,0
F041,2024,9,Diarrhoea,53,0
F041,2024,9,TB,6,0
F041,2024,9,HIV/AIDS,9,0
F041,2024,9,Typhoid,18,0
F041,2024,9,Anaemia,25,0
F041,2024,9,Diabetes,9,0
F041,2024,9,Hypertension,32,0
F041,2024,9,Malnutrition,25,0
F041,2024,10,Malaria,101,1
F041,2024,10,Pneumonia,55,0
F041,2024,10,Diarrhoea,38,0
F041,2024,10,TB,8,0
F041,2024,10,HIV/AIDS,11,0
F041,2024,10,Typhoid,20,0
F041,2024,10,Anaemia,27,0
F041,2024,10,Diabetes,13,0
F041,2024,10,Hypertension,35,0
F041,2024,10,Malnutrition,18,0
F041,2024,11,Malaria,77,1
F041,2024,11,Pneumonia,50,0
F041,2024,11,Diarrhoea,62,0
F041,2024,11,TB,6,0
F041,2024,11,HIV/AIDS,12,0
F041,2024,11,Typhoid,29,0
F041,2024,11,Anaemia,25,0
F041,2024,11,Diabetes,21,0
F041,2024,11,Hypertension,28,0
F041,2024,11,Malnutrition,15,0
F041,2024,12,Malaria,115,0
F041,2024,12,Pneumonia,33,0
F041,2024,12,Diarrhoea,39,0
F041,2024,12,TB,11,0
F041,2024,12,HIV/AIDS,12,0
F041,2024,12,Typhoid,24,0
F041,2024,12,Anaemia,23,0
F041,2024,12,Diabetes,17,0
F041,2024,12,Hypertension,19,0
F041,2024,12,Malnutrition,26,0
F042,2023,1,Malaria,126,1
F042,2023,1,Pneumonia,56,0
F042,2023,1,Diarrhoea,58,0
F042,2023,1,TB,6,0
F042,2023,1,HIV/AIDS,12,0
F042,2023,1,Typhoid,29,0
F042,2023,1,Anaemia,39,0
F042,2023,1,Diabetes,20,0
F042,2023,1,Hypertension,35,0
F042,2023,1,Malnutrition,16,0
F042,2023,2,Malaria,81,0
F042,2023,2,Pneumonia,44,0
F042,2023,2,Diarrhoea,44,0
F042,2023,2,TB,8,0
F042,2023,2,HIV/AIDS,8,0
F042,2023,2,Typhoid,18,0
F042,2023,2,Anaemia,33,0
F042,2023,2,Diabetes,9,0
F042,2023,2,Hypertension,32,0
F042,2023,2,Malnutrition,19,0
F042,2023,3,Malaria,63,0
F042,2023,3,Pneumonia,34,0
F042,2023,3,Diarrhoea,74,0
F042,2023,3,TB,5,0
F042,2023,3,HIV/AIDS,10,0
F042,2023,3,Typhoid,19,0
F042,2023,3,Anaemia,32,0
F042,2023,3,Diabetes,18,0
F042,2023,3,Hypertension,18,0
F042,2023,3,Malnutrition,18,0
F042,2023,4,Malaria,93,0
F042,2023,4,Pneumonia,29,0
F042,2023,4,Diarrhoea,47,0
F042,2023,4,TB,8,0
F042,2023,4,HIV/AIDS,8,0
F042,2023,4,Typhoid,31,0
F042,2023,4,Anaemia,31,0
F042,2023,4,Diabetes,13,0
F042,2023,4,Hypertension,37,0
F042,2023,4,Malnutrition,15,0
F042,2023,5,Malaria,86,1
F042,2023,5,Pneumonia,34,0
F042,2023,5,Diarrhoea,66,0
F042,2023,5,TB,9,0
F042,2023,5,HIV/AIDS,7,0
F042,2023,5,Typhoid,19,0
F042,2023,5,Anaemia,34,0
F042,2023,5,Diabetes,14,0
F042,2023,5,Hypertension,33,0
F042,2023,5,Malnutrition,20,0
F042,2023,6,Malaria,106,0
F042,2023,6,Pneumonia,42,0
F042,2023,6,Diarrhoea,67,0
F042,2023,6,TB,11,0
F042,2023,6,HIV/AIDS,13,0
F042,2023,6,Typhoid,16,0
F042,2023,6,Anaemia,22,0
F042,2023,6,Diabetes,16,0
F042,2023,6,Hypertension,32,0
F042,2023,6,Malnutrition,15,0
F042,2023,7,Malaria,100,1
F042,2023,7,Pneumonia,60,0
F042,2023,7,Diarrhoea,81,0
F042,2023,7,TB,8,0
F042,2023,7,HIV/AIDS,12,0
F042,2023,7,Typhoid,24,0
F042,2023,7,Anaemia,42,0
F042,2023,7,Diabetes,19,0
F042,2023,7,Hypertension,35,0
F042,2023,7,Malnutrition,22,0
F042,2023,8,Malaria,103,1
F042,2023,8,Pneumonia,63,0
F042,2023,8,Diarrhoea,80,0
F042,2023,8,TB,9,0
F042,2023,8,HIV/AIDS,14,0
F042,2023,8,Typhoid,17,0
F042,2023,8,Anaemia,31,0
F042,2023,8,Diabetes,14,0
F042,2023,8,Hypertension,24,0
F042,2023,8,Malnutrition,26,0
F042,2023,9,Malaria,62,0
F042,2023,9,Pneumonia,50,0
F042,2023,9,Diarrhoea,78,0
F042,2023,9,TB,7,0
F042,2023,9,HIV/AIDS,13,0
F042,2023,9,Typhoid,23,0
F042,2023,9,Anaemia,38,0
F042,2023,9,Diabetes,17,0
F042,2023,9,Hypertension,36,0
F042,2023,9,Malnutrition,21,0
F042,2023,10,Malaria,95,0
F042,2023,10,Pneumonia,62,0
F042,2023,10,Diarrhoea,44,0
F042,2023,10,TB,9,0
F042,2023,10,HIV/AIDS,9,0
F042,2023,10,Typhoid,27,0
F042,2023,10,Anaemia,23,0
F042,2023,10,Diabetes,10,0
F042,2023,10,Hypertension,22,0
F042,2023,10,Malnutrition,12,0
F042,2023,11,Malaria,80,0
F042,2023,11,Pneumonia,44,0
F042,2023,11,Diarrhoea,39,0
F042,2023,11,TB,6,0
F042,2023,11,HIV/AIDS,11,0
F042,2023,11,Typhoid,18,0
F042,2023,11,Anaemia,26,0
F042,2023,11,Diabetes,14,0
F042,2023,11,Hypertension,32,0
F042,2023,11,Malnutrition,17,0
F042,2023,12,Malaria,128,0
F042,2023,12,Pneumonia,58,0
F042,2023,12,Diarrhoea,68,0
F042,2023,12,TB,10,0
F042,2023,12,HIV/AIDS,13,0
F042,2023,12,Typhoid,16,0
F042,2023,12,Anaemia,31,0
F042,2023,12,Diabetes,18,0
F042,2023,12,Hypertension,20,0
F042,2023,12,Malnutrition,16,0
F042,2024,1,Malaria,95,1
F042,2024,1,Pneumonia,44,0
F042,2024,1,Diarrhoea,39,0
F042,2024,1,TB,5,0
F042,2024,1,HIV/AIDS,16,0
F042,2024,1,Typhoid,18,0
F042,2024,1,Anaemia,32,0
F042,2024,1,Diabetes,15,0
F042,2024,1,Hypertension,20,0
F042,2024,1,Malnutrition,15,0
F042,2024,2,Malaria,116,1
F042,2024,2,Pneumonia,52,0
F042,2024,2,Diarrhoea,85,0
F042,2024,2,TB,7,0
F042,2024,2,HIV/AIDS,16,0
F042,2024,2,Typhoid,25,0
F042,2024,2,Anaemia,23,0
F042,2024,2,Diabetes,11,0
F042,2024,2,Hypertension,33,0
F042,2024,2,Malnutrition,17,0
F042,2024,3,Malaria,73,0
F042,2024,3,Pneumonia,29,0
F042,2024,3,Diarrhoea,88,0
F042,2024,3,TB,6,0
F042,2024,3,HIV/AIDS,7,0
F042,2024,3,Typhoid,20,0
F042,2024,3,Anaemia,32,0
F042,2024,3,Diabetes,19,0
F042,2024,3,Hypertension,22,0
F042,2024,3,Malnutrition,23,0
F042,2024,4,Malaria,106,0
F042,2024,4,Pneumonia,52,0
F042,2024,4,Diarrhoea,75,0
F042,2024,4,TB,9,0
F042,2024,4,HIV/AIDS,10,0
F042,2024,4,Typhoid,32,0
F042,2024,4,Anaemia,24,0
F042,2024,4,Diabetes,18,0
F042,2024,4,Hypertension,17,0
F042,2024,4,Malnutrition,15,0
F042,2024,5,Malaria,102,0
F042,2024,5,Pneumonia,66,0
F042,2024,5,Diarrhoea,64,0
F042,2024,5,TB,6,0
F042,2024,5,HIV/AIDS,9,0
F042,2024,5,Typhoid,24,0
F042,2024,5,Anaemia,25,0
F042,2024,5,Diabetes,12,0
F042,2024,5,Hypertension,30,0
F042,2024,5,Malnutrition,15,0
F042,2024,6,Malaria,75,0
F042,2024,6,Pneumonia,61,0
F042,2024,6,Diarrhoea,77,1
F042,2024,6,TB,4,0
F042,2024,6,HIV/AIDS,10,0
F042,2024,6,Typhoid,23,0
F042,2024,6,Anaemia,25,0
F042,2024,6,Diabetes,21,0
F042,2024,6,Hypertension,19,0
F042,2024,6,Malnutrition,17,0
F042,2024,7,Malaria,95,0
F042,2024,7,Pneumonia,65,0
F042,2024,7,Diarrhoea,82,0
F042,2024,7,TB,8,0
F042,2024,7,HIV/AIDS,13,0
F042,2024,7,Typhoid,19,0
F042,2024,7,Anaemia,35,0
F042,2024,7,Diabetes,13,0
F042,2024,7,Hypertension,23,0
F042,2024,7,Malnutrition,21,0
F042,2024,8,Malaria,86,0
F042,2024,8,Pneumonia,41,0
F042,2024,8,Diarrhoea,80,1
F042,2024,8,TB,9,0
F042,2024,8,HIV/AIDS,8,0
F042,2024,8,Typhoid,33,0
F042,2024,8,Anaemia,28,0
F042,2024,8,Diabetes,18,0
F042,2024,8,Hypertension,32,0
F042,2024,8,Malnutrition,16,0
F042,2024,9,Malaria,62,0
F042,2024,9,Pneumonia,46,0
F042,2024,9,Diarrhoea,63,0
F042,2024,9,TB,7,0
F042,2024,9,HIV/AIDS,15,0
F042,2024,9,Typhoid,29,0
F042,2024,9,Anaemia,32,0
F042,2024,9,Diabetes,22,0
F042,2024,9,Hypertension,17,0
F042,2024,9,Malnutrition,13,0
F042,2024,10,Malaria,122,0
F042,2024,10,Pneumonia,54,0
F042,2024,10,Diarrhoea,57,0
F042,2024,10,TB,7,0
F042,2024,10,HIV/AIDS,7,0
F042,2024,10,Typhoid,23,0
F042,2024,10,Anaemia,27,0
F042,2024,10,Diabetes,10,0
F042,2024,10,Hypertension,31,0
F042,2024,10,Malnutrition,17,0
F042,2024,11,Malaria,103,0
F042,2024,11,Pneumonia,31,0
F042,2024,11,Diarrhoea,49,0
F042,2024,11,TB,4,0
F042,2024,11,HIV/AIDS,7,0
F042,2024,11,Typhoid,15,0
F042,2024,11,Anaemia,42,0
F042,2024,11,Diabetes,14,0
F042,2024,11,Hypertension,17,0
F042,2024,11,Malnutrition,14,0
F042,2024,12,Malaria,97,0
F042,2024,12,Pneumonia,49,0
F042,2024,12,Diarrhoea,52,0
F042,2024,12,TB,7,0
F042,2024,12,HIV/AIDS,16,0
F042,2024,12,Typhoid,16,0
F042,2024,12,Anaemia,31,0
F042,2024,12,Diabetes,14,0
F042,2024,12,Hypertension,32,0
F042,2024,12,Malnutrition,26,0
F043,2023,1,Malaria,84,0
F043,2023,1,Pneumonia,51,0
F043,2023,1,Diarrhoea,58,0
F043,2023,1,TB,9,0
F043,2023,1,HIV/AIDS,8,0
F043,2023,1,Typhoid,23,0
F043,2023,1,Anaemia,31,0
F043,2023,1,Diabetes,18,0
F043,2023,1,Hypertension,19,0
F043,2023,1,Malnutrition,25,0
F043,2023,2,Malaria,106,0
F043,2023,2,Pneumonia,42,0
F043,2023,2,Diarrhoea,62,0
F043,2023,2,TB,9,0
F043,2023,2,HIV/AIDS,16,0
F043,2023,2,Typhoid,29,0
F043,2023,2,Anaemia,43,0
F043,2023,2,Diabetes,17,0
F043,2023,2,Hypertension,29,0
F043,2023,2,Malnutrition,16,0
F043,2023,3,Malaria,104,0
F043,2023,3,Pneumonia,46,0
F043,2023,3,Diarrhoea,58,0
F043,2023,3,TB,5,0
F043,2023,3,HIV/AIDS,12,0
F043,2023,3,Typhoid,23,0
F043,2023,3,Anaemia,33,0
F043,2023,3,Diabetes,21,0
F043,2023,3,Hypertension,23,0
F043,2023,3,Malnutrition,17,0
F043,2023,4,Malaria,85,0
F043,2023,4,Pneumonia,67,0
F043,2023,4,Diarrhoea,76,0
F043,2023,4,TB,10,0
F043,2023,4,HIV/AIDS,9,0
F043,2023,4,Typhoid,14,0
F043,2023,4,Anaemia,28,0
F043,2023,4,Diabetes,14,0
F043,2023,4,Hypertension,34,0
F043,2023,4,Malnutrition,19,0
F043,2023,5,Malaria,118,0
F043,2023,5,Pneumonia,36,0
F043,2023,5,Diarrhoea,73,0
F043,2023,5,TB,8,0
F043,2023,5,HIV/AIDS,11,0
F043,2023,5,Typhoid,24,0
F043,2023,5,Anaemia,19,0
F043,2023,5,Diabetes,12,0
F043,2023,5,Hypertension,38,0
F043,2023,5,Malnutrition,16,0
F043,2023,6,Malaria,108,1
F043,2023,6,Pneumonia,40,0
F043,2023,6,Diarrhoea,64,0
F043,2023,6,TB,5,0
F043,2023,6,HIV/AIDS,16,0
F043,2023,6,Typhoid,25,0
F043,2023,6,Anaemia,35,0
F043,2023,6,Diabetes,16,0
F043,2023,6,Hypertension,25,0
F043,2023,6,Malnutrition,12,0
F043,2023,7,Malaria,116,0
F043,2023,7,Pneumonia,37,0
F043,2023,7,Diarrhoea,39,0
F043,2023,7,TB,6,0
F043,2023,7,HIV/AIDS,13,0
F043,2023,7,Typhoid,18,0
F043,2023,7,Anaemia,36,0
F043,2023,7,Diabetes,10,0
F043,2023,7,Hypertension,29,0
F043,2023,7,Malnutrition,17,0
F043,2023,8,Malaria,115,0
F043,2023,8,Pneumonia,52,0
F043,2023,8,Diarrhoea,56,0
F043,2023,8,TB,9,0
F043,2023,8,HIV/AIDS,10,0
F043,2023,8,Typhoid,20,0
F043,2023,8,Anaemia,19,0
F043,2023,8,Diabetes,10,0
F043,2023,8,Hypertension,38,0
F043,2023,8,Malnutrition,18,0
F043,2023,9,Malaria,123,1
F043,2023,9,Pneumonia,32,0
F043,2023,9,Diarrhoea,72,0
F043,2023,9,TB,9,0
F043,2023,9,HIV/AIDS,8,0
F043,2023,9,Typhoid,26,0
F043,2023,9,Anaemia,32,0
F043,2023,9,Diabetes,13,0
F043,2023,9,Hypertension,26,0
F043,2023,9,Malnutrition,24,0
F043,2023,10,Malaria,74,0
F043,2023,10,Pneumonia,49,0
F043,2023,10,Diarrhoea,52,0
F043,2023,10,TB,5,0
F043,2023,10,HIV/AIDS,14,0
F043,2023,10,Typhoid,20,0
F043,2023,10,Anaemia,34,0
F043,2023,10,Diabetes,19,0
F043,2023,10,Hypertension,23,0
F043,2023,10,Malnutrition,12,0
F043,2023,11,Malaria,132,1
F043,2023,11,Pneumonia,34,0
F043,2023,11,Diarrhoea,81,0
F043,2023,11,TB,5,0
F043,2023,11,HIV/AIDS,9,0
F043,2023,11,Typhoid,21,0
F043,2023,11,Anaemia,21,0
F043,2023,11,Diabetes,11,0
F043,2023,11,Hypertension,32,0
F043,2023,11,Malnutrition,18,0
F043,2023,12,Malaria,66,0
F043,2023,12,Pneumonia,33,0
F043,2023,12,Diarrhoea,72,0
F043,2023,12,TB,7,0
F043,2023,12,HIV/AIDS,11,0
F043,2023,12,Typhoid,16,0
F043,2023,12,Anaemia,40,0
F043,2023,12,Diabetes,10,0
F043,2023,12,Hypertension,34,0
F043,2023,12,Malnutrition,17,0
F043,2024,1,Malaria,131,1
F043,2024,1,Pneumonia,34,0
F043,2024,1,Diarrhoea,63,0
F043,2024,1,TB,9,0
F043,2024,1,HIV/AIDS,7,0
F043,2024,1,Typhoid,19,0
F043,2024,1,Anaemia,24,0
F043,2024,1,Diabetes,10,0
F043,2024,1,Hypertension,39,0
F043,2024,1,Malnutrition,13,0
F043,2024,2,Malaria,133,1
F043,2024,2,Pneumonia,55,0
F043,2024,2,Diarrhoea,54,0
F043,2024,2,TB,10,0
F043,2024,2,HIV/AIDS,10,0
F043,2024,2,Typhoid,24,0
F043,2024,2,Anaemia,33,0
F043,2024,2,Diabetes,10,0
F043,2024,2,Hypertension,25,0
F043,2024,2,Malnutrition,22,0
F043,2024,3,Malaria,98,0
F043,2024,3,Pneumonia,36,0
F043,2024,3,Diarrhoea,79,0
F043,2024,3,TB,7,0
F043,2024,3,HIV/AIDS,8,0
F043,2024,3,Typhoid,23,0
F043,2024,3,Anaemia,31,0
F043,2024,3,Diabetes,10,0
F043,2024,3,Hypertension,17,0
F043,2024,3,Malnutrition,27,0
F043,2024,4,Malaria,77,0
F043,2024,4,Pneumonia,52,0
F043,2024,4,Diarrhoea,61,0
F043,2024,4,TB,6,0
F043,2024,4,HIV/AIDS,13,0
F043,2024,4,Typhoid,33,0
F043,2024,4,Anaemia,21,0
F043,2024,4,Diabetes,14,0
F043,2024,4,Hypertension,16,0
F043,2024,4,Malnutrition,15,0
F043,2024,5,Malaria,119,0
F043,2024,5,Pneumonia,64,0
F043,2024,5,Diarrhoea,66,0
F043,2024,5,TB,10,0
F043,2024,5,HIV/AIDS,8,0
F043,2024,5,Typhoid,15,0
F043,2024,5,Anaemia,34,0
F043,2024,5,Diabetes,13,0
F043,2024,5,Hypertension,20,0
F043,2024,5,Malnutrition,12,0
F043,2024,6,Malaria,59,0
F043,2024,6,Pneumonia,39,0
F043,2024,6,Diarrhoea,62,0
F043,2024,6,TB,8,0
F043,2024,6,HIV/AIDS,13,0
F043,2024,6,Typhoid,25,0
F043,2024,6,Anaemia,32,0
F043,2024,6,Diabetes,21,0
F043,2024,6,Hypertension,34,0
F043,2024,6,Malnutrition,12,0
F043,2024,7,Malaria,118,0
F043,2024,7,Pneumonia,31,0
F043,2024,7,Diarrhoea,87,1
F043,2024,7,TB,8,0
F043,2024,7,HIV/AIDS,15,0
F043,2024,7,Typhoid,29,0
F043,2024,7,Anaemia,43,0
F043,2024,7,Diabetes,10,0
F043,2024,7,Hypertension,18,0
F043,2024,7,Malnutrition,23,0
F043,2024,8,Malaria,61,0
F043,2024,8,Pneumonia,52,0
F043,2024,8,Diarrhoea,43,0
F043,2024,8,TB,5,0
F043,2024,8,HIV/AIDS,10,0
F043,2024,8,Typhoid,22,0
F043,2024,8,Anaemia,25,0
F043,2024,8,Diabetes,16,0
F043,2024,8,Hypertension,33,0
F043,2024,8,Malnutrition,26,0
F043,2024,9,Malaria,70,0
F043,2024,9,Pneumonia,32,0
F043,2024,9,Diarrhoea,39,0
F043,2024,9,TB,6,0
F043,2024,9,HIV/AIDS,7,0
F043,2024,9,Typhoid,15,0
F043,2024,9,Anaemia,39,0
F043,2024,9,Diabetes,14,0
F043,2024,9,Hypertension,24,0
F043,2024,9,Malnutrition,23,0
F043,2024,10,Malaria,104,1
F043,2024,10,Pneumonia,46,0
F043,2024,10,Diarrhoea,61,0
F043,2024,10,TB,10,0
F043,2024,10,HIV/AIDS,13,0
F043,2024,10,Typhoid,24,0
F043,2024,10,Anaemia,23,0
F043,2024,10,Diabetes,19,0
F043,2024,10,Hypertension,35,0
F043,2024,10,Malnutrition,18,0
F043,2024,11,Malaria,108,1
F043,2024,11,Pneumonia,34,0
F043,2024,11,Diarrhoea,79,0
F043,2024,11,TB,9,0
F043,2024,11,HIV/AIDS,7,0
F043,2024,11,Typhoid,19,0
F043,2024,11,Anaemia,39,0
F043,2024,11,Diabetes,15,0
F043,2024,11,Hypertension,26,0
F043,2024,11,Malnutrition,12,0
F043,2024,12,Malaria,106,0
F043,2024,12,Pneumonia,37,0
F043,2024,12,Diarrhoea,69,0
F043,2024,12,TB,9,0
F043,2024,12,HIV/AIDS,10,0
F043,2024,12,Typhoid,29,0
F043,2024,12,Anaemia,24,0
F043,2024,12,Diabetes,19,0
F043,2024,12,Hypertension,25,0
F043,2024,12,Malnutrition,20,0
F044,2023,1,Malaria,220,3
F044,2023,1,Pneumonia,203,1
F044,2023,1,Diarrhoea,206,1
F044,2023,1,TB,38,0
F044,2023,1,HIV/AIDS,52,0
F044,2023,1,Typhoid,63,0
F044,2023,1,Anaemia,166,1
F044,2023,1,Diabetes,83,0
F044,2023,1,Hypertension,125,1
F044,2023,1,Malnutrition,66,0
F044,2023,2,Malaria,456,4
F044,2023,2,Pneumonia,155,1
F044,2023,2,Diarrhoea,177,2
F044,2023,2,TB,18,0
F044,2023,2,HIV/AIDS,55,0
F044,2023,2,Typhoid,61,0
F044,2023,2,Anaemia,77,0
F044,2023,2,Diabetes,56,0
F044,2023,2,Hypertension,134,0
F044,2023,2,Malnutrition,78,0
F044,2023,3,Malaria,494,5
F044,2023,3,Pneumonia,198,0
F044,2023,3,Diarrhoea,325,4
F044,2023,3,TB,18,0
F044,2023,3,HIV/AIDS,47,0
F044,2023,3,Typhoid,108,0
F044,2023,3,Anaemia,101,1
F044,2023,3,Diabetes,75,0
F044,2023,3,Hypertension,127,1
F044,2023,3,Malnutrition,98,1
F044,2023,4,Malaria,377,2
F044,2023,4,Pneumonia,126,1
F044,2023,4,Diarrhoea,185,0
F044,2023,4,TB,33,0
F044,2023,4,HIV/AIDS,44,0
F044,2023,4,Typhoid,124,1
F044,2023,4,Anaemia,95,1
F044,2023,4,Diabetes,77,1
F044,2023,4,Hypertension,144,1
F044,2023,4,Malnutrition,49,0
F044,2023,5,Malaria,500,5
F044,2023,5,Pneumonia,184,0
F044,2023,5,Diarrhoea,170,1
F044,2023,5,TB,36,0
F044,2023,5,HIV/AIDS,62,0
F044,2023,5,Typhoid,62,0
F044,2023,5,Anaemia,133,1
F044,2023,5,Diabetes,70,0
F044,2023,5,Hypertension,76,0
F044,2023,5,Malnutrition,90,0
F044,2023,6,Malaria,341,1
F044,2023,6,Pneumonia,180,0
F044,2023,6,Diarrhoea,264,2
F044,2023,6,TB,27,0
F044,2023,6,HIV/AIDS,36,0
F044,2023,6,Typhoid,64,0
F044,2023,6,Anaemia,135,1
F044,2023,6,Diabetes,71,0
F044,2023,6,Hypertension,145,0
F044,2023,6,Malnutrition,98,0
F044,2023,7,Malaria,471,5
F044,2023,7,Pneumonia,223,3
F044,2023,7,Diarrhoea,177,2
F044,2023,7,TB,23,0
F044,2023,7,HIV/AIDS,48,0
F044,2023,7,Typhoid,77,1
F044,2023,7,Anaemia,161,0
F044,2023,7,Diabetes,79,0
F044,2023,7,Hypertension,84,0
F044,2023,7,Malnutrition,76,0
F044,2023,8,Malaria,287,3
F044,2023,8,Pneumonia,198,2
F044,2023,8,Diarrhoea,284,2
F044,2023,8,TB,20,0
F044,2023,8,HIV/AIDS,31,0
F044,2023,8,Typhoid,123,0
F044,2023,8,Anaemia,112,0
F044,2023,8,Diabetes,69,0
F044,2023,8,Hypertension,110,0
F044,2023,8,Malnutrition,95,0
F044,2023,9,Malaria,316,3
F044,2023,9,Pneumonia,220,0
F044,2023,9,Diarrhoea,266,1
F044,2023,9,TB,39,0
F044,2023,9,HIV/AIDS,46,0
F044,2023,9,Typhoid,57,0
F044,2023,9,Anaemia,127,1
F044,2023,9,Diabetes,36,0
F044,2023,9,Hypertension,143,2
F044,2023,9,Malnutrition,73,0
F044,2023,10,Malaria,267,2
F044,2023,10,Pneumonia,165,1
F044,2023,10,Diarrhoea,185,0
F044,2023,10,TB,30,0
F044,2023,10,HIV/AIDS,55,0
F044,2023,10,Typhoid,77,0
F044,2023,10,Anaemia,128,1
F044,2023,10,Diabetes,58,0
F044,2023,10,Hypertension,101,1
F044,2023,10,Malnutrition,79,0
F044,2023,11,Malaria,319,2
F044,2023,11,Pneumonia,191,2
F044,2023,11,Diarrhoea,156,2
F044,2023,11,TB,37,0
F044,2023,11,HIV/AIDS,43,0
F044,2023,11,Typhoid,59,0
F044,2023,11,Anaemia,92,0
F044,2023,11,Diabetes,80,0
F044,2023,11,Hypertension,122,0
F044,2023,11,Malnutrition,102,0
F044,2023,12,Malaria,404,5
F044,2023,12,Pneumonia,122,0
F044,2023,12,Diarrhoea,326,1
F044,2023,12,TB,38,0
F044,2023,12,HIV/AIDS,28,0
F044,2023,12,Typhoid,57,0
F044,2023,12,Anaemia,95,1
F044,2023,12,Diabetes,60,0
F044,2023,12,Hypertension,143,1
F044,2023,12,Malnutrition,104,0
F044,2024,1,Malaria,363,1
F044,2024,1,Pneumonia,238,3
F044,2024,1,Diarrhoea,297,0
F044,2024,1,TB,29,0
F044,2024,1,HIV/AIDS,45,0
F044,2024,1,Typhoid,99,0
F044,2024,1,Anaemia,112,0
F044,2024,1,Diabetes,80,0
F044,2024,1,Hypertension,75,0
F044,2024,1,Malnutrition,53,0
F044,2024,2,Malaria,345,0
F044,2024,2,Pneumonia,150,1
F044,2024,2,Diarrhoea,192,2
F044,2024,2,TB,28,0
F044,2024,2,HIV/AIDS,44,0
F044,2024,2,Typhoid,108,0
F044,2024,2,Anaemia,109,0
F044,2024,2,Diabetes,65,0
F044,2024,2,Hypertension,92,0
F044,2024,2,Malnutrition,87,0
F044,2024,3,Malaria,320,0
F044,2024,3,Pneumonia,181,1
F044,2024,3,Diarrhoea,276,3
F044,2024,3,TB,35,0
F044,2024,3,HIV/AIDS,58,0
F044,2024,3,Typhoid,57,0
F044,2024,3,Anaemia,73,0
F044,2024,3,Diabetes,42,0
F044,2024,3,Hypertension,75,0
F044,2024,3,Malnutrition,58,0
F044,2024,4,Malaria,270,1
F044,2024,4,Pneumonia,128,1
F044,2024,4,Diarrhoea,196,2
F044,2024,4,TB,25,0
F044,2024,4,HIV/AIDS,31,0
F044,2024,4,Typhoid,95,1
F044,2024,4,Anaemia,125,1
F044,2024,4,Diabetes,41,0
F044,2024,4,Hypertension,96,0
F044,2024,4,Malnutrition,95,1
F044,2024,5,Malaria,392,4
F044,2024,5,Pneumonia,175,1
F044,2024,5,Diarrhoea,145,0
F044,2024,5,TB,18,0
F044,2024,5,HIV/AIDS,59,0
F044,2024,5,Typhoid,55,0
F044,2024,5,Anaemia,109,0
F044,2024,5,Diabetes,36,0
F044,2024,5,Hypertension,87,1
F044,2024,5,Malnutrition,64,0
F044,2024,6,Malaria,310,3
F044,2024,6,Pneumonia,178,0
F044,2024,6,Diarrhoea,255,1
F044,2024,6,TB,34,0
F044,2024,6,HIV/AIDS,48,0
F044,2024,6,Typhoid,62,0
F044,2024,6,Anaemia,150,1
F044,2024,6,Diabetes,82,0
F044,2024,6,Hypertension,111,1
F044,2024,6,Malnutrition,50,0
F044,2024,7,Malaria,272,1
F044,2024,7,Pneumonia,131,0
F044,2024,7,Diarrhoea,174,0
F044,2024,7,TB,21,0
F044,2024,7,HIV/AIDS,62,0
F044,2024,7,Typhoid,77,0
F044,2024,7,Anaemia,90,0
F044,2024,7,Diabetes,57,0
F044,2024,7,Hypertension,92,0
F044,2024,7,Malnutrition,48,0
F044,2024,8,Malaria,421,3
F044,2024,8,Pneumonia,166,2
F044,2024,8,Diarrhoea,287,3
F044,2024,8,TB,32,0
F044,2024,8,HIV/AIDS,30,0
F044,2024,8,Typhoid,77,0
F044,2024,8,Anaemia,103,0
F044,2024,8,Diabetes,56,0
F044,2024,8,Hypertension,100,0
F044,2024,8,Malnutrition,77,0
F044,2024,9,Malaria,279,4
F044,2024,9,Pneumonia,147,1
F044,2024,9,Diarrhoea,330,0
F044,2024,9,TB,39,0
F044,2024,9,HIV/AIDS,59,0
F044,2024,9,Typhoid,90,0
F044,2024,9,Anaemia,128,0
F044,2024,9,Diabetes,62,0
F044,2024,9,Hypertension,137,1
F044,2024,9,Malnutrition,94,0
F044,2024,10,Malaria,391,5
F044,2024,10,Pneumonia,160,1
F044,2024,10,Diarrhoea,328,3
F044,2024,10,TB,33,0
F044,2024,10,HIV/AIDS,58,0
F044,2024,10,Typhoid,107,0
F044,2024,10,Anaemia,111,0
F044,2024,10,Diabetes,59,0
F044,2024,10,Hypertension,134,0
F044,2024,10,Malnutrition,56,0
F044,2024,11,Malaria,386,3
F044,2024,11,Pneumonia,110,0
F044,2024,11,Diarrhoea,207,1
F044,2024,11,TB,21,0
F044,2024,11,HIV/AIDS,38,0
F044,2024,11,Typhoid,61,0
F044,2024,11,Anaemia,72,0
F044,2024,11,Diabetes,78,0
F044,2024,11,Hypertension,107,0
F044,2024,11,Malnutrition,101,1
F044,2024,12,Malaria,247,1
F044,2024,12,Pneumonia,241,0
F044,2024,12,Diarrhoea,166,0
F044,2024,12,TB,27,0
F044,2024,12,HIV/AIDS,54,0
F044,2024,12,Typhoid,119,0
F044,2024,12,Anaemia,116,1
F044,2024,12,Diabetes,39,0
F044,2024,12,Hypertension,116,1
F044,2024,12,Malnutrition,80,0
F045,2023,1,Malaria,21,0
F045,2023,1,Pneumonia,17,0
F045,2023,1,Diarrhoea,16,0
F045,2023,1,TB,2,0
F045,2023,1,HIV/AIDS,4,0
F045,2023,1,Typhoid,9,0
F045,2023,1,Anaemia,12,0
F045,2023,1,Diabetes,6,0
F045,2023,1,Hypertension,12,0
F045,2023,1,Malnutrition,9,0
F045,2023,2,Malaria,27,0
F045,2023,2,Pneumonia,17,0
F045,2023,2,Diarrhoea,24,0
F045,2023,2,TB,3,0
F045,2023,2,HIV/AIDS,5,0
F045,2023,2,Typhoid,9,0
F045,2023,2,Anaemia,11,0
F045,2023,2,Diabetes,6,0
F045,2023,2,Hypertension,12,0
F045,2023,2,Malnutrition,7,0
F045,2023,3,Malaria,23,0
F045,2023,3,Pneumonia,18,0
F045,2023,3,Diarrhoea,23,0
F045,2023,3,TB,2,0
F045,2023,3,HIV/AIDS,4,0
F045,2023,3,Typhoid,10,0
F045,2023,3,Anaemia,14,0
F045,2023,3,Diabetes,6,0
F045,2023,3,Hypertension,8,0
F045,2023,3,Malnutrition,6,0
F045,2023,4,Malaria,22,0
F045,2023,4,Pneumonia,23,0
F045,2023,4,Diarrhoea,22,0
F045,2023,4,TB,3,0
F045,2023,4,HIV/AIDS,5,0
F045,2023,4,Typhoid,8,0
F045,2023,4,Anaemia,12,0
F045,2023,4,Diabetes,3,0
F045,2023,4,Hypertension,8,0
F045,2023,4,Malnutrition,8,0
F045,2023,5,Malaria,48,0
F045,2023,5,Pneumonia,24,0
F045,2023,5,Diarrhoea,30,0
F045,2023,5,TB,2,0
F045,2023,5,HIV/AIDS,5,0
F045,2023,5,Typhoid,8,0
F045,2023,5,Anaemia,11,0
F045,2023,5,Diabetes,8,0
F045,2023,5,Hypertension,9,0
F045,2023,5,Malnutrition,7,0
F045,2023,6,Malaria,36,0
F045,2023,6,Pneumonia,13,0
F045,2023,6,Diarrhoea,15,0
F045,2023,6,TB,3,0
F045,2023,6,HIV/AIDS,4,0
F045,2023,6,Typhoid,11,0
F045,2023,6,Anaemia,11,0
F045,2023,6,Diabetes,7,0
F045,2023,6,Hypertension,13,0
F045,2023,6,Malnutrition,4,0
F045,2023,7,Malaria,35,0
F045,2023,7,Pneumonia,16,0
F045,2023,7,Diarrhoea,18,0
F045,2023,7,TB,3,0
F045,2023,7,HIV/AIDS,3,0
F045,2023,7,Typhoid,9,0
F045,2023,7,Anaemia,8,0
F045,2023,7,Diabetes,6,0
F045,2023,7,Hypertension,7,0
F045,2023,7,Malnutrition,10,0
F045,2023,8,Malaria,45,0
F045,2023,8,Pneumonia,15,0
F045,2023,8,Diarrhoea,18,0
F045,2023,8,TB,3,0
F045,2023,8,HIV/AIDS,3,0
F045,2023,8,Typhoid,7,0
F045,2023,8,Anaemia,9,0
F045,2023,8,Diabetes,4,0
F045,2023,8,Hypertension,6,0
F045,2023,8,Malnutrition,8,0
F045,2023,9,Malaria,38,0
F045,2023,9,Pneumonia,15,0
F045,2023,9,Diarrhoea,23,0
F045,2023,9,TB,3,0
F045,2023,9,HIV/AIDS,2,0
F045,2023,9,Typhoid,7,0
F045,2023,9,Anaemia,16,0
F045,2023,9,Diabetes,8,0
F045,2023,9,Hypertension,8,0
F045,2023,9,Malnutrition,6,0
F045,2023,10,Malaria,24,0
F045,2023,10,Pneumonia,24,0
F045,2023,10,Diarrhoea,32,0
F045,2023,10,TB,3,0
F045,2023,10,HIV/AIDS,2,0
F045,2023,10,Typhoid,5,0
F045,2023,10,Anaemia,8,0
F045,2023,10,Diabetes,7,0
F045,2023,10,Hypertension,10,0
F045,2023,10,Malnutrition,8,0
F045,2023,11,Malaria,32,0
F045,2023,11,Pneumonia,18,0
F045,2023,11,Diarrhoea,27,0
F045,2023,11,TB,2,0
F045,2023,11,HIV/AIDS,6,0
F045,2023,11,Typhoid,5,0
F045,2023,11,Anaemia,9,0
F045,2023,11,Diabetes,3,0
F045,2023,11,Hypertension,12,0
F045,2023,11,Malnutrition,8,0
F045,2023,12,Malaria,27,0
F045,2023,12,Pneumonia,17,0
F045,2023,12,Diarrhoea,18,0
F045,2023,12,TB,1,0
F045,2023,12,HIV/AIDS,4,0
F045,2023,12,Typhoid,6,0
F045,2023,12,Anaemia,9,0
F045,2023,12,Diabetes,7,0
F045,2023,12,Hypertension,13,0
F045,2023,12,Malnutrition,7,0
F045,2024,1,Malaria,22,0
F045,2024,1,Pneumonia,13,0
F045,2024,1,Diarrhoea,22,0
F045,2024,1,TB,3,0
F045,2024,1,HIV/AIDS,4,0
F045,2024,1,Typhoid,8,0
F045,2024,1,Anaemia,11,0
F045,2024,1,Diabetes,3,0
F045,2024,1,Hypertension,7,0
F045,2024,1,Malnutrition,5,0
F045,2024,2,Malaria,28,0
F045,2024,2,Pneumonia,17,0
F045,2024,2,Diarrhoea,31,0
F045,2024,2,TB,2,0
F045,2024,2,HIV/AIDS,4,0
F045,2024,2,Typhoid,7,0
F045,2024,2,Anaemia,9,0
F045,2024,2,Diabetes,7,0
F045,2024,2,Hypertension,11,0
F045,2024,2,Malnutrition,6,0
F045,2024,3,Malaria,25,0
F045,2024,3,Pneumonia,15,0
F045,2024,3,Diarrhoea,16,0
F045,2024,3,TB,2,0
F045,2024,3,HIV/AIDS,5,0
F045,2024,3,Typhoid,6,0
F045,2024,3,Anaemia,11,0
F045,2024,3,Diabetes,4,0
F045,2024,3,Hypertension,8,0
F045,2024,3,Malnutrition,6,0
F045,2024,4,Malaria,37,0
F045,2024,4,Pneumonia,13,0
F045,2024,4,Diarrhoea,17,0
F045,2024,4,TB,2,0
F045,2024,4,HIV/AIDS,4,0
F045,2024,4,Typhoid,10,0
F045,2024,4,Anaemia,16,0
F045,2024,4,Diabetes,8,0
F045,2024,4,Hypertension,13,0
F045,2024,4,Malnutrition,8,0
F045,2024,5,Malaria,38,0
F045,2024,5,Pneumonia,23,0
F045,2024,5,Diarrhoea,14,0
F045,2024,5,TB,3,0
F045,2024,5,HIV/AIDS,5,0
F045,2024,5,Typhoid,12,0
F045,2024,5,Anaemia,13,0
F045,2024,5,Diabetes,7,0
F045,2024,5,Hypertension,9,0
F045,2024,5,Malnutrition,7,0
F045,2024,6,Malaria,35,0
F045,2024,6,Pneumonia,18,0
F045,2024,6,Diarrhoea,14,0
F045,2024,6,TB,3,0
F045,2024,6,HIV/AIDS,4,0
F045,2024,6,Typhoid,11,0
F045,2024,6,Anaemia,8,0
F045,2024,6,Diabetes,6,0
F045,2024,6,Hypertension,14,0
F045,2024,6,Malnutrition,6,0
F045,2024,7,Malaria,23,0
F045,2024,7,Pneumonia,18,0
F045,2024,7,Diarrhoea,31,0
F045,2024,7,TB,1,0
F045,2024,7,HIV/AIDS,4,0
F045,2024,7,Typhoid,5,0
F045,2024,7,Anaemia,15,0
F045,2024,7,Diabetes,6,0
F045,2024,7,Hypertension,9,0
F045,2024,7,Malnutrition,6,0
F045,2024,8,Malaria,44,0
F045,2024,8,Pneumonia,22,0
F045,2024,8,Diarrhoea,21,0
F045,2024,8,TB,4,0
F045,2024,8,HIV/AIDS,4,0
F045,2024,8,Typhoid,8,0
F045,2024,8,Anaemia,15,0
F045,2024,8,Diabetes,7,0
F045,2024,8,Hypertension,7,0
F045,2024,8,Malnutrition,5,0
F045,2024,9,Malaria,41,0
F045,2024,9,Pneumonia,16,0
F045,2024,9,Diarrhoea,25,0
F045,2024,9,TB,3,0
F045,2024,9,HIV/AIDS,4,0
F045,2024,9,Typhoid,5,0
F045,2024,9,Anaemia,11,0
F045,2024,9,Diabetes,7,0
F045,2024,9,Hypertension,10,0
F045,2024,9,Malnutrition,6,0
F045,2024,10,Malaria,35,0
F045,2024,10,Pneumonia,24,0
F045,2024,10,Diarrhoea,19,0
F045,2024,10,TB,2,0
F045,2024,10,HIV/AIDS,4,0
F045,2024,10,Typhoid,9,0
F045,2024,10,Anaemia,8,0
F045,2024,10,Diabetes,5,0
F045,2024,10,Hypertension,9,0
F045,2024,10,Malnutrition,4,0
F045,2024,11,Malaria,48,0
F045,2024,11,Pneumonia,17,0
F045,2024,11,Diarrhoea,23,0
F045,2024,11,TB,1,0
F045,2024,11,HIV/AIDS,4,0
F045,2024,11,Typhoid,10,0
F045,2024,11,Anaemia,8,0
F045,2024,11,Diabetes,6,0
F045,2024,11,Hypertension,11,0
F045,2024,11,Malnutrition,4,0
F045,2024,12,Malaria,39,0
F045,2024,12,Pneumonia,16,0
F045,2024,12,Diarrhoea,25,0
F045,2024,12,TB,2,0
F045,2024,12,HIV/AIDS,5,0
F045,2024,12,Typhoid,10,0
F045,2024,12,Anaemia,11,0
F045,2024,12,Diabetes,7,0
F045,2024,12,Hypertension,8,0
F045,2024,12,Malnutrition,5,0
F046,2023,1,Malaria,244,2
F046,2023,1,Pneumonia,130,0
F046,2023,1,Diarrhoea,161,0
F046,2023,1,TB,12,0
F046,2023,1,HIV/AIDS,23,0
F046,2023,1,Typhoid,51,0
F046,2023,1,Anaemia,88,0
F046,2023,1,Diabetes,32,0
F046,2023,1,Hypertension,87,0
F046,2023,1,Malnutrition,60,0
F046,2023,2,Malaria,262,3
F046,2023,2,Pneumonia,133,1
F046,2023,2,Diarrhoea,131,1
F046,2023,2,TB,22,0
F046,2023,2,HIV/AIDS,24,0
F046,2023,2,Typhoid,61,0
F046,2023,2,Anaemia,96,1
F046,2023,2,Diabetes,30,0
F046,2023,2,Hypertension,42,0
F046,2023,2,Malnutrition,37,0
F046,2023,3,Malaria,267,2
F046,2023,3,Pneumonia,117,0
F046,2023,3,Diarrhoea,145,0
F046,2023,3,TB,19,0
F046,2023,3,HIV/AIDS,17,0
F046,2023,3,Typhoid,66,0
F046,2023,3,Anaemia,53,0
F046,2023,3,Diabetes,41,0
F046,2023,3,Hypertension,51,0
F046,2023,3,Malnutrition,49,0
F046,2023,4,Malaria,165,0
F046,2023,4,Pneumonia,130,0
F046,2023,4,Diarrhoea,198,2
F046,2023,4,TB,12,0
F046,2023,4,HIV/AIDS,18,0
F046,2023,4,Typhoid,71,0
F046,2023,4,Anaemia,89,1
F046,2023,4,Diabetes,49,0
F046,2023,4,Hypertension,71,0
F046,2023,4,Malnutrition,48,0
F046,2023,5,Malaria,255,2
F046,2023,5,Pneumonia,135,0
F046,2023,5,Diarrhoea,127,1
F046,2023,5,TB,12,0
F046,2023,5,HIV/AIDS,17,0
F046,2023,5,Typhoid,63,0
F046,2023,5,Anaemia,59,0
F046,2023,5,Diabetes,36,0
F046,2023,5,Hypertension,39,0
F046,2023,5,Malnutrition,50,0
F046,2023,6,Malaria,156,1
F046,2023,6,Pneumonia,146,1
F046,2023,6,Diarrhoea,101,0
F046,2023,6,TB,15,0
F046,2023,6,HIV/AIDS,19,0
F046,2023,6,Typhoid,69,0
F046,2023,6,Anaemia,96,0
F046,2023,6,Diabetes,24,0
F046,2023,6,Hypertension,86,1
F046,2023,6,Malnutrition,55,0
F046,2023,7,Malaria,247,2
F046,2023,7,Pneumonia,111,0
F046,2023,7,Diarrhoea,130,0
F046,2023,7,TB,19,0
F046,2023,7,HIV/AIDS,36,0
F046,2023,7,Typhoid,56,0
F046,2023,7,Anaemia,70,0
F046,2023,7,Diabetes,26,0
F046,2023,7,Hypertension,41,0
F046,2023,7,Malnutrition,39,0
F046,2023,8,Malaria,176,2
F046,2023,8,Pneumonia,118,1
F046,2023,8,Diarrhoea,135,1
F046,2023,8,TB,22,0
F046,2023,8,HIV/AIDS,27,0
F046,2023,8,Typhoid,52,0
F046,2023,8,Anaemia,73,1
F046,2023,8,Diabetes,31,0
F046,2023,8,Hypertension,63,0
F046,2023,8,Malnutrition,54,0
F046,2023,9,Malaria,170,0
F046,2023,9,Pneumonia,144,2
F046,2023,9,Diarrhoea,102,1
F046,2023,9,TB,25,0
F046,2023,9,HIV/AIDS,25,0
F046,2023,9,Typhoid,32,0
F046,2023,9,Anaemia,77,0
F046,2023,9,Diabetes,34,0
F046,2023,9,Hypertension,41,0
F046,2023,9,Malnutrition,34,0
F046,2023,10,Malaria,172,1
F046,2023,10,Pneumonia,74,0
F046,2023,10,Diarrhoea,183,1
F046,2023,10,TB,22,0
F046,2023,10,HIV/AIDS,21,0
F046,2023,10,Typhoid,61,0
F046,2023,10,Anaemia,96,0
F046,2023,10,Diabetes,31,0
F046,2023,10,Hypertension,58,0
F046,2023,10,Malnutrition,52,0
F046,2023,11,Malaria,284,4
F046,2023,11,Pneumonia,134,0
F046,2023,11,Diarrhoea,134,1
F046,2023,11,TB,18,0
F046,2023,11,HIV/AIDS,37,0
F046,2023,11,Typhoid,33,0
F046,2023,11,Anaemia,69,0
F046,2023,11,Diabetes,28,0
F046,2023,11,Hypertension,79,1
F046,2023,11,Malnutrition,33,0
F046,2023,12,Malaria,242,2
F046,2023,12,Pneumonia,107,0
F046,2023,12,Diarrhoea,159,0
F046,2023,12,TB,15,0
F046,2023,12,HIV/AIDS,23,0
F046,2023,12,Typhoid,35,0
F046,2023,12,Anaemia,50,0
F046,2023,12,Diabetes,37,0
F046,2023,12,Hypertension,65,0
F046,2023,12,Malnutrition,59,0
F046,2024,1,Malaria,267,3
F046,2024,1,Pneumonia,100,0
F046,2024,1,Diarrhoea,188,1
F046,2024,1,TB,23,0
F046,2024,1,HIV/AIDS,24,0
F046,2024,1,Typhoid,51,0
F046,2024,1,Anaemia,60,0
F046,2024,1,Diabetes,22,0
F046,2024,1,Hypertension,65,0
F046,2024,1,Malnutrition,39,0
F046,2024,2,Malaria,159,1
F046,2024,2,Pneumonia,125,0
F046,2024,2,Diarrhoea,153,2
F046,2024,2,TB,15,0
F046,2024,2,HIV/AIDS,22,0
F046,2024,2,Typhoid,63,0
F046,2024,2,Anaemia,61,0
F046,2024,2,Diabetes,47,0
F046,2024,2,Hypertension,80,1
F046,2024,2,Malnutrition,43,0
F046,2024,3,Malaria,156,0
F046,2024,3,Pneumonia,122,1
F046,2024,3,Diarrhoea,105,1
F046,2024,3,TB,18,0
F046,2024,3,HIV/AIDS,18,0
F046,2024,3,Typhoid,69,0
F046,2024,3,Anaemia,52,0
F046,2024,3,Diabetes,46,0
F046,2024,3,Hypertension,64,0
F046,2024,3,Malnutrition,31,0
F046,2024,4,Malaria,280,2
F046,2024,4,Pneumonia,98,0
F046,2024,4,Diarrhoea,148,1
F046,2024,4,TB,15,0
F046,2024,4,HIV/AIDS,27,0
F046,2024,4,Typhoid,74,0
F046,2024,4,Anaemia,51,0
F046,2024,4,Diabetes,47,0
F046,2024,4,Hypertension,49,0
F046,2024,4,Malnutrition,61,0
F046,2024,5,Malaria,130,0
F046,2024,5,Pneumonia,111,1
F046,2024,5,Diarrhoea,117,1
F046,2024,5,TB,22,0
F046,2024,5,HIV/AIDS,37,0
F046,2024,5,Typhoid,48,0
F046,2024,5,Anaemia,94,0
F046,2024,5,Diabetes,49,0
F046,2024,5,Hypertension,78,0
F046,2024,5,Malnutrition,44,0
F046,2024,6,Malaria,135,0
F046,2024,6,Pneumonia,83,0
F046,2024,6,Diarrhoea,167,1
F046,2024,6,TB,11,0
F046,2024,6,HIV/AIDS,26,0
F046,2024,6,Typhoid,61,0
F046,2024,6,Anaemia,74,0
F046,2024,6,Diabetes,44,0
F046,2024,6,Hypertension,38,0
F046,2024,6,Malnutrition,55,0
F046,2024,7,Malaria,255,0
F046,2024,7,Pneumonia,94,0
F046,2024,7,Diarrhoea,133,1
F046,2024,7,TB,22,0
F046,2024,7,HIV/AIDS,37,0
F046,2024,7,Typhoid,70,1
F046,2024,7,Anaemia,80,0
F046,2024,7,Diabetes,24,0
F046,2024,7,Hypertension,65,0
F046,2024,7,Malnutrition,29,0
F046,2024,8,Malaria,202,2
F046,2024,8,Pneumonia,89,1
F046,2024,8,Diarrhoea,139,1
F046,2024,8,TB,22,0
F046,2024,8,HIV/AIDS,23,0
F046,2024,8,Typhoid,45,0
F046,2024,8,Anaemia,72,1
F046,2024,8,Diabetes,29,0
F046,2024,8,Hypertension,62,0
F046,2024,8,Malnutrition,33,0
F046,2024,9,Malaria,276,4
F046,2024,9,Pneumonia,78,0
F046,2024,9,Diarrhoea,124,1
F046,2024,9,TB,24,0
F046,2024,9,HIV/AIDS,16,0
F046,2024,9,Typhoid,70,0
F046,2024,9,Anaemia,78,1
F046,2024,9,Diabetes,38,0
F046,2024,9,Hypertension,80,1
F046,2024,9,Malnutrition,42,0
F046,2024,10,Malaria,200,1
F046,2024,10,Pneumonia,116,0
F046,2024,10,Diarrhoea,96,1
F046,2024,10,TB,11,0
F046,2024,10,HIV/AIDS,21,0
F046,2024,10,Typhoid,62,0
F046,2024,10,Anaemia,97,0
F046,2024,10,Diabetes,46,0
F046,2024,10,Hypertension,65,0
F046,2024,10,Malnutrition,42,0
F046,2024,11,Malaria,184,2
F046,2024,11,Pneumonia,131,0
F046,2024,11,Diarrhoea,148,0
F046,2024,11,TB,12,0
F046,2024,11,HIV/AIDS,20,0
F046,2024,11,Typhoid,67,0
F046,2024,11,Anaemia,69,0
F046,2024,11,Diabetes,40,0
F046,2024,11,Hypertension,63,0
F046,2024,11,Malnutrition,62,0
F046,2024,12,Malaria,192,1
F046,2024,12,Pneumonia,118,0
F046,2024,12,Diarrhoea,191,1
F046,2024,12,TB,15,0
F046,2024,12,HIV/AIDS,23,0
F046,2024,12,Typhoid,57,0
F046,2024,12,Anaemia,44,0
F046,2024,12,Diabetes,47,0
F046,2024,12,Hypertension,69,0
F046,2024,12,Malnutrition,52,0
F047,2023,1,Malaria,24,0
F047,2023,1,Pneumonia,23,0
F047,2023,1,Diarrhoea,19,0
F047,2023,1,TB,2,0
F047,2023,1,HIV/AIDS,3,0
F047,2023,1,Typhoid,10,0
F047,2023,1,Anaemia,10,0
F047,2023,1,Diabetes,3,0
F047,2023,1,Hypertension,11,0
F047,2023,1,Malnutrition,10,0
F047,2023,2,Malaria,43,0
F047,2023,2,Pneumonia,15,0
F047,2023,2,Diarrhoea,26,0
F047,2023,2,TB,2,0
F047,2023,2,HIV/AIDS,4,0
F047,2023,2,Typhoid,7,0
F047,2023,2,Anaemia,14,0
F047,2023,2,Diabetes,7,0
F047,2023,2,Hypertension,11,0
F047,2023,2,Malnutrition,9,0
F047,2023,3,Malaria,22,0
F047,2023,3,Pneumonia,18,0
F047,2023,3,Diarrhoea,15,0
F047,2023,3,TB,2,0
F047,2023,3,HIV/AIDS,3,0
F047,2023,3,Typhoid,11,0
F047,2023,3,Anaemia,9,0
F047,2023,3,Diabetes,3,0
F047,2023,3,Hypertension,11,0
F047,2023,3,Malnutrition,7,0
F047,2023,4,Malaria,45,0
F047,2023,4,Pneumonia,19,0
F047,2023,4,Diarrhoea,29,0
F047,2023,4,TB,3,0
F047,2023,4,HIV/AIDS,5,0
F047,2023,4,Typhoid,7,0
F047,2023,4,Anaemia,12,0
F047,2023,4,Diabetes,3,0
F047,2023,4,Hypertension,10,0
F047,2023,4,Malnutrition,5,0
F047,2023,5,Malaria,40,0
F047,2023,5,Pneumonia,15,0
F047,2023,5,Diarrhoea,16,0
F047,2023,5,TB,2,0
F047,2023,5,HIV/AIDS,3,0
F047,2023,5,Typhoid,10,0
F047,2023,5,Anaemia,9,0
F047,2023,5,Diabetes,7,0
F047,2023,5,Hypertension,7,0
F047,2023,5,Malnutrition,8,0
F047,2023,6,Malaria,26,0
F047,2023,6,Pneumonia,18,0
F047,2023,6,Diarrhoea,23,0
F047,2023,6,TB,2,0
F047,2023,6,HIV/AIDS,3,0
F047,2023,6,Typhoid,9,0
F047,2023,6,Anaemia,13,0
F047,2023,6,Diabetes,8,0
F047,2023,6,Hypertension,8,0
F047,2023,6,Malnutrition,7,0
F047,2023,7,Malaria,36,0
F047,2023,7,Pneumonia,18,0
F047,2023,7,Diarrhoea,28,0
F047,2023,7,TB,3,0
F047,2023,7,HIV/AIDS,3,0
F047,2023,7,Typhoid,11,0
F047,2023,7,Anaemia,12,0
F047,2023,7,Diabetes,6,0
F047,2023,7,Hypertension,8,0
F047,2023,7,Malnutrition,10,0
F047,2023,8,Malaria,41,0
F047,2023,8,Pneumonia,24,0
F047,2023,8,Diarrhoea,22,0
F047,2023,8,TB,2,0
F047,2023,8,HIV/AIDS,3,0
F047,2023,8,Typhoid,11,0
F047,2023,8,Anaemia,15,0
F047,2023,8,Diabetes,7,0
F047,2023,8,Hypertension,10,0
F047,2023,8,Malnutrition,8,0
F047,2023,9,Malaria,44,0
F047,2023,9,Pneumonia,11,0
F047,2023,9,Diarrhoea,14,0
F047,2023,9,TB,2,0
F047,2023,9,HIV/AIDS,5,0
F047,2023,9,Typhoid,7,0
F047,2023,9,Anaemia,12,0
F047,2023,9,Diabetes,8,0
F047,2023,9,Hypertension,13,0
F047,2023,9,Malnutrition,6,0
F047,2023,10,Malaria,42,0
F047,2023,10,Pneumonia,21,0
F047,2023,10,Diarrhoea,27,0
F047,2023,10,TB,2,0
F047,2023,10,HIV/AIDS,4,0
F047,2023,10,Typhoid,6,0
F047,2023,10,Anaemia,9,0
F047,2023,10,Diabetes,6,0
F047,2023,10,Hypertension,7,0
F047,2023,10,Malnutrition,8,0
F047,2023,11,Malaria,23,0
F047,2023,11,Pneumonia,20,0
F047,2023,11,Diarrhoea,30,0
F047,2023,11,TB,2,0
F047,2023,11,HIV/AIDS,4,0
F047,2023,11,Typhoid,6,0
F047,2023,11,Anaemia,15,0
F047,2023,11,Diabetes,5,0
F047,2023,11,Hypertension,9,0
F047,2023,11,Malnutrition,9,0
F047,2023,12,Malaria,41,0
F047,2023,12,Pneumonia,21,0
F047,2023,12,Diarrhoea,19,0
F047,2023,12,TB,1,0
F047,2023,12,HIV/AIDS,5,0
F047,2023,12,Typhoid,11,0
F047,2023,12,Anaemia,12,0
F047,2023,12,Diabetes,3,0
F047,2023,12,Hypertension,10,0
F047,2023,12,Malnutrition,5,0
F047,2024,1,Malaria,45,0
F047,2024,1,Pneumonia,16,0
F047,2024,1,Diarrhoea,29,0
F047,2024,1,TB,3,0
F047,2024,1,HIV/AIDS,4,0
F047,2024,1,Typhoid,11,0
F047,2024,1,Anaemia,11,0
F047,2024,1,Diabetes,3,0
F047,2024,1,Hypertension,7,0
F047,2024,1,Malnutrition,9,0
F047,2024,2,Malaria,45,0
F047,2024,2,Pneumonia,16,0
F047,2024,2,Diarrhoea,28,0
F047,2024,2,TB,4,0
F047,2024,2,HIV/AIDS,4,0
F047,2024,2,Typhoid,9,0
F047,2024,2,Anaemia,7,0
F047,2024,2,Diabetes,5,0
F047,2024,2,Hypertension,12,0
F047,2024,2,Malnutrition,7,0
F047,2024,3,Malaria,27,0
F047,2024,3,Pneumonia,13,0
F047,2024,3,Diarrhoea,30,0
F047,2024,3,TB,4,0
F047,2024,3,HIV/AIDS,2,0
F047,2024,3,Typhoid,8,0
F047,2024,3,Anaemia,12,0
F047,2024,3,Diabetes,7,0
F047,2024,3,Hypertension,9,0
F047,2024,3,Malnutrition,8,0
F047,2024,4,Malaria,28,0
F047,2024,4,Pneumonia,12,0
F047,2024,4,Diarrhoea,16,0
F047,2024,4,TB,3,0
F047,2024,4,HIV/AIDS,4,0
F047,2024,4,Typhoid,7,0
F047,2024,4,Anaemia,7,0
F047,2024,4,Diabetes,7,0
F047,2024,4,Hypertension,13,0
F047,2024,4,Malnutrition,5,0
F047,2024,5,Malaria,30,0
F047,2024,5,Pneumonia,16,0
F047,2024,5,Diarrhoea,22,0
F047,2024,5,TB,2,0
F047,2024,5,HIV/AIDS,2,0
F047,2024,5,Typhoid,8,0
F047,2024,5,Anaemia,13,0
F047,2024,5,Diabetes,7,0
F047,2024,5,Hypertension,9,0
F047,2024,5,Malnutrition,6,0
F047,2024,6,Malaria,47,0
F047,2024,6,Pneumonia,16,0
F047,2024,6,Diarrhoea,21,0
F047,2024,6,TB,4,0
F047,2024,6,HIV/AIDS,6,0
F047,2024,6,Typhoid,8,0
F047,2024,6,Anaemia,9,0
F047,2024,6,Diabetes,4,0
F047,2024,6,Hypertension,8,0
F047,2024,6,Malnutrition,6,0
F047,2024,7,Malaria,37,0
F047,2024,7,Pneumonia,22,0
F047,2024,7,Diarrhoea,18,0
F047,2024,7,TB,2,0
F047,2024,7,HIV/AIDS,4,0
F047,2024,7,Typhoid,6,0
F047,2024,7,Anaemia,16,0
F047,2024,7,Diabetes,5,0
F047,2024,7,Hypertension,13,0
F047,2024,7,Malnutrition,8,0
F047,2024,8,Malaria,42,0
F047,2024,8,Pneumonia,21,0
F047,2024,8,Diarrhoea,21,0
F047,2024,8,TB,3,0
F047,2024,8,HIV/AIDS,5,0
F047,2024,8,Typhoid,7,0
F047,2024,8,Anaemia,11,0
F047,2024,8,Diabetes,6,0
F047,2024,8,Hypertension,12,0
F047,2024,8,Malnutrition,5,0
F047,2024,9,Malaria,47,0
F047,2024,9,Pneumonia,12,0
F047,2024,9,Diarrhoea,29,0
F047,2024,9,TB,3,0
F047,2024,9,HIV/AIDS,6,0
F047,2024,9,Typhoid,11,0
F047,2024,9,Anaemia,12,0
F047,2024,9,Diabetes,7,0
F047,2024,9,Hypertension,10,0
F047,2024,9,Malnutrition,7,0
F047,2024,10,Malaria,48,0
F047,2024,10,Pneumonia,20,0
F047,2024,10,Diarrhoea,28,0
F047,2024,10,TB,2,0
F047,2024,10,HIV/AIDS,3,0
F047,2024,10,Typhoid,8,0
F047,2024,10,Anaemia,10,0
F047,2024,10,Diabetes,8,0
F047,2024,10,Hypertension,10,0
F047,2024,10,Malnutrition,10,0
F047,2024,11,Malaria,25,0
F047,2024,11,Pneumonia,18,0
F047,2024,11,Diarrhoea,16,0
F047,2024,11,TB,3,0
F047,2024,11,HIV/AIDS,6,0
F047,2024,11,Typhoid,10,0
F047,2024,11,Anaemia,9,0
F047,2024,11,Diabetes,6,0
F047,2024,11,Hypertension,12,0
F047,2024,11,Malnutrition,5,0
F047,2024,12,Malaria,45,0
F047,2024,12,Pneumonia,18,0
F047,2024,12,Diarrhoea,22,0
F047,2024,12,TB,3,0
F047,2024,12,HIV/AIDS,3,0
F047,2024,12,Typhoid,11,0
F047,2024,12,Anaemia,11,0
F047,2024,12,Diabetes,8,0
F047,2024,12,Hypertension,12,0
F047,2024,12,Malnutrition,8,0
F048,2023,1,Malaria,88,0
F048,2023,1,Pneumonia,57,0
F048,2023,1,Diarrhoea,52,0
F048,2023,1,TB,10,0
F048,2023,1,HIV/AIDS,12,0
F048,2023,1,Typhoid,32,0
F048,2023,1,Anaemia,35,0
F048,2023,1,Diabetes,20,0
F048,2023,1,Hypertension,23,0
F048,2023,1,Malnutrition,14,0
F048,2023,2,Malaria,120,1
F048,2023,2,Pneumonia,53,0
F048,2023,2,Diarrhoea,72,0
F048,2023,2,TB,9,0
F048,2023,2,HIV/AIDS,13,0
F048,2023,2,Typhoid,25,0
F048,2023,2,Anaemia,20,0
F048,2023,2,Diabetes,20,0
F048,2023,2,Hypertension,31,0
F048,2023,2,Malnutrition,19,0
F048,2023,3,Malaria,83,0
F048,2023,3,Pneumonia,62,0
F048,2023,3,Diarrhoea,41,0
F048,2023,3,TB,11,0
F048,2023,3,HIV/AIDS,7,0
F048,2023,3,Typhoid,29,0
F048,2023,3,Anaemia,43,0
F048,2023,3,Diabetes,15,0
F048,2023,3,Hypertension,19,0
F048,2023,3,Malnutrition,13,0
F048,2023,4,Malaria,77,0
F048,2023,4,Pneumonia,53,0
F048,2023,4,Diarrhoea,89,1
F048,2023,4,TB,6,0
F048,2023,4,HIV/AIDS,11,0
F048,2023,4,Typhoid,17,0
F048,2023,4,Anaemia,41,0
F048,2023,4,Diabetes,21,0
F048,2023,4,Hypertension,31,0
F048,2023,4,Malnutrition,25,0
F048,2023,5,Malaria,132,0
F048,2023,5,Pneumonia,47,0
F048,2023,5,Diarrhoea,63,0
F048,2023,5,TB,9,0
F048,2023,5,HIV/AIDS,11,0
F048,2023,5,Typhoid,23,0
F048,2023,5,Anaemia,22,0
F048,2023,5,Diabetes,12,0
F048,2023,5,Hypertension,18,0
F048,2023,5,Malnutrition,22,0
F048,2023,6,Malaria,121,1
F048,2023,6,Pneumonia,35,0
F048,2023,6,Diarrhoea,63,0
F048,2023,6,TB,5,0
F048,2023,6,HIV/AIDS,11,0
F048,2023,6,Typhoid,17,0
F048,2023,6,Anaemia,42,0
F048,2023,6,Diabetes,16,0
F048,2023,6,Hypertension,29,0
F048,2023,6,Malnutrition,19,0
F048,2023,7,Malaria,88,1
F048,2023,7,Pneumonia,49,0
F048,2023,7,Diarrhoea,77,0
F048,2023,7,TB,4,0
F048,2023,7,HIV/AIDS,14,0
F048,2023,7,Typhoid,28,0
F048,2023,7,Anaemia,44,0
F048,2023,7,Diabetes,19,0
F048,2023,7,Hypertension,34,0
F048,2023,7,Malnutrition,20,0
F048,2023,8,Malaria,128,1
F048,2023,8,Pneumonia,45,0
F048,2023,8,Diarrhoea,68,0
F048,2023,8,TB,7,0
F048,2023,8,HIV/AIDS,14,0
F048,2023,8,Typhoid,32,0
F048,2023,8,Anaemia,25,0
F048,2023,8,Diabetes,17,0
F048,2023,8,Hypertension,32,0
F048,2023,8,Malnutrition,16,0
F048,2023,9,Malaria,89,0
F048,2023,9,Pneumonia,52,0
F048,2023,9,Diarrhoea,82,0
F048,2023,9,TB,9,0
F048,2023,9,HIV/AIDS,10,0
F048,2023,9,Typhoid,16,0
F048,2023,9,Anaemia,28,0
F048,2023,9,Diabetes,19,0
F048,2023,9,Hypertension,28,0
F048,2023,9,Malnutrition,21,0
F048,2023,10,Malaria,101,0
F048,2023,10,Pneumonia,64,0
F048,2023,10,Diarrhoea,54,0
F048,2023,10,TB,9,0
F048,2023,10,HIV/AIDS,11,0
F048,2023,10,Typhoid,26,0
F048,2023,10,Anaemia,20,0
F048,2023,10,Diabetes,19,0
F048,2023,10,Hypertension,37,0
F048,2023,10,Malnutrition,27,0
F048,2023,11,Malaria,91,0
F048,2023,11,Pneumonia,52,0
F048,2023,11,Diarrhoea,40,0
F048,2023,11,TB,9,0
F048,2023,11,HIV/AIDS,14,0
F048,2023,11,Typhoid,21,0
F048,2023,11,Anaemia,30,0
F048,2023,11,Diabetes,17,0
F048,2023,11,Hypertension,25,0
F048,2023,11,Malnutrition,13,0
F048,2023,12,Malaria,100,0
F048,2023,12,Pneumonia,53,0
F048,2023,12,Diarrhoea,39,0
F048,2023,12,TB,7,0
F048,2023,12,HIV/AIDS,9,0
F048,2023,12,Typhoid,29,0
F048,2023,12,Anaemia,24,0
F048,2023,12,Diabetes,15,0
F048,2023,12,Hypertension,22,0
F048,2023,12,Malnutrition,27,0
F048,2024,1,Malaria,69,0
F048,2024,1,Pneumonia,48,0
F048,2024,1,Diarrhoea,84,1
F048,2024,1,TB,10,0
F048,2024,1,HIV/AIDS,8,0
F048,2024,1,Typhoid,25,0
F048,2024,1,Anaemia,25,0
F048,2024,1,Diabetes,15,0
F048,2024,1,Hypertension,32,0
F048,2024,1,Malnutrition,12,0
F048,2024,2,Malaria,81,0
F048,2024,2,Pneumonia,38,0
F048,2024,2,Diarrhoea,48,0
F048,2024,2,TB,6,0
F048,2024,2,HIV/AIDS,15,0
F048,2024,2,Typhoid,16,0
F048,2024,2,Anaemia,41,0
F048,2024,2,Diabetes,16,0
F048,2024,2,Hypertension,31,0
F048,2024,2,Malnutrition,14,0
F048,2024,3,Malaria,126,1
F048,2024,3,Pneumonia,29,0
F048,2024,3,Diarrhoea,60,0
F048,2024,3,TB,9,0
F048,2024,3,HIV/AIDS,10,0
F048,2024,3,Typhoid,27,0
F048,2024,3,Anaemia,29,0
F048,2024,3,Diabetes,16,0
F048,2024,3,Hypertension,31,0
F048,2024,3,Malnutrition,17,0
F048,2024,4,Malaria,81,0
F048,2024,4,Pneumonia,55,0
F048,2024,4,Diarrhoea,63,0
F048,2024,4,TB,9,0
F048,2024,4,HIV/AIDS,13,0
F048,2024,4,Typhoid,14,0
F048,2024,4,Anaemia,22,0
F048,2024,4,Diabetes,12,0
F048,2024,4,Hypertension,38,0
F048,2024,4,Malnutrition,20,0
F048,2024,5,Malaria,77,1
F048,2024,5,Pneumonia,49,0
F048,2024,5,Diarrhoea,70,0
F048,2024,5,TB,6,0
F048,2024,5,HIV/AIDS,15,0
F048,2024,5,Typhoid,31,0
F048,2024,5,Anaemia,41,0
F048,2024,5,Diabetes,10,0
F048,2024,5,Hypertension,22,0
F048,2024,5,Malnutrition,20,0
F048,2024,6,Malaria,120,0
F048,2024,6,Pneumonia,42,0
F048,2024,6,Diarrhoea,42,0
F048,2024,6,TB,4,0
F048,2024,6,HIV/AIDS,11,0
F048,2024,6,Typhoid,31,0
F048,2024,6,Anaemia,29,0
F048,2024,6,Diabetes,10,0
F048,2024,6,Hypertension,21,0
F048,2024,6,Malnutrition,18,0
F048,2024,7,Malaria,80,0
F048,2024,7,Pneumonia,54,0
F048,2024,7,Diarrhoea,45,0
F048,2024,7,TB,9,0
F048,2024,7,HIV/AIDS,14,0
F048,2024,7,Typhoid,20,0
F048,2024,7,Anaemia,41,0
F048,2024,7,Diabetes,11,0
F048,2024,7,Hypertension,29,0
F048,2024,7,Malnutrition,26,0
F048,2024,8,Malaria,73,0
F048,2024,8,Pneumonia,44,0
F048,2024,8,Diarrhoea,51,0
F048,2024,8,TB,8,0
F048,2024,8,HIV/AIDS,12,0
F048,2024,8,Typhoid,29,0
F048,2024,8,Anaemia,28,0
F048,2024,8,Diabetes,17,0
F048,2024,8,Hypertension,27,0
F048,2024,8,Malnutrition,15,0
F048,2024,9,Malaria,114,0
F048,2024,9,Pneumonia,54,0
F048,2024,9,Diarrhoea,86,1
F048,2024,9,TB,7,0
F048,2024,9,HIV/AIDS,13,0
F048,2024,9,Typhoid,21,0
F048,2024,9,Anaemia,39,0
F048,2024,9,Diabetes,18,0
F048,2024,9,Hypertension,38,0
F048,2024,9,Malnutrition,26,0
F048,2024,10,Malaria,100,0
F048,2024,10,Pneumonia,31,0
F048,2024,10,Diarrhoea,38,0
F048,2024,10,TB,5,0
F048,2024,10,HIV/AIDS,10,0
F048,2024,10,Typhoid,22,0
F048,2024,10,Anaemia,19,0
F048,2024,10,Diabetes,22,0
F048,2024,10,Hypertension,26,0
F048,2024,10,Malnutrition,24,0
F048,2024,11,Malaria,100,0
F048,2024,11,Pneumonia,55,0
F048,2024,11,Diarrhoea,64,0
F048,2024,11,TB,8,0
F048,2024,11,HIV/AIDS,11,0
F048,2024,11,Typhoid,15,0
F048,2024,11,Anaemia,36,0
F048,2024,11,Diabetes,15,0
F048,2024,11,Hypertension,23,0
F048,2024,11,Malnutrition,23,0
F048,2024,12,Malaria,106,0
F048,2024,12,Pneumonia,29,0
F048,2024,12,Diarrhoea,63,0
F048,2024,12,TB,6,0
F048,2024,12,HIV/AIDS,12,0
F048,2024,12,Typhoid,31,0
F048,2024,12,Anaemia,36,0
F048,2024,12,Diabetes,16,0
F048,2024,12,Hypertension,36,0
F048,2024,12,Malnutrition,24,0
F049,2023,1,Malaria,30,0
F049,2023,1,Pneumonia,19,0
F049,2023,1,Diarrhoea,21,0
F049,2023,1,TB,4,0
F049,2023,1,HIV/AIDS,4,0
F049,2023,1,Typhoid,7,0
F049,2023,1,Anaemia,8,0
F049,2023,1,Diabetes,7,0
F049,2023,1,Hypertension,14,0
F049,2023,1,Malnutrition,9,0
F049,2023,2,Malaria,39,0
F049,2023,2,Pneumonia,15,0
F049,2023,2,Diarrhoea,15,0
F049,2023,2,TB,2,0
F049,2023,2,HIV/AIDS,2,0
F049,2023,2,Typhoid,10,0
F049,2023,2,Anaemia,10,0
F049,2023,2,Diabetes,6,0
F049,2023,2,Hypertension,8,0
F049,2023,2,Malnutrition,9,0
F049,2023,3,Malaria,28,0
F049,2023,3,Pneumonia,15,0
F049,2023,3,Diarrhoea,17,0
F049,2023,3,TB,2,0
F049,2023,3,HIV/AIDS,3,0
F049,2023,3,Typhoid,5,0
F049,2023,3,Anaemia,9,0
F049,2023,3,Diabetes,5,0
F049,2023,3,Hypertension,9,0
F049,2023,3,Malnutrition,8,0
F049,2023,4,Malaria,35,0
F049,2023,4,Pneumonia,14,0
F049,2023,4,Diarrhoea,31,0
F049,2023,4,TB,3,0
F049,2023,4,HIV/AIDS,2,0
F049,2023,4,Typhoid,11,0
F049,2023,4,Anaemia,14,0
F049,2023,4,Diabetes,7,0
F049,2023,4,Hypertension,8,0
F049,2023,4,Malnutrition,9,0
F049,2023,5,Malaria,42,0
F049,2023,5,Pneumonia,19,0
F049,2023,5,Diarrhoea,15,0
F049,2023,5,TB,2,0
F049,2023,5,HIV/AIDS,4,0
F049,2023,5,Typhoid,8,0
F049,2023,5,Anaemia,11,0
F049,2023,5,Diabetes,5,0
F049,2023,5,Hypertension,8,0
F049,2023,5,Malnutrition,8,0
F049,2023,6,Malaria,22,0
F049,2023,6,Pneumonia,22,0
F049,2023,6,Diarrhoea,29,0
F049,2023,6,TB,4,0
F049,2023,6,HIV/AIDS,2,0
F049,2023,6,Typhoid,11,0
F049,2023,6,Anaemia,8,0
F049,2023,6,Diabetes,7,0
F049,2023,6,Hypertension,9,0
F049,2023,6,Malnutrition,9,0
F049,2023,7,Malaria,39,0
F049,2023,7,Pneumonia,12,0
F049,2023,7,Diarrhoea,26,0
F049,2023,7,TB,1,0
F049,2023,7,HIV/AIDS,3,0
F049,2023,7,Typhoid,11,0
F049,2023,7,Anaemia,9,0
F049,2023,7,Diabetes,5,0
F049,2023,7,Hypertension,10,0
F049,2023,7,Malnutrition,7,0
F049,2023,8,Malaria,37,0
F049,2023,8,Pneumonia,19,0
F049,2023,8,Diarrhoea,30,0
F049,2023,8,TB,3,0
F049,2023,8,HIV/AIDS,5,0
F049,2023,8,Typhoid,12,0
F049,2023,8,Anaemia,16,0
F049,2023,8,Diabetes,8,0
F049,2023,8,Hypertension,11,0
F049,2023,8,Malnutrition,10,0
F049,2023,9,Malaria,45,0
F049,2023,9,Pneumonia,13,0
F049,2023,9,Diarrhoea,17,0
F049,2023,9,TB,3,0
F049,2023,9,HIV/AIDS,5,0
F049,2023,9,Typhoid,10,0
F049,2023,9,Anaemia,15,0
F049,2023,9,Diabetes,6,0
F049,2023,9,Hypertension,10,0
F049,2023,9,Malnutrition,7,0
F049,2023,10,Malaria,42,0
F049,2023,10,Pneumonia,10,0
F049,2023,10,Diarrhoea,15,0
F049,2023,10,TB,4,0
F049,2023,10,HIV/AIDS,4,0
F049,2023,10,Typhoid,6,0
F049,2023,10,Anaemia,9,0
F049,2023,10,Diabetes,5,0
F049,2023,10,Hypertension,9,0
F049,2023,10,Malnutrition,6,0
F049,2023,11,Malaria,26,0
F049,2023,11,Pneumonia,17,0
F049,2023,11,Diarrhoea,15,0
F049,2023,11,TB,2,0
F049,2023,11,HIV/AIDS,5,0
F049,2023,11,Typhoid,11,0
F049,2023,11,Anaemia,13,0
F049,2023,11,Diabetes,4,0
F049,2023,11,Hypertension,9,0
F049,2023,11,Malnutrition,8,0
F049,2023,12,Malaria,38,0
F049,2023,12,Pneumonia,11,0
F049,2023,12,Diarrhoea,18,0
F049,2023,12,TB,3,0
F049,2023,12,HIV/AIDS,4,0
F049,2023,12,Typhoid,9,0
F049,2023,12,Anaemia,15,0
F049,2023,12,Diabetes,3,0
F049,2023,12,Hypertension,9,0
F049,2023,12,Malnutrition,9,0
F049,2024,1,Malaria,22,0
F049,2024,1,Pneumonia,11,0
F049,2024,1,Diarrhoea,15,0
F049,2024,1,TB,3,0
F049,2024,1,HIV/AIDS,2,0
F049,2024,1,Typhoid,11,0
F049,2024,1,Anaemia,16,0
F049,2024,1,Diabetes,7,0
F049,2024,1,Hypertension,12,0
F049,2024,1,Malnutrition,9,0
F049,2024,2,Malaria,41,0
F049,2024,2,Pneumonia,17,0
F049,2024,2,Diarrhoea,15,0
F049,2024,2,TB,3,0
F049,2024,2,HIV/AIDS,4,0
F049,2024,2,Typhoid,9,0
F049,2024,2,Anaemia,15,0
F049,2024,2,Diabetes,6,0
F049,2024,2,Hypertension,9,0
F049,2024,2,Malnutrition,7,0
F049,2024,3,Malaria,25,0
F049,2024,3,Pneumonia,14,0
F049,2024,3,Diarrhoea,25,0
F049,2024,3,TB,3,0
F049,2024,3,HIV/AIDS,5,0
F049,2024,3,Typhoid,5,0
F049,2024,3,Anaemia,13,0
F049,2024,3,Diabetes,5,0
F049,2024,3,Hypertension,11,0
F049,2024,3,Malnutrition,6,0
F049,2024,4,Malaria,50,0
F049,2024,4,Pneumonia,17,0
F049,2024,4,Diarrhoea,18,0
F049,2024,4,TB,3,0
F049,2024,4,HIV/AIDS,5,0
F049,2024,4,Typhoid,11,0
F049,2024,4,Anaemia,9,0
F049,2024,4,Diabetes,8,0
F049,2024,4,Hypertension,10,0
F049,2024,4,Malnutrition,8,0
F049,2024,5,Malaria,50,0
F049,2024,5,Pneumonia,16,0
F049,2024,5,Diarrhoea,25,0
F049,2024,5,TB,4,0
F049,2024,5,HIV/AIDS,4,0
F049,2024,5,Typhoid,8,0
F049,2024,5,Anaemia,8,0
F049,2024,5,Diabetes,4,0
F049,2024,5,Hypertension,9,0
F049,2024,5,Malnutrition,5,0
F049,2024,6,Malaria,25,0
F049,2024,6,Pneumonia,16,0
F049,2024,6,Diarrhoea,32,0
F049,2024,6,TB,3,0
F049,2024,6,HIV/AIDS,2,0
F049,2024,6,Typhoid,8,0
F049,2024,6,Anaemia,14,0
F049,2024,6,Diabetes,5,0
F049,2024,6,Hypertension,13,0
F049,2024,6,Malnutrition,7,0
F049,2024,7,Malaria,24,0
F049,2024,7,Pneumonia,15,0
F049,2024,7,Diarrhoea,32,0
F049,2024,7,TB,2,0
F049,2024,7,HIV/AIDS,5,0
F049,2024,7,Typhoid,7,0
F049,2024,7,Anaemia,15,0
F049,2024,7,Diabetes,5,0
F049,2024,7,Hypertension,7,0
F049,2024,7,Malnutrition,9,0
F049,2024,8,Malaria,25,0
F049,2024,8,Pneumonia,23,0
F049,2024,8,Diarrhoea,20,0
F049,2024,8,TB,2,0
F049,2024,8,HIV/AIDS,3,0
F049,2024,8,Typhoid,5,0
F049,2024,8,Anaemia,15,0
F049,2024,8,Diabetes,6,0
F049,2024,8,Hypertension,7,0
F049,2024,8,Malnutrition,5,0
F049,2024,9,Malaria,47,0
F049,2024,9,Pneumonia,19,0
F049,2024,9,Diarrhoea,31,0
F049,2024,9,TB,2,0
F049,2024,9,HIV/AIDS,5,0
F049,2024,9,Typhoid,5,0
F049,2024,9,Anaemia,14,0
F049,2024,9,Diabetes,7,0
F049,2024,9,Hypertension,8,0
F049,2024,9,Malnutrition,9,0
F049,2024,10,Malaria,39,0
F049,2024,10,Pneumonia,17,0
F049,2024,10,Diarrhoea,17,0
F049,2024,10,TB,1,0
F049,2024,10,HIV/AIDS,6,0
F049,2024,10,Typhoid,9,0
F049,2024,10,Anaemia,9,0
F049,2024,10,Diabetes,6,0
F049,2024,10,Hypertension,12,0
F049,2024,10,Malnutrition,5,0
F049,2024,11,Malaria,22,0
F049,2024,11,Pneumonia,16,0
F049,2024,11,Diarrhoea,17,0
F049,2024,11,TB,4,0
F049,2024,11,HIV/AIDS,4,0
F049,2024,11,Typhoid,11,0
F049,2024,11,Anaemia,10,0
F049,2024,11,Diabetes,8,0
F049,2024,11,Hypertension,13,0
F049,2024,11,Malnutrition,7,0
F049,2024,12,Malaria,30,0
F049,2024,12,Pneumonia,18,0
F049,2024,12,Diarrhoea,28,0
F049,2024,12,TB,3,0
F049,2024,12,HIV/AIDS,3,0
F049,2024,12,Typhoid,10,0
F049,2024,12,Anaemia,8,0
F049,2024,12,Diabetes,8,0
F049,2024,12,Hypertension,12,0
F049,2024,12,Malnutrition,6,0
F050,2023,1,Malaria,173,1
F050,2023,1,Pneumonia,112,0
F050,2023,1,Diarrhoea,145,1
F050,2023,1,TB,10,0
F050,2023,1,HIV/AIDS,24,0
F050,2023,1,Typhoid,71,0
F050,2023,1,Anaemia,73,0
F050,2023,1,Diabetes,49,0
F050,2023,1,Hypertension,73,0
F050,2023,1,Malnutrition,43,0
F050,2023,2,Malaria,151,1
F050,2023,2,Pneumonia,91,0
F050,2023,2,Diarrhoea,183,0
F050,2023,2,TB,23,0
F050,2023,2,HIV/AIDS,29,0
F050,2023,2,Typhoid,65,0
F050,2023,2,Anaemia,66,0
F050,2023,2,Diabetes,40,0
F050,2023,2,Hypertension,52,0
F050,2023,2,Malnutrition,29,0
F050,2023,3,Malaria,175,0
F050,2023,3,Pneumonia,135,0
F050,2023,3,Diarrhoea,131,0
F050,2023,3,TB,14,0
F050,2023,3,HIV/AIDS,33,0
F050,2023,3,Typhoid,72,0
F050,2023,3,Anaemia,69,0
F050,2023,3,Diabetes,27,0
F050,2023,3,Hypertension,77,0
F050,2023,3,Malnutrition,30,0
F050,2023,4,Malaria,276,1
F050,2023,4,Pneumonia,135,1
F050,2023,4,Diarrhoea,176,2
F050,2023,4,TB,13,0
F050,2023,4,HIV/AIDS,29,0
F050,2023,4,Typhoid,33,0
F050,2023,4,Anaemia,55,0
F050,2023,4,Diabetes,28,0
F050,2023,4,Hypertension,68,0
F050,2023,4,Malnutrition,52,0
F050,2023,5,Malaria,270,2
F050,2023,5,Pneumonia,118,1
F050,2023,5,Diarrhoea,146,0
F050,2023,5,TB,24,0
F050,2023,5,HIV/AIDS,17,0
F050,2023,5,Typhoid,72,0
F050,2023,5,Anaemia,49,0
F050,2023,5,Diabetes,26,0
F050,2023,5,Hypertension,48,0
F050,2023,5,Malnutrition,60,0
F050,2023,6,Malaria,214,1
F050,2023,6,Pneumonia,139,1
F050,2023,6,Diarrhoea,110,0
F050,2023,6,TB,13,0
F050,2023,6,HIV/AIDS,29,0
F050,2023,6,Typhoid,34,0
F050,2023,6,Anaemia,43,0
F050,2023,6,Diabetes,41,0
F050,2023,6,Hypertension,74,0
F050,2023,6,Malnutrition,58,0
F050,2023,7,Malaria,267,2
F050,2023,7,Pneumonia,91,0
F050,2023,7,Diarrhoea,185,0
F050,2023,7,TB,17,0
F050,2023,7,HIV/AIDS,24,0
F050,2023,7,Typhoid,74,0
F050,2023,7,Anaemia,43,0
F050,2023,7,Diabetes,34,0
F050,2023,7,Hypertension,44,0
F050,2023,7,Malnutrition,46,0
F050,2023,8,Malaria,279,0
F050,2023,8,Pneumonia,124,1
F050,2023,8,Diarrhoea,100,1
F050,2023,8,TB,13,0
F050,2023,8,HIV/AIDS,25,0
F050,2023,8,Typhoid,39,0
F050,2023,8,Anaemia,58,0
F050,2023,8,Diabetes,33,0
F050,2023,8,Hypertension,48,0
F050,2023,8,Malnutrition,57,0
F050,2023,9,Malaria,254,1
F050,2023,9,Pneumonia,115,1
F050,2023,9,Diarrhoea,152,1
F050,2023,9,TB,11,0
F050,2023,9,HIV/AIDS,30,0
F050,2023,9,Typhoid,70,0
F050,2023,9,Anaemia,100,0
F050,2023,9,Diabetes,27,0
F050,2023,9,Hypertension,51,0
F050,2023,9,Malnutrition,45,0
F050,2023,10,Malaria,229,3
F050,2023,10,Pneumonia,72,1
F050,2023,10,Diarrhoea,162,2
F050,2023,10,TB,22,0
F050,2023,10,HIV/AIDS,19,0
F050,2023,10,Typhoid,37,0
F050,2023,10,Anaemia,86,0
F050,2023,10,Diabetes,41,0
F050,2023,10,Hypertension,73,0
F050,2023,10,Malnutrition,52,0
F050,2023,11,Malaria,265,1
F050,2023,11,Pneumonia,146,0
F050,2023,11,Diarrhoea,165,1
F050,2023,11,TB,19,0
F050,2023,11,HIV/AIDS,32,0
F050,2023,11,Typhoid,67,0
F050,2023,11,Anaemia,76,0
F050,2023,11,Diabetes,23,0
F050,2023,11,Hypertension,66,0
F050,2023,11,Malnutrition,30,0
F050,2023,12,Malaria,200,2
F050,2023,12,Pneumonia,98,0
F050,2023,12,Diarrhoea,106,0
F050,2023,12,TB,16,0
F050,2023,12,HIV/AIDS,26,0
F050,2023,12,Typhoid,47,0
F050,2023,12,Anaemia,47,0
F050,2023,12,Diabetes,30,0
F050,2023,12,Hypertension,88,0
F050,2023,12,Malnutrition,39,0
F050,2024,1,Malaria,301,0
F050,2024,1,Pneumonia,112,0
F050,2024,1,Diarrhoea,120,0
F050,2024,1,TB,17,0
F050,2024,1,HIV/AIDS,20,0
F050,2024,1,Typhoid,61,0
F050,2024,1,Anaemia,66,0
F050,2024,1,Diabetes,22,0
F050,2024,1,Hypertension,41,0
F050,2024,1,Malnutrition,39,0
F050,2024,2,Malaria,129,0
F050,2024,2,Pneumonia,129,0
F050,2024,2,Diarrhoea,115,1
F050,2024,2,TB,21,0
F050,2024,2,HIV/AIDS,28,0
F050,2024,2,Typhoid,32,0
F050,2024,2,Anaemia,97,0
F050,2024,2,Diabetes,48,0
F050,2024,2,Hypertension,83,0
F050,2024,2,Malnutrition,43,0
F050,2024,3,Malaria,183,1
F050,2024,3,Pneumonia,133,1
F050,2024,3,Diarrhoea,196,1
F050,2024,3,TB,23,0
F050,2024,3,HIV/AIDS,30,0
F050,2024,3,Typhoid,52,0
F050,2024,3,Anaemia,65,0
F050,2024,3,Diabetes,32,0
F050,2024,3,Hypertension,39,0
F050,2024,3,Malnutrition,31,0
F050,2024,4,Malaria,261,1
F050,2024,4,Pneumonia,102,0
F050,2024,4,Diarrhoea,106,0
F050,2024,4,TB,22,0
F050,2024,4,HIV/AIDS,25,0
F050,2024,4,Typhoid,43,0
F050,2024,4,Anaemia,99,0
F050,2024,4,Diabetes,45,0
F050,2024,4,Hypertension,56,0
F050,2024,4,Malnutrition,49,0
F050,2024,5,Malaria,281,2
F050,2024,5,Pneumonia,75,0
F050,2024,5,Diarrhoea,121,1
F050,2024,5,TB,22,0
F050,2024,5,HIV/AIDS,26,0
F050,2024,5,Typhoid,40,0
F050,2024,5,Anaemia,67,0
F050,2024,5,Diabetes,38,0
F050,2024,5,Hypertension,58,0
F050,2024,5,Malnutrition,46,0
F050,2024,6,Malaria,224,2
F050,2024,6,Pneumonia,67,0
F050,2024,6,Diarrhoea,125,1
F050,2024,6,TB,13,0
F050,2024,6,HIV/AIDS,24,0
F050,2024,6,Typhoid,69,0
F050,2024,6,Anaemia,91,0
F050,2024,6,Diabetes,27,0
F050,2024,6,Hypertension,47,0
F050,2024,6,Malnutrition,36,0
F050,2024,7,Malaria,138,0
F050,2024,7,Pneumonia,77,0
F050,2024,7,Diarrhoea,143,0
F050,2024,7,TB,22,0
F050,2024,7,HIV/AIDS,29,0
F050,2024,7,Typhoid,66,0
F050,2024,7,Anaemia,73,0
F050,2024,7,Diabetes,32,0
F050,2024,7,Hypertension,79,0
F050,2024,7,Malnutrition,62,0
F050,2024,8,Malaria,189,2
F050,2024,8,Pneumonia,134,0
F050,2024,8,Diarrhoea,184,2
F050,2024,8,TB,23,0
F050,2024,8,HIV/AIDS,31,0
F050,2024,8,Typhoid,33,0
F050,2024,8,Anaemia,68,0
F050,2024,8,Diabetes,40,0
F050,2024,8,Hypertension,51,0
F050,2024,8,Malnutrition,45,0
F050,2024,9,Malaria,281,2
F050,2024,9,Pneumonia,87,1
F050,2024,9,Diarrhoea,113,1
F050,2024,9,TB,15,0
F050,2024,9,HIV/AIDS,36,0
F050,2024,9,Typhoid,53,0
F050,2024,9,Anaemia,56,0
F050,2024,9,Diabetes,42,0
F050,2024,9,Hypertension,58,0
F050,2024,9,Malnutrition,52,0
F050,2024,10,Malaria,199,1
F050,2024,10,Pneumonia,149,1
F050,2024,10,Diarrhoea,166,0
F050,2024,10,TB,22,0
F050,2024,10,HIV/AIDS,26,0
F050,2024,10,Typhoid,67,0
F050,2024,10,Anaemia,63,0
F050,2024,10,Diabetes,32,0
F050,2024,10,Hypertension,87,0
F050,2024,10,Malnutrition,28,0
F050,2024,11,Malaria,268,3
F050,2024,11,Pneumonia,100,0
F050,2024,11,Diarrhoea,186,1
F050,2024,11,TB,19,0
F050,2024,11,HIV/AIDS,35,0
F050,2024,11,Typhoid,52,0
F050,2024,11,Anaemia,58,0
F050,2024,11,Diabetes,44,0
F050,2024,11,Hypertension,81,0
F050,2024,11,Malnutrition,35,0
F050,2024,12,Malaria,294,4
F050,2024,12,Pneumonia,81,0
F050,2024,12,Diarrhoea,157,0
F050,2024,12,TB,15,0
F050,2024,12,HIV/AIDS,17,0
F050,2024,12,Typhoid,57,0
F050,2024,12,Anaemia,47,0
F050,2024,12,Diabetes,22,0
F050,2024,12,Hypertension,59,0
F050,2024,12,Malnutrition,46,0
F051,2023,1,Malaria,103,0
F051,2023,1,Pneumonia,40,0
F051,2023,1,Diarrhoea,68,0
F051,2023,1,TB,8,0
F051,2023,1,HIV/AIDS,12,0
F051,2023,1,Typhoid,30,0
F051,2023,1,Anaemia,21,0
F051,2023,1,Diabetes,20,0
F051,2023,1,Hypertension,31,0
F051,2023,1,Malnutrition,27,0
F051,2023,2,Malaria,73,0
F051,2023,2,Pneumonia,65,0
F051,2023,2,Diarrhoea,72,0
F051,2023,2,TB,9,0
F051,2023,2,HIV/AIDS,8,0
F051,2023,2,Typhoid,28,0
F051,2023,2,Anaemia,31,0
F051,2023,2,Diabetes,15,0
F051,2023,2,Hypertension,31,0
F051,2023,2,Malnutrition,20,0
F051,2023,3,Malaria,129,1
F051,2023,3,Pneumonia,37,0
F051,2023,3,Diarrhoea,85,1
F051,2023,3,TB,8,0
F051,2023,3,HIV/AIDS,11,0
F051,2023,3,Typhoid,25,0
F051,2023,3,Anaemia,43,0
F051,2023,3,Diabetes,10,0
F051,2023,3,Hypertension,21,0
F051,2023,3,Malnutrition,19,0
F051,2023,4,Malaria,91,0
F051,2023,4,Pneumonia,55,0
F051,2023,4,Diarrhoea,38,0
F051,2023,4,TB,9,0
F051,2023,4,HIV/AIDS,14,0
F051,2023,4,Typhoid,21,0
F051,2023,4,Anaemia,40,0
F051,2023,4,Diabetes,15,0
F051,2023,4,Hypertension,28,0
F051,2023,4,Malnutrition,22,0
F051,2023,5,Malaria,98,0
F051,2023,5,Pneumonia,66,0
F051,2023,5,Diarrhoea,50,0
F051,2023,5,TB,9,0
F051,2023,5,HIV/AIDS,11,0
F051,2023,5,Typhoid,27,0
F051,2023,5,Anaemia,19,0
F051,2023,5,Diabetes,12,0
F051,2023,5,Hypertension,20,0
F051,2023,5,Malnutrition,12,0
F051,2023,6,Malaria,92,1
F051,2023,6,Pneumonia,48,0
F051,2023,6,Diarrhoea,78,0
F051,2023,6,TB,6,0
F051,2023,6,HIV/AIDS,7,0
F051,2023,6,Typhoid,24,0
F051,2023,6,Anaemia,32,0
F051,2023,6,Diabetes,12,0
F051,2023,6,Hypertension,17,0
F051,2023,6,Malnutrition,21,0
F051,2023,7,Malaria,114,0
F051,2023,7,Pneumonia,36,0
F051,2023,7,Diarrhoea,70,0
F051,2023,7,TB,10,0
F051,2023,7,HIV/AIDS,15,0
F051,2023,7,Typhoid,17,0
F051,2023,7,Anaemia,39,0
F051,2023,7,Diabetes,14,0
F051,2023,7,Hypertension,37,0
F051,2023,7,Malnutrition,14,0
F051,2023,8,Malaria,108,0
F051,2023,8,Pneumonia,36,0
F051,2023,8,Diarrhoea,69,0
F051,2023,8,TB,10,0
F051,2023,8,HIV/AIDS,16,0
F051,2023,8,Typhoid,33,0
F051,2023,8,Anaemia,19,0
F051,2023,8,Diabetes,17,0
F051,2023,8,Hypertension,22,0
F051,2023,8,Malnutrition,12,0
F051,2023,9,Malaria,93,1
F051,2023,9,Pneumonia,29,0
F051,2023,9,Diarrhoea,88,0
F051,2023,9,TB,6,0
F051,2023,9,HIV/AIDS,16,0
F051,2023,9,Typhoid,20,0
F051,2023,9,Anaemia,36,0
F051,2023,9,Diabetes,18,0
F051,2023,9,Hypertension,32,0
F051,2023,9,Malnutrition,20,0
F051,2023,10,Malaria,61,0
F051,2023,10,Pneumonia,33,0
F051,2023,10,Diarrhoea,67,0
F051,2023,10,TB,5,0
F051,2023,10,HIV/AIDS,10,0
F051,2023,10,Typhoid,23,0
F051,2023,10,Anaemia,28,0
F051,2023,10,Diabetes,15,0
F051,2023,10,Hypertension,21,0
F051,2023,10,Malnutrition,27,0
F051,2023,11,Malaria,121,0
F051,2023,11,Pneumonia,54,0
F051,2023,11,Diarrhoea,80,0
F051,2023,11,TB,5,0
F051,2023,11,HIV/AIDS,8,0
F051,2023,11,Typhoid,29,0
F051,2023,11,Anaemia,30,0
F051,2023,11,Diabetes,11,0
F051,2023,11,Hypertension,38,0
F051,2023,11,Malnutrition,14,0
F051,2023,12,Malaria,107,1
F051,2023,12,Pneumonia,58,0
F051,2023,12,Diarrhoea,72,0
F051,2023,12,TB,10,0
F051,2023,12,HIV/AIDS,9,0
F051,2023,12,Typhoid,16,0
F051,2023,12,Anaemia,37,0
F051,2023,12,Diabetes,13,0
F051,2023,12,Hypertension,33,0
F051,2023,12,Malnutrition,13,0
F051,2024,1,Malaria,58,0
F051,2024,1,Pneumonia,40,0
F051,2024,1,Diarrhoea,68,0
F051,2024,1,TB,9,0
F051,2024,1,HIV/AIDS,7,0
F051,2024,1,Typhoid,26,0
F051,2024,1,Anaemia,37,0
F051,2024,1,Diabetes,21,0
F051,2024,1,Hypertension,37,0
F051,2024,1,Malnutrition,26,0
F051,2024,2,Malaria,84,0
F051,2024,2,Pneumonia,58,0
F051,2024,2,Diarrhoea,82,0
F051,2024,2,TB,5,0
F051,2024,2,HIV/AIDS,14,0
F051,2024,2,Typhoid,17,0
F051,2024,2,Anaemia,27,0
F051,2024,2,Diabetes,20,0
F051,2024,2,Hypertension,37,0
F051,2024,2,Malnutrition,21,0
F051,2024,3,Malaria,79,0
F051,2024,3,Pneumonia,33,0
F051,2024,3,Diarrhoea,45,0
F051,2024,3,TB,8,0
F051,2024,3,HIV/AIDS,11,0
F051,2024,3,Typhoid,15,0
F051,2024,3,Anaemia,37,0
F051,2024,3,Diabetes,21,0
F051,2024,3,Hypertension,23,0
F051,2024,3,Malnutrition,21,0
F051,2024,4,Malaria,93,0
F051,2024,4,Pneumonia,56,0
F051,2024,4,Diarrhoea,60,0
F051,2024,4,TB,9,0
F051,2024,4,HIV/AIDS,11,0
F051,2024,4,Typhoid,16,0
F051,2024,4,Anaemia,34,0
F051,2024,4,Diabetes,9,0
F051,2024,4,Hypertension,26,0
F051,2024,4,Malnutrition,21,0
F051,2024,5,Malaria,86,0
F051,2024,5,Pneumonia,34,0
F051,2024,5,Diarrhoea,46,0
F051,2024,5,TB,7,0
F051,2024,5,HIV/AIDS,14,0
F051,2024,5,Typhoid,30,0
F051,2024,5,Anaemia,36,0
F051,2024,5,Diabetes,10,0
F051,2024,5,Hypertension,31,0
F051,2024,5,Malnutrition,17,0
F051,2024,6,Malaria,83,0
F051,2024,6,Pneumonia,39,0
F051,2024,6,Diarrhoea,87,1
F051,2024,6,TB,7,0
F051,2024,6,HIV/AIDS,8,0
F051,2024,6,Typhoid,33,0
F051,2024,6,Anaemia,36,0
F051,2024,6,Diabetes,19,0
F051,2024,6,Hypertension,27,0
F051,2024,6,Malnutrition,24,0
F051,2024,7,Malaria,61,0
F051,2024,7,Pneumonia,52,0
F051,2024,7,Diarrhoea,53,0
F051,2024,7,TB,8,0
F051,2024,7,HIV/AIDS,11,0
F051,2024,7,Typhoid,20,0
F051,2024,7,Anaemia,21,0
F051,2024,7,Diabetes,18,0
F051,2024,7,Hypertension,33,0
F051,2024,7,Malnutrition,23,0
F051,2024,8,Malaria,75,0
F051,2024,8,Pneumonia,43,0
F051,2024,8,Diarrhoea,86,0
F051,2024,8,TB,6,0
F051,2024,8,HIV/AIDS,13,0
F051,2024,8,Typhoid,25,0
F051,2024,8,Anaemia,32,0
F051,2024,8,Diabetes,14,0
F051,2024,8,Hypertension,38,0
F051,2024,8,Malnutrition,17,0
F051,2024,9,Malaria,72,0
F051,2024,9,Pneumonia,32,0
F051,2024,9,Diarrhoea,47,0
F051,2024,9,TB,6,0
F051,2024,9,HIV/AIDS,13,0
F051,2024,9,Typhoid,28,0
F051,2024,9,Anaemia,43,0
F051,2024,9,Diabetes,15,0
F051,2024,9,Hypertension,37,0
F051,2024,9,Malnutrition,26,0
F051,2024,10,Malaria,106,0
F051,2024,10,Pneumonia,65,0
F051,2024,10,Diarrhoea,41,0
F051,2024,10,TB,6,0
F051,2024,10,HIV/AIDS,16,0
F051,2024,10,Typhoid,16,0
F051,2024,10,Anaemia,38,0
F051,2024,10,Diabetes,12,0
F051,2024,10,Hypertension,36,0
F051,2024,10,Malnutrition,23,0
F051,2024,11,Malaria,80,0
F051,2024,11,Pneumonia,35,0
F051,2024,11,Diarrhoea,77,0
F051,2024,11,TB,7,0
F051,2024,11,HIV/AIDS,15,0
F051,2024,11,Typhoid,30,0
F051,2024,11,Anaemia,35,0
F051,2024,11,Diabetes,18,0
F051,2024,11,Hypertension,27,0
F051,2024,11,Malnutrition,18,0
F051,2024,12,Malaria,117,0
F051,2024,12,Pneumonia,32,0
F051,2024,12,Diarrhoea,62,0
F051,2024,12,TB,6,0
F051,2024,12,HIV/AIDS,8,0
F051,2024,12,Typhoid,22,0
F051,2024,12,Anaemia,43,0
F051,2024,12,Diabetes,20,0
F051,2024,12,Hypertension,34,0
F051,2024,12,Malnutrition,17,0
F052,2023,1,Malaria,186,2
F052,2023,1,Pneumonia,99,1
F052,2023,1,Diarrhoea,108,0
F052,2023,1,TB,24,0
F052,2023,1,HIV/AIDS,33,0
F052,2023,1,Typhoid,32,0
F052,2023,1,Anaemia,75,0
F052,2023,1,Diabetes,43,0
F052,2023,1,Hypertension,57,0
F052,2023,1,Malnutrition,56,0
F052,2023,2,Malaria,284,2
F052,2023,2,Pneumonia,111,1
F052,2023,2,Diarrhoea,152,1
F052,2023,2,TB,14,0
F052,2023,2,HIV/AIDS,29,0
F052,2023,2,Typhoid,38,0
F052,2023,2,Anaemia,71,0
F052,2023,2,Diabetes,23,0
F052,2023,2,Hypertension,49,0
F052,2023,2,Malnutrition,54,0
F052,2023,3,Malaria,196,2
F052,2023,3,Pneumonia,82,0
F052,2023,3,Diarrhoea,192,2
F052,2023,3,TB,25,0
F052,2023,3,HIV/AIDS,26,0
F052,2023,3,Typhoid,72,0
F052,2023,3,Anaemia,62,0
F052,2023,3,Diabetes,44,0
F052,2023,3,Hypertension,71,0
F052,2023,3,Malnutrition,41,0
F052,2023,4,Malaria,287,4
F052,2023,4,Pneumonia,136,1
F052,2023,4,Diarrhoea,130,1
F052,2023,4,TB,11,0
F052,2023,4,HIV/AIDS,17,0
F052,2023,4,Typhoid,71,0
F052,2023,4,Anaemia,70,0
F052,2023,4,Diabetes,40,0
F052,2023,4,Hypertension,51,0
F052,2023,4,Malnutrition,59,0
F052,2023,5,Malaria,135,0
F052,2023,5,Pneumonia,86,0
F052,2023,5,Diarrhoea,108,0
F052,2023,5,TB,14,0
F052,2023,5,HIV/AIDS,22,0
F052,2023,5,Typhoid,61,0
F052,2023,5,Anaemia,57,0
F052,2023,5,Diabetes,46,0
F052,2023,5,Hypertension,50,0
F052,2023,5,Malnutrition,47,0
F052,2023,6,Malaria,220,2
F052,2023,6,Pneumonia,121,1
F052,2023,6,Diarrhoea,133,1
F052,2023,6,TB,14,0
F052,2023,6,HIV/AIDS,34,0
F052,2023,6,Typhoid,55,0
F052,2023,6,Anaemia,100,1
F052,2023,6,Diabetes,45,0
F052,2023,6,Hypertension,63,0
F052,2023,6,Malnutrition,59,0
F052,2023,7,Malaria,301,1
F052,2023,7,Pneumonia,107,0
F052,2023,7,Diarrhoea,168,2
F052,2023,7,TB,12,0
F052,2023,7,HIV/AIDS,18,0
F052,2023,7,Typhoid,72,0
F052,2023,7,Anaemia,72,1
F052,2023,7,Diabetes,42,0
F052,2023,7,Hypertension,39,0
F052,2023,7,Malnutrition,48,0
F052,2023,8,Malaria,190,2
F052,2023,8,Pneumonia,121,1
F052,2023,8,Diarrhoea,120,1
F052,2023,8,TB,16,0
F052,2023,8,HIV/AIDS,16,0
F052,2023,8,Typhoid,52,0
F052,2023,8,Anaemia,63,0
F052,2023,8,Diabetes,24,0
F052,2023,8,Hypertension,52,0
F052,2023,8,Malnutrition,62,0
F052,2023,9,Malaria,137,1
F052,2023,9,Pneumonia,65,0
F052,2023,9,Diarrhoea,170,1
F052,2023,9,TB,16,0
F052,2023,9,HIV/AIDS,25,0
F052,2023,9,Typhoid,64,0
F052,2023,9,Anaemia,99,0
F052,2023,9,Diabetes,37,0
F052,2023,9,Hypertension,54,0
F052,2023,9,Malnutrition,56,0
F052,2023,10,Malaria,302,1
F052,2023,10,Pneumonia,136,0
F052,2023,10,Diarrhoea,114,1
F052,2023,10,TB,17,0
F052,2023,10,HIV/AIDS,18,0
F052,2023,10,Typhoid,50,0
F052,2023,10,Anaemia,45,0
F052,2023,10,Diabetes,33,0
F052,2023,10,Hypertension,86,0
F052,2023,10,Malnutrition,27,0
F052,2023,11,Malaria,172,0
F052,2023,11,Pneumonia,94,0
F052,2023,11,Diarrhoea,194,2
F052,2023,11,TB,20,0
F052,2023,11,HIV/AIDS,35,0
F052,2023,11,Typhoid,38,0
F052,2023,11,Anaemia,49,0
F052,2023,11,Diabetes,49,0
F052,2023,11,Hypertension,80,1
F052,2023,11,Malnutrition,60,0
F052,2023,12,Malaria,136,1
F052,2023,12,Pneumonia,92,1
F052,2023,12,Diarrhoea,175,2
F052,2023,12,TB,11,0
F052,2023,12,HIV/AIDS,34,0
F052,2023,12,Typhoid,62,0
F052,2023,12,Anaemia,53,0
F052,2023,12,Diabetes,44,0
F052,2023,12,Hypertension,78,0
F052,2023,12,Malnutrition,60,0
F052,2024,1,Malaria,279,1
F052,2024,1,Pneumonia,89,0
F052,2024,1,Diarrhoea,123,0
F052,2024,1,TB,23,0
F052,2024,1,HIV/AIDS,33,0
F052,2024,1,Typhoid,57,0
F052,2024,1,Anaemia,92,1
F052,2024,1,Diabetes,28,0
F052,2024,1,Hypertension,46,0
F052,2024,1,Malnutrition,41,0
F052,2024,2,Malaria,187,2
F052,2024,2,Pneumonia,93,0
F052,2024,2,Diarrhoea,89,0
F052,2024,2,TB,15,0
F052,2024,2,HIV/AIDS,30,0
F052,2024,2,Typhoid,63,0
F052,2024,2,Anaemia,45,0
F052,2024,2,Diabetes,23,0
F052,2024,2,Hypertension,52,0
F052,2024,2,Malnutrition,53,0
F052,2024,3,Malaria,201,2
F052,2024,3,Pneumonia,65,0
F052,2024,3,Diarrhoea,175,1
F052,2024,3,TB,13,0
F052,2024,3,HIV/AIDS,17,0
F052,2024,3,Typhoid,55,0
F052,2024,3,Anaemia,66,0
F052,2024,3,Diabetes,28,0
F052,2024,3,Hypertension,39,0
F052,2024,3,Malnutrition,30,0
F052,2024,4,Malaria,272,3
F052,2024,4,Pneumonia,102,0
F052,2024,4,Diarrhoea,107,1
F052,2024,4,TB,23,0
F052,2024,4,HIV/AIDS,35,0
F052,2024,4,Typhoid,42,0
F052,2024,4,Anaemia,95,1
F052,2024,4,Diabetes,43,0
F052,2024,4,Hypertension,70,0
F052,2024,4,Malnutrition,40,0
F052,2024,5,Malaria,208,1
F052,2024,5,Pneumonia,97,0
F052,2024,5,Diarrhoea,97,1
F052,2024,5,TB,14,0
F052,2024,5,HIV/AIDS,28,0
F052,2024,5,Typhoid,62,0
F052,2024,5,Anaemia,82,0
F052,2024,5,Diabetes,47,0
F052,2024,5,Hypertension,76,0
F052,2024,5,Malnutrition,46,0
F052,2024,6,Malaria,241,1
F052,2024,6,Pneumonia,83,1
F052,2024,6,Diarrhoea,119,0
F052,2024,6,TB,18,0
F052,2024,6,HIV/AIDS,21,0
F052,2024,6,Typhoid,49,0
F052,2024,6,Anaemia,89,0
F052,2024,6,Diabetes,50,0
F052,2024,6,Hypertension,45,0
F052,2024,6,Malnutrition,47,0
F052,2024,7,Malaria,193,0
F052,2024,7,Pneumonia,107,1
F052,2024,7,Diarrhoea,130,0
F052,2024,7,TB,19,0
F052,2024,7,HIV/AIDS,34,0
F052,2024,7,Typhoid,70,0
F052,2024,7,Anaemia,51,0
F052,2024,7,Diabetes,26,0
F052,2024,7,Hypertension,71,0
F052,2024,7,Malnutrition,27,0
F052,2024,8,Malaria,290,2
F052,2024,8,Pneumonia,97,1
F052,2024,8,Diarrhoea,196,0
F052,2024,8,TB,17,0
F052,2024,8,HIV/AIDS,16,0
F052,2024,8,Typhoid,75,1
F052,2024,8,Anaemia,88,0
F052,2024,8,Diabetes,21,0
F052,2024,8,Hypertension,67,0
F052,2024,8,Malnutrition,27,0
F052,2024,9,Malaria,242,0
F052,2024,9,Pneumonia,140,2
F052,2024,9,Diarrhoea,143,0
F052,2024,9,TB,13,0
F052,2024,9,HIV/AIDS,36,0
F052,2024,9,Typhoid,61,0
F052,2024,9,Anaemia,69,0
F052,2024,9,Diabetes,35,0
F052,2024,9,Hypertension,51,0
F052,2024,9,Malnutrition,31,0
F052,2024,10,Malaria,151,2
F052,2024,10,Pneumonia,73,0
F052,2024,10,Diarrhoea,160,1
F052,2024,10,TB,19,0
F052,2024,10,HIV/AIDS,25,0
F052,2024,10,Typhoid,51,0
F052,2024,10,Anaemia,98,0
F052,2024,10,Diabetes,41,0
F052,2024,10,Hypertension,43,0
F052,2024,10,Malnutrition,33,0
F052,2024,11,Malaria,279,3
F052,2024,11,Pneumonia,75,0
F052,2024,11,Diarrhoea,132,1
F052,2024,11,TB,21,0
F052,2024,11,HIV/AIDS,32,0
F052,2024,11,Typhoid,44,0
F052,2024,11,Anaemia,81,0
F052,2024,11,Diabetes,22,0
F052,2024,11,Hypertension,43,0
F052,2024,11,Malnutrition,36,0
F052,2024,12,Malaria,220,2
F052,2024,12,Pneumonia,81,0
F052,2024,12,Diarrhoea,149,1
F052,2024,12,TB,17,0
F052,2024,12,HIV/AIDS,27,0
F052,2024,12,Typhoid,44,0
F052,2024,12,Anaemia,56,0
F052,2024,12,Diabetes,39,0
F052,2024,12,Hypertension,71,0
F052,2024,12,Malnutrition,46,0
F053,2023,1,Malaria,283,1
F053,2023,1,Pneumonia,191,1
F053,2023,1,Diarrhoea,167,0
F053,2023,1,TB,36,0
F053,2023,1,HIV/AIDS,49,0
F053,2023,1,Typhoid,81,0
F053,2023,1,Anaemia,133,0
F053,2023,1,Diabetes,54,0
F053,2023,1,Hypertension,111,0
F053,2023,1,Malnutrition,102,0
F053,2023,2,Malaria,276,1
F053,2023,2,Pneumonia,113,1
F053,2023,2,Diarrhoea,191,1
F053,2023,2,TB,31,0
F053,2023,2,HIV/AIDS,50,0
F053,2023,2,Typhoid,91,1
F053,2023,2,Anaemia,147,0
F053,2023,2,Diabetes,47,0
F053,2023,2,Hypertension,77,0
F053,2023,2,Malnutrition,48,0
F053,2023,3,Malaria,295,2
F053,2023,3,Pneumonia,178,1
F053,2023,3,Diarrhoea,167,0
F053,2023,3,TB,21,0
F053,2023,3,HIV/AIDS,50,0
F053,2023,3,Typhoid,107,0
F053,2023,3,Anaemia,94,1
F053,2023,3,Diabetes,74,0
F053,2023,3,Hypertension,81,0
F053,2023,3,Malnutrition,72,0
F053,2023,4,Malaria,476,0
F053,2023,4,Pneumonia,143,1
F053,2023,4,Diarrhoea,275,3
F053,2023,4,TB,28,0
F053,2023,4,HIV/AIDS,50,0
F053,2023,4,Typhoid,77,0
F053,2023,4,Anaemia,135,1
F053,2023,4,Diabetes,73,0
F053,2023,4,Hypertension,101,0
F053,2023,4,Malnutrition,99,1
F053,2023,5,Malaria,276,2
F053,2023,5,Pneumonia,137,0
F053,2023,5,Diarrhoea,321,0
F053,2023,5,TB,34,0
F053,2023,5,HIV/AIDS,28,0
F053,2023,5,Typhoid,118,0
F053,2023,5,Anaemia,76,0
F053,2023,5,Diabetes,37,0
F053,2023,5,Hypertension,94,1
F053,2023,5,Malnutrition,67,0
F053,2023,6,Malaria,501,1
F053,2023,6,Pneumonia,196,0
F053,2023,6,Diarrhoea,254,1
F053,2023,6,TB,27,0
F053,2023,6,HIV/AIDS,43,0
F053,2023,6,Typhoid,91,0
F053,2023,6,Anaemia,73,0
F053,2023,6,Diabetes,49,0
F053,2023,6,Hypertension,111,1
F053,2023,6,Malnutrition,60,0
F053,2023,7,Malaria,442,0
F053,2023,7,Pneumonia,151,1
F053,2023,7,Diarrhoea,293,2
F053,2023,7,TB,24,0
F053,2023,7,HIV/AIDS,37,0
F053,2023,7,Typhoid,62,0
F053,2023,7,Anaemia,82,0
F053,2023,7,Diabetes,39,0
F053,2023,7,Hypertension,116,0
F053,2023,7,Malnutrition,98,0
F053,2023,8,Malaria,248,3
F053,2023,8,Pneumonia,217,2
F053,2023,8,Diarrhoea,256,1
F053,2023,8,TB,41,0
F053,2023,8,HIV/AIDS,46,0
F053,2023,8,Typhoid,117,0
F053,2023,8,Anaemia,80,0
F053,2023,8,Diabetes,37,0
F053,2023,8,Hypertension,101,0
F053,2023,8,Malnutrition,83,1
F053,2023,9,Malaria,457,2
F053,2023,9,Pneumonia,242,2
F053,2023,9,Diarrhoea,217,1
F053,2023,9,TB,40,0
F053,2023,9,HIV/AIDS,37,0
F053,2023,9,Typhoid,54,0
F053,2023,9,Anaemia,83,0
F053,2023,9,Diabetes,70,0
F053,2023,9,Hypertension,115,1
F053,2023,9,Malnutrition,53,0
F053,2023,10,Malaria,297,2
F053,2023,10,Pneumonia,231,2
F053,2023,10,Diarrhoea,191,0
F053,2023,10,TB,24,0
F053,2023,10,HIV/AIDS,29,0
F053,2023,10,Typhoid,98,0
F053,2023,10,Anaemia,160,1
F053,2023,10,Diabetes,38,0
F053,2023,10,Hypertension,98,1
F053,2023,10,Malnutrition,59,0
F053,2023,11,Malaria,461,0
F053,2023,11,Pneumonia,171,2
F053,2023,11,Diarrhoea,212,1
F053,2023,11,TB,26,0
F053,2023,11,HIV/AIDS,49,0
F053,2023,11,Typhoid,107,0
F053,2023,11,Anaemia,88,0
F053,2023,11,Diabetes,41,0
F053,2023,11,Hypertension,68,0
F053,2023,11,Malnutrition,99,0
F053,2023,12,Malaria,288,3
F053,2023,12,Pneumonia,184,2
F053,2023,12,Diarrhoea,208,0
F053,2023,12,TB,23,0
F053,2023,12,HIV/AIDS,41,0
F053,2023,12,Typhoid,54,0
F053,2023,12,Anaemia,166,1
F053,2023,12,Diabetes,80,0
F053,2023,12,Hypertension,99,1
F053,2023,12,Malnutrition,64,0
F053,2024,1,Malaria,402,0
F053,2024,1,Pneumonia,161,1
F053,2024,1,Diarrhoea,176,0
F053,2024,1,TB,25,0
F053,2024,1,HIV/AIDS,37,0
F053,2024,1,Typhoid,60,0
F053,2024,1,Anaemia,83,0
F053,2024,1,Diabetes,67,0
F053,2024,1,Hypertension,111,1
F053,2024,1,Malnutrition,75,0
F053,2024,2,Malaria,297,3
F053,2024,2,Pneumonia,139,1
F053,2024,2,Diarrhoea,213,2
F053,2024,2,TB,39,0
F053,2024,2,HIV/AIDS,47,0
F053,2024,2,Typhoid,66,0
F053,2024,2,Anaemia,72,0
F053,2024,2,Diabetes,43,0
F053,2024,2,Hypertension,72,0
F053,2024,2,Malnutrition,47,0
F053,2024,3,Malaria,475,4
F053,2024,3,Pneumonia,209,1
F053,2024,3,Diarrhoea,332,2
F053,2024,3,TB,30,0
F053,2024,3,HIV/AIDS,49,0
F053,2024,3,Typhoid,103,0
F053,2024,3,Anaemia,89,1
F053,2024,3,Diabetes,41,0
F053,2024,3,Hypertension,101,1
F053,2024,3,Malnutrition,101,1
F053,2024,4,Malaria,478,2
F053,2024,4,Pneumonia,147,1
F053,2024,4,Diarrhoea,167,2
F053,2024,4,TB,25,0
F053,2024,4,HIV/AIDS,52,0
F053,2024,4,Typhoid,55,0
F053,2024,4,Anaemia,90,0
F053,2024,4,Diabetes,78,0
F053,2024,4,Hypertension,93,1
F053,2024,4,Malnutrition,77,0
F053,2024,5,Malaria,493,2
F053,2024,5,Pneumonia,186,2
F053,2024,5,Diarrhoea,330,3
F053,2024,5,TB,21,0
F053,2024,5,HIV/AIDS,53,0
F053,2024,5,Typhoid,66,0
F053,2024,5,Anaemia,152,1
F053,2024,5,Diabetes,83,0
F053,2024,5,Hypertension,146,0
F053,2024,5,Malnutrition,101,1
F053,2024,6,Malaria,469,1
F053,2024,6,Pneumonia,185,1
F053,2024,6,Diarrhoea,151,1
F053,2024,6,TB,27,0
F053,2024,6,HIV/AIDS,31,0
F053,2024,6,Typhoid,68,1
F053,2024,6,Anaemia,161,1
F053,2024,6,Diabetes,72,0
F053,2024,6,Hypertension,122,1
F053,2024,6,Malnutrition,87,1
F053,2024,7,Malaria,303,4
F053,2024,7,Pneumonia,208,2
F053,2024,7,Diarrhoea,239,3
F053,2024,7,TB,19,0
F053,2024,7,HIV/AIDS,39,0
F053,2024,7,Typhoid,114,0
F053,2024,7,Anaemia,95,0
F053,2024,7,Diabetes,37,0
F053,2024,7,Hypertension,134,0
F053,2024,7,Malnutrition,85,1
F053,2024,8,Malaria,388,5
F053,2024,8,Pneumonia,247,0
F053,2024,8,Diarrhoea,297,3
F053,2024,8,TB,21,0
F053,2024,8,HIV/AIDS,42,0
F053,2024,8,Typhoid,58,0
F053,2024,8,Anaemia,135,1
F053,2024,8,Diabetes,68,0
F053,2024,8,Hypertension,103,1
F053,2024,8,Malnutrition,90,1
F053,2024,9,Malaria,420,1
F053,2024,9,Pneumonia,187,2
F053,2024,9,Diarrhoea,186,1
F053,2024,9,TB,37,0
F053,2024,9,HIV/AIDS,60,0
F053,2024,9,Typhoid,119,1
F053,2024,9,Anaemia,165,1
F053,2024,9,Diabetes,73,0
F053,2024,9,Hypertension,117,0
F053,2024,9,Malnutrition,73,1
F053,2024,10,Malaria,480,2
F053,2024,10,Pneumonia,201,0
F053,2024,10,Diarrhoea,317,2
F053,2024,10,TB,33,0
F053,2024,10,HIV/AIDS,49,0
F053,2024,10,Typhoid,70,0
F053,2024,10,Anaemia,141,1
F053,2024,10,Diabetes,64,0
F053,2024,10,Hypertension,117,0
F053,2024,10,Malnutrition,63,0
F053,2024,11,Malaria,232,0
F053,2024,11,Pneumonia,175,2
F053,2024,11,Diarrhoea,269,2
F053,2024,11,TB,26,0
F053,2024,11,HIV/AIDS,46,0
F053,2024,11,Typhoid,75,0
F053,2024,11,Anaemia,127,1
F053,2024,11,Diabetes,79,0
F053,2024,11,Hypertension,92,0
F053,2024,11,Malnutrition,69,0
F053,2024,12,Malaria,252,0
F053,2024,12,Pneumonia,186,0
F053,2024,12,Diarrhoea,206,1
F053,2024,12,TB,19,0
F053,2024,12,HIV/AIDS,36,0
F053,2024,12,Typhoid,79,0
F053,2024,12,Anaemia,87,0
F053,2024,12,Diabetes,51,0
F053,2024,12,Hypertension,131,1
F053,2024,12,Malnutrition,87,0
F054,2023,1,Malaria,392,2
F054,2023,1,Pneumonia,121,0
F054,2023,1,Diarrhoea,270,1
F054,2023,1,TB,40,0
F054,2023,1,HIV/AIDS,60,0
F054,2023,1,Typhoid,83,0
F054,2023,1,Anaemia,82,0
F054,2023,1,Diabetes,77,1
F054,2023,1,Hypertension,82,0
F054,2023,1,Malnutrition,89,0
F054,2023,2,Malaria,461,5
F054,2023,2,Pneumonia,144,1
F054,2023,2,Diarrhoea,239,3
F054,2023,2,TB,21,0
F054,2023,2,HIV/AIDS,31,0
F054,2023,2,Typhoid,89,0
F054,2023,2,Anaemia,149,1
F054,2023,2,Diabetes,81,1
F054,2023,2,Hypertension,79,1
F054,2023,2,Malnutrition,85,0
F054,2023,3,Malaria,453,1
F054,2023,3,Pneumonia,182,1
F054,2023,3,Diarrhoea,314,4
F054,2023,3,TB,37,0
F054,2023,3,HIV/AIDS,47,0
F054,2023,3,Typhoid,122,0
F054,2023,3,Anaemia,114,1
F054,2023,3,Diabetes,71,0
F054,2023,3,Hypertension,143,0
F054,2023,3,Malnutrition,99,0
F054,2023,4,Malaria,307,2
F054,2023,4,Pneumonia,143,1
F054,2023,4,Diarrhoea,315,1
F054,2023,4,TB,20,0
F054,2023,4,HIV/AIDS,61,0
F054,2023,4,Typhoid,125,1
F054,2023,4,Anaemia,167,1
F054,2023,4,Diabetes,43,0
F054,2023,4,Hypertension,131,1
F054,2023,4,Malnutrition,65,0
F054,2023,5,Malaria,471,4
F054,2023,5,Pneumonia,111,0
F054,2023,5,Diarrhoea,322,0
F054,2023,5,TB,37,0
F054,2023,5,HIV/AIDS,42,0
F054,2023,5,Typhoid,80,0
F054,2023,5,Anaemia,75,0
F054,2023,5,Diabetes,39,0
F054,2023,5,Hypertension,69,0
F054,2023,5,Malnutrition,77,0
F054,2023,6,Malaria,254,1
F054,2023,6,Pneumonia,168,1
F054,2023,6,Diarrhoea,249,2
F054,2023,6,TB,33,0
F054,2023,6,HIV/AIDS,33,0
F054,2023,6,Typhoid,94,0
F054,2023,6,Anaemia,154,1
F054,2023,6,Diabetes,46,0
F054,2023,6,Hypertension,64,0
F054,2023,6,Malnutrition,63,0
F054,2023,7,Malaria,277,1
F054,2023,7,Pneumonia,151,0
F054,2023,7,Diarrhoea,222,0
F054,2023,7,TB,19,0
F054,2023,7,HIV/AIDS,57,0
F054,2023,7,Typhoid,54,0
F054,2023,7,Anaemia,91,0
F054,2023,7,Diabetes,53,0
F054,2023,7,Hypertension,101,0
F054,2023,7,Malnutrition,47,0
F054,2023,8,Malaria,497,1
F054,2023,8,Pneumonia,206,2
F054,2023,8,Diarrhoea,258,1
F054,2023,8,TB,36,0
F054,2023,8,HIV/AIDS,43,0
F054,2023,8,Typhoid,89,1
F054,2023,8,Anaemia,79,0
F054,2023,8,Diabetes,72,0
F054,2023,8,Hypertension,109,0
F054,2023,8,Malnutrition,74,0
F054,2023,9,Malaria,460,3
F054,2023,9,Pneumonia,168,1
F054,2023,9,Diarrhoea,320,4
F054,2023,9,TB,23,0
F054,2023,9,HIV/AIDS,50,0
F054,2023,9,Typhoid,69,0
F054,2023,9,Anaemia,123,1
F054,2023,9,Diabetes,65,0
F054,2023,9,Hypertension,130,0
F054,2023,9,Malnutrition,75,0
F054,2023,10,Malaria,295,0
F054,2023,10,Pneumonia,144,0
F054,2023,10,Diarrhoea,240,3
F054,2023,10,TB,37,0
F054,2023,10,HIV/AIDS,53,0
F054,2023,10,Typhoid,106,0
F054,2023,10,Anaemia,123,1
F054,2023,10,Diabetes,37,0
F054,2023,10,Hypertension,111,0
F054,2023,10,Malnutrition,63,0
F054,2023,11,Malaria,287,2
F054,2023,11,Pneumonia,123,1
F054,2023,11,Diarrhoea,298,2
F054,2023,11,TB,32,0
F054,2023,11,HIV/AIDS,30,0
F054,2023,11,Typhoid,99,0
F054,2023,11,Anaemia,109,0
F054,2023,11,Diabetes,53,0
F054,2023,11,Hypertension,88,0
F054,2023,11,Malnutrition,59,0
F054,2023,12,Malaria,239,2
F054,2023,12,Pneumonia,144,2
F054,2023,12,Diarrhoea,187,1
F054,2023,12,TB,28,0
F054,2023,12,HIV/AIDS,32,0
F054,2023,12,Typhoid,87,0
F054,2023,12,Anaemia,145,0
F054,2023,12,Diabetes,62,0
F054,2023,12,Hypertension,67,0
F054,2023,12,Malnutrition,66,0
F054,2024,1,Malaria,423,4
F054,2024,1,Pneumonia,205,0
F054,2024,1,Diarrhoea,323,4
F054,2024,1,TB,28,0
F054,2024,1,HIV/AIDS,45,0
F054,2024,1,Typhoid,83,0
F054,2024,1,Anaemia,164,2
F054,2024,1,Diabetes,61,0
F054,2024,1,Hypertension,140,0
F054,2024,1,Malnutrition,87,0
F054,2024,2,Malaria,496,6
F054,2024,2,Pneumonia,217,0
F054,2024,2,Diarrhoea,151,1
F054,2024,2,TB,34,0
F054,2024,2,HIV/AIDS,36,0
F054,2024,2,Typhoid,98,0
F054,2024,2,Anaemia,165,2
F054,2024,2,Diabetes,73,0
F054,2024,2,Hypertension,71,0
F054,2024,2,Malnutrition,85,0
F054,2024,3,Malaria,220,3
F054,2024,3,Pneumonia,121,1
F054,2024,3,Diarrhoea,326,4
F054,2024,3,TB,31,0
F054,2024,3,HIV/AIDS,29,0
F054,2024,3,Typhoid,122,0
F054,2024,3,Anaemia,113,1
F054,2024,3,Diabetes,50,0
F054,2024,3,Hypertension,104,1
F054,2024,3,Malnutrition,78,0
F054,2024,4,Malaria,239,2
F054,2024,4,Pneumonia,249,1
F054,2024,4,Diarrhoea,233,0
F054,2024,4,TB,23,0
F054,2024,4,HIV/AIDS,54,0
F054,2024,4,Typhoid,101,0
F054,2024,4,Anaemia,144,1
F054,2024,4,Diabetes,42,0
F054,2024,4,Hypertension,118,1
F054,2024,4,Malnutrition,78,0
F054,2024,5,Malaria,355,4
F054,2024,5,Pneumonia,194,2
F054,2024,5,Diarrhoea,155,0
F054,2024,5,TB,36,0
F054,2024,5,HIV/AIDS,61,0
F054,2024,5,Typhoid,61,0
F054,2024,5,Anaemia,131,1
F054,2024,5,Diabetes,60,0
F054,2024,5,Hypertension,74,0
F054,2024,5,Malnutrition,79,0
F054,2024,6,Malaria,222,2
F054,2024,6,Pneumonia,125,1
F054,2024,6,Diarrhoea,274,0
F054,2024,6,TB,30,0
F054,2024,6,HIV/AIDS,37,0
F054,2024,6,Typhoid,60,0
F054,2024,6,Anaemia,106,0
F054,2024,6,Diabetes,53,0
F054,2024,6,Hypertension,73,0
F054,2024,6,Malnutrition,80,1
F054,2024,7,Malaria,352,0
F054,2024,7,Pneumonia,147,2
F054,2024,7,Diarrhoea,232,0
F054,2024,7,TB,38,0
F054,2024,7,HIV/AIDS,40,0
F054,2024,7,Typhoid,75,1
F054,2024,7,Anaemia,148,1
F054,2024,7,Diabetes,51,0
F054,2024,7,Hypertension,89,1
F054,2024,7,Malnutrition,85,0
F054,2024,8,Malaria,237,1
F054,2024,8,Pneumonia,123,0
F054,2024,8,Diarrhoea,257,3
F054,2024,8,TB,18,0
F054,2024,8,HIV/AIDS,40,0
F054,2024,8,Typhoid,71,0
F054,2024,8,Anaemia,127,0
F054,2024,8,Diabetes,37,0
F054,2024,8,Hypertension,77,1
F054,2024,8,Malnutrition,63,0
F054,2024,9,Malaria,465,5
F054,2024,9,Pneumonia,171,2
F054,2024,9,Diarrhoea,190,2
F054,2024,9,TB,37,0
F054,2024,9,HIV/AIDS,51,0
F054,2024,9,Typhoid,84,0
F054,2024,9,Anaemia,111,1
F054,2024,9,Diabetes,51,0
F054,2024,9,Hypertension,110,1
F054,2024,9,Malnutrition,61,0
F054,2024,10,Malaria,444,0
F054,2024,10,Pneumonia,147,1
F054,2024,10,Diarrhoea,204,1
F054,2024,10,TB,36,0
F054,2024,10,HIV/AIDS,46,0
F054,2024,10,Typhoid,92,1
F054,2024,10,Anaemia,131,0
F054,2024,10,Diabetes,41,0
F054,2024,10,Hypertension,111,1
F054,2024,10,Malnutrition,63,0
F054,2024,11,Malaria,446,1
F054,2024,11,Pneumonia,158,0
F054,2024,11,Diarrhoea,188,1
F054,2024,11,TB,19,0
F054,2024,11,HIV/AIDS,51,0
F054,2024,11,Typhoid,77,0
F054,2024,11,Anaemia,120,0
F054,2024,11,Diabetes,37,0
F054,2024,11,Hypertension,89,1
F054,2024,11,Malnutrition,87,0
F054,2024,12,Malaria,384,5
F054,2024,12,Pneumonia,198,1
F054,2024,12,Diarrhoea,184,0
F054,2024,12,TB,36,0
F054,2024,12,HIV/AIDS,31,0
F054,2024,12,Typhoid,104,0
F054,2024,12,Anaemia,118,0
F054,2024,12,Diabetes,73,0
F054,2024,12,Hypertension,95,1
F054,2024,12,Malnutrition,59,0
F055,2023,1,Malaria,178,0
F055,2023,1,Pneumonia,102,0
F055,2023,1,Diarrhoea,147,1
F055,2023,1,TB,12,0
F055,2023,1,HIV/AIDS,25,0
F055,2023,1,Typhoid,61,0
F055,2023,1,Anaemia,64,0
F055,2023,1,Diabetes,34,0
F055,2023,1,Hypertension,82,1
F055,2023,1,Malnutrition,39,0
F055,2023,2,Malaria,179,2
F055,2023,2,Pneumonia,66,0
F055,2023,2,Diarrhoea,100,1
F055,2023,2,TB,14,0
F055,2023,2,HIV/AIDS,34,0
F055,2023,2,Typhoid,74,0
F055,2023,2,Anaemia,77,0
F055,2023,2,Diabetes,43,0
F055,2023,2,Hypertension,79,0
F055,2023,2,Malnutrition,62,0
F055,2023,3,Malaria,275,3
F055,2023,3,Pneumonia,105,0
F055,2023,3,Diarrhoea,102,1
F055,2023,3,TB,15,0
F055,2023,3,HIV/AIDS,33,0
F055,2023,3,Typhoid,45,0
F055,2023,3,Anaemia,65,0
F055,2023,3,Diabetes,25,0
F055,2023,3,Hypertension,79,0
F055,2023,3,Malnutrition,62,0
F055,2023,4,Malaria,180,1
F055,2023,4,Pneumonia,116,1
F055,2023,4,Diarrhoea,116,0
F055,2023,4,TB,13,0
F055,2023,4,HIV/AIDS,23,0
F055,2023,4,Typhoid,42,0
F055,2023,4,Anaemia,92,0
F055,2023,4,Diabetes,29,0
F055,2023,4,Hypertension,51,0
F055,2023,4,Malnutrition,38,0
F055,2023,5,Malaria,284,3
F055,2023,5,Pneumonia,95,0
F055,2023,5,Diarrhoea,144,0
F055,2023,5,TB,17,0
F055,2023,5,HIV/AIDS,18,0
F055,2023,5,Typhoid,44,0
F055,2023,5,Anaemia,81,0
F055,2023,5,Diabetes,42,0
F055,2023,5,Hypertension,44,0
F055,2023,5,Malnutrition,51,0
F055,2023,6,Malaria,157,1
F055,2023,6,Pneumonia,82,1
F055,2023,6,Diarrhoea,191,1
F055,2023,6,TB,12,0
F055,2023,6,HIV/AIDS,33,0
F055,2023,6,Typhoid,65,0
F055,2023,6,Anaemia,45,0
F055,2023,6,Diabetes,32,0
F055,2023,6,Hypertension,42,0
F055,2023,6,Malnutrition,40,0
F055,2023,7,Malaria,294,4
F055,2023,7,Pneumonia,95,1
F055,2023,7,Diarrhoea,167,2
F055,2023,7,TB,18,0
F055,2023,7,HIV/AIDS,17,0
F055,2023,7,Typhoid,45,0
F055,2023,7,Anaemia,77,0
F055,2023,7,Diabetes,48,0
F055,2023,7,Hypertension,73,0
F055,2023,7,Malnutrition,55,0
F055,2023,8,Malaria,214,2
F055,2023,8,Pneumonia,80,0
F055,2023,8,Diarrhoea,123,0
F055,2023,8,TB,23,0
F055,2023,8,HIV/AIDS,29,0
F055,2023,8,Typhoid,40,0
F055,2023,8,Anaemia,84,0
F055,2023,8,Diabetes,27,0
F055,2023,8,Hypertension,75,0
F055,2023,8,Malnutrition,56,0
F055,2023,9,Malaria,136,0
F055,2023,9,Pneumonia,64,0
F055,2023,9,Diarrhoea,105,0
F055,2023,9,TB,23,0
F055,2023,9,HIV/AIDS,36,0
F055,2023,9,Typhoid,49,0
F055,2023,9,Anaemia,81,0
F055,2023,9,Diabetes,44,0
F055,2023,9,Hypertension,48,0
F055,2023,9,Malnutrition,40,0
F055,2023,10,Malaria,172,2
F055,2023,10,Pneumonia,95,0
F055,2023,10,Diarrhoea,151,0
F055,2023,10,TB,18,0
F055,2023,10,HIV/AIDS,30,0
F055,2023,10,Typhoid,48,0
F055,2023,10,Anaemia,55,0
F055,2023,10,Diabetes,34,0
F055,2023,10,Hypertension,49,0
F055,2023,10,Malnutrition,49,0
F055,2023,11,Malaria,283,1
F055,2023,11,Pneumonia,72,0
F055,2023,11,Diarrhoea,125,1
F055,2023,11,TB,21,0
F055,2023,11,HIV/AIDS,26,0
F055,2023,11,Typhoid,48,0
F055,2023,11,Anaemia,94,0
F055,2023,11,Diabetes,25,0
F055,2023,11,Hypertension,38,0
F055,2023,11,Malnutrition,43,0
F055,2023,12,Malaria,226,2
F055,2023,12,Pneumonia,72,0
F055,2023,12,Diarrhoea,173,1
F055,2023,12,TB,22,0
F055,2023,12,HIV/AIDS,23,0
F055,2023,12,Typhoid,75,0
F055,2023,12,Anaemia,76,0
F055,2023,12,Diabetes,25,0
F055,2023,12,Hypertension,78,0
F055,2023,12,Malnutrition,59,0
F055,2024,1,Malaria,218,1
F055,2024,1,Pneumonia,95,0
F055,2024,1,Diarrhoea,137,1
F055,2024,1,TB,13,0
F055,2024,1,HIV/AIDS,33,0
F055,2024,1,Typhoid,55,0
F055,2024,1,Anaemia,92,1
F055,2024,1,Diabetes,29,0
F055,2024,1,Hypertension,54,0
F055,2024,1,Malnutrition,55,0
F055,2024,2,Malaria,293,4
F055,2024,2,Pneumonia,68,0
F055,2024,2,Diarrhoea,149,1
F055,2024,2,TB,15,0
F055,2024,2,HIV/AIDS,26,0
F055,2024,2,Typhoid,55,0
F055,2024,2,Anaemia,43,0
F055,2024,2,Diabetes,43,0
F055,2024,2,Hypertension,39,0
F055,2024,2,Malnutrition,59,0
F055,2024,3,Malaria,172,1
F055,2024,3,Pneumonia,89,0
F055,2024,3,Diarrhoea,137,1
F055,2024,3,TB,24,0
F055,2024,3,HIV/AIDS,35,0
F055,2024,3,Typhoid,62,0
F055,2024,3,Anaemia,88,1
F055,2024,3,Diabetes,40,0
F055,2024,3,Hypertension,71,0
F055,2024,3,Malnutrition,51,0
F055,2024,4,Malaria,286,0
F055,2024,4,Pneumonia,106,0
F055,2024,4,Diarrhoea,162,2
F055,2024,4,TB,19,0
F055,2024,4,HIV/AIDS,28,0
F055,2024,4,Typhoid,50,0
F055,2024,4,Anaemia,97,1
F055,2024,4,Diabetes,32,0
F055,2024,4,Hypertension,39,0
F055,2024,4,Malnutrition,51,0
F055,2024,5,Malaria,249,2
F055,2024,5,Pneumonia,128,1
F055,2024,5,Diarrhoea,166,2
F055,2024,5,TB,15,0
F055,2024,5,HIV/AIDS,22,0
F055,2024,5,Typhoid,64,0
F055,2024,5,Anaemia,80,1
F055,2024,5,Diabetes,34,0
F055,2024,5,Hypertension,59,0
F055,2024,5,Malnutrition,45,0
F055,2024,6,Malaria,242,1
F055,2024,6,Pneumonia,117,0
F055,2024,6,Diarrhoea,138,0
F055,2024,6,TB,24,0
F055,2024,6,HIV/AIDS,20,0
F055,2024,6,Typhoid,51,0
F055,2024,6,Anaemia,82,0
F055,2024,6,Diabetes,50,0
F055,2024,6,Hypertension,50,0
F055,2024,6,Malnutrition,60,0
F055,2024,7,Malaria,176,0
F055,2024,7,Pneumonia,68,0
F055,2024,7,Diarrhoea,109,0
F055,2024,7,TB,22,0
F055,2024,7,HIV/AIDS,24,0
F055,2024,7,Typhoid,40,0
F055,2024,7,Anaemia,83,0
F055,2024,7,Diabetes,43,0
F055,2024,7,Hypertension,76,1
F055,2024,7,Malnutrition,34,0
F055,2024,8,Malaria,254,1
F055,2024,8,Pneumonia,82,0
F055,2024,8,Diarrhoea,143,0
F055,2024,8,TB,16,0
F055,2024,8,HIV/AIDS,20,0
F055,2024,8,Typhoid,69,0
F055,2024,8,Anaemia,75,0
F055,2024,8,Diabetes,40,0
F055,2024,8,Hypertension,55,0
F055,2024,8,Malnutrition,40,0
F055,2024,9,Malaria,182,1
F055,2024,9,Pneumonia,98,0
F055,2024,9,Diarrhoea,153,1
F055,2024,9,TB,23,0
F055,2024,9,HIV/AIDS,23,0
F055,2024,9,Typhoid,55,0
F055,2024,9,Anaemia,78,0
F055,2024,9,Diabetes,27,0
F055,2024,9,Hypertension,83,0
F055,2024,9,Malnutrition,59,0
F055,2024,10,Malaria,239,1
F055,2024,10,Pneumonia,81,0
F055,2024,10,Diarrhoea,123,1
F055,2024,10,TB,18,0
F055,2024,10,HIV/AIDS,30,0
F055,2024,10,Typhoid,51,0
F055,2024,10,Anaemia,68,0
F055,2024,10,Diabetes,42,0
F055,2024,10,Hypertension,59,0
F055,2024,10,Malnutrition,36,0
F055,2024,11,Malaria,273,3
F055,2024,11,Pneumonia,86,0
F055,2024,11,Diarrhoea,200,2
F055,2024,11,TB,21,0
F055,2024,11,HIV/AIDS,34,0
F055,2024,11,Typhoid,45,0
F055,2024,11,Anaemia,54,0
F055,2024,11,Diabetes,23,0
F055,2024,11,Hypertension,79,1
F055,2024,11,Malnutrition,35,0
F055,2024,12,Malaria,208,0
F055,2024,12,Pneumonia,71,0
F055,2024,12,Diarrhoea,141,1
F055,2024,12,TB,15,0
F055,2024,12,HIV/AIDS,23,0
F055,2024,12,Typhoid,68,0
F055,2024,12,Anaemia,50,0
F055,2024,12,Diabetes,43,0
F055,2024,12,Hypertension,53,0
F055,2024,12,Malnutrition,44,0
F056,2023,1,Malaria,170,0
F056,2023,1,Pneumonia,74,0
F056,2023,1,Diarrhoea,144,1
F056,2023,1,TB,16,0
F056,2023,1,HIV/AIDS,31,0
F056,2023,1,Typhoid,59,0
F056,2023,1,Anaemia,84,0
F056,2023,1,Diabetes,38,0
F056,2023,1,Hypertension,83,1
F056,2023,1,Malnutrition,32,0
F056,2023,2,Malaria,265,0
F056,2023,2,Pneumonia,125,0
F056,2023,2,Diarrhoea,185,0
F056,2023,2,TB,20,0
F056,2023,2,HIV/AIDS,22,0
F056,2023,2,Typhoid,72,0
F056,2023,2,Anaemia,69,0
F056,2023,2,Diabetes,23,0
F056,2023,2,Hypertension,71,0
F056,2023,2,Malnutrition,61,0
F056,2023,3,Malaria,195,0
F056,2023,3,Pneumonia,92,0
F056,2023,3,Diarrhoea,182,1
F056,2023,3,TB,23,0
F056,2023,3,HIV/AIDS,33,0
F056,2023,3,Typhoid,51,0
F056,2023,3,Anaemia,96,1
F056,2023,3,Diabetes,48,0
F056,2023,3,Hypertension,57,0
F056,2023,3,Malnutrition,44,0
F056,2023,4,Malaria,198,0
F056,2023,4,Pneumonia,148,0
F056,2023,4,Diarrhoea,127,0
F056,2023,4,TB,20,0
F056,2023,4,HIV/AIDS,34,0
F056,2023,4,Typhoid,51,0
F056,2023,4,Anaemia,61,0
F056,2023,4,Diabetes,35,0
F056,2023,4,Hypertension,66,0
F056,2023,4,Malnutrition,44,0
F056,2023,5,Malaria,226,1
F056,2023,5,Pneumonia,77,0
F056,2023,5,Diarrhoea,171,0
F056,2023,5,TB,10,0
F056,2023,5,HIV/AIDS,31,0
F056,2023,5,Typhoid,34,0
F056,2023,5,Anaemia,53,0
F056,2023,5,Diabetes,35,0
F056,2023,5,Hypertension,70,0
F056,2023,5,Malnutrition,51,0
F056,2023,6,Malaria,195,1
F056,2023,6,Pneumonia,91,1
F056,2023,6,Diarrhoea,136,1
F056,2023,6,TB,14,0
F056,2023,6,HIV/AIDS,18,0
F056,2023,6,Typhoid,40,0
F056,2023,6,Anaemia,54,0
F056,2023,6,Diabetes,47,0
F056,2023,6,Hypertension,38,0
F056,2023,6,Malnutrition,60,0
F056,2023,7,Malaria,217,2
F056,2023,7,Pneumonia,99,0
F056,2023,7,Diarrhoea,147,0
F056,2023,7,TB,17,0
F056,2023,7,HIV/AIDS,31,0
F056,2023,7,Typhoid,57,0
F056,2023,7,Anaemia,47,0
F056,2023,7,Diabetes,39,0
F056,2023,7,Hypertension,55,0
F056,2023,7,Malnutrition,45,0
F056,2023,8,Malaria,291,4
F056,2023,8,Pneumonia,140,0
F056,2023,8,Diarrhoea,144,1
F056,2023,8,TB,12,0
F056,2023,8,HIV/AIDS,23,0
F056,2023,8,Typhoid,50,0
F056,2023,8,Anaemia,99,0
F056,2023,8,Diabetes,50,0
F056,2023,8,Hypertension,65,0
F056,2023,8,Malnutrition,39,0
F056,2023,9,Malaria,222,2
F056,2023,9,Pneumonia,70,0
F056,2023,9,Diarrhoea,192,1
F056,2023,9,TB,20,0
F056,2023,9,HIV/AIDS,31,0
F056,2023,9,Typhoid,64,0
F056,2023,9,Anaemia,87,1
F056,2023,9,Diabetes,34,0
F056,2023,9,Hypertension,59,0
F056,2023,9,Malnutrition,49,0
F056,2023,10,Malaria,293,2
F056,2023,10,Pneumonia,98,1
F056,2023,10,Diarrhoea,194,0
F056,2023,10,TB,17,0
F056,2023,10,HIV/AIDS,34,0
F056,2023,10,Typhoid,57,0
F056,2023,10,Anaemia,70,0
F056,2023,10,Diabetes,39,0
F056,2023,10,Hypertension,42,0
F056,2023,10,Malnutrition,31,0
F056,2023,11,Malaria,270,2
F056,2023,11,Pneumonia,71,0
F056,2023,11,Diarrhoea,164,2
F056,2023,11,TB,15,0
F056,2023,11,HIV/AIDS,30,0
F056,2023,11,Typhoid,32,0
F056,2023,11,Anaemia,81,0
F056,2023,11,Diabetes,47,0
F056,2023,11,Hypertension,81,0
F056,2023,11,Malnutrition,29,0
F056,2023,12,Malaria,176,1
F056,2023,12,Pneumonia,133,0
F056,2023,12,Diarrhoea,121,1
F056,2023,12,TB,14,0
F056,2023,12,HIV/AIDS,19,0
F056,2023,12,Typhoid,46,0
F056,2023,12,Anaemia,79,0
F056,2023,12,Diabetes,27,0
F056,2023,12,Hypertension,39,0
F056,2023,12,Malnutrition,33,0
F056,2024,1,Malaria,151,0
F056,2024,1,Pneumonia,111,1
F056,2024,1,Diarrhoea,88,0
F056,2024,1,TB,17,0
F056,2024,1,HIV/AIDS,34,0
F056,2024,1,Typhoid,68,0
F056,2024,1,Anaemia,58,0
F056,2024,1,Diabetes,25,0
F056,2024,1,Hypertension,52,0
F056,2024,1,Malnutrition,39,0
F056,2024,2,Malaria,193,2
F056,2024,2,Pneumonia,129,0
F056,2024,2,Diarrhoea,186,2
F056,2024,2,TB,18,0
F056,2024,2,HIV/AIDS,30,0
F056,2024,2,Typhoid,58,0
F056,2024,2,Anaemia,51,0
F056,2024,2,Diabetes,30,0
F056,2024,2,Hypertension,42,0
F056,2024,2,Malnutrition,27,0
F056,2024,3,Malaria,245,0
F056,2024,3,Pneumonia,123,1
F056,2024,3,Diarrhoea,114,1
F056,2024,3,TB,21,0
F056,2024,3,HIV/AIDS,29,0
F056,2024,3,Typhoid,51,0
F056,2024,3,Anaemia,68,0
F056,2024,3,Diabetes,25,0
F056,2024,3,Hypertension,85,0
F056,2024,3,Malnutrition,38,0
F056,2024,4,Malaria,179,2
F056,2024,4,Pneumonia,80,0
F056,2024,4,Diarrhoea,135,0
F056,2024,4,TB,20,0
F056,2024,4,HIV/AIDS,33,0
F056,2024,4,Typhoid,69,0
F056,2024,4,Anaemia,53,0
F056,2024,4,Diabetes,45,0
F056,2024,4,Hypertension,55,0
F056,2024,4,Malnutrition,30,0
F056,2024,5,Malaria,273,1
F056,2024,5,Pneumonia,86,0
F056,2024,5,Diarrhoea,104,1
F056,2024,5,TB,21,0
F056,2024,5,HIV/AIDS,30,0
F056,2024,5,Typhoid,40,0
F056,2024,5,Anaemia,68,0
F056,2024,5,Diabetes,41,0
F056,2024,5,Hypertension,41,0
F056,2024,5,Malnutrition,58,0
F056,2024,6,Malaria,167,2
F056,2024,6,Pneumonia,124,0
F056,2024,6,Diarrhoea,200,1
F056,2024,6,TB,14,0
F056,2024,6,HIV/AIDS,24,0
F056,2024,6,Typhoid,72,1
F056,2024,6,Anaemia,89,0
F056,2024,6,Diabetes,42,0
F056,2024,6,Hypertension,71,1
F056,2024,6,Malnutrition,28,0
F056,2024,7,Malaria,197,1
F056,2024,7,Pneumonia,122,1
F056,2024,7,Diarrhoea,91,1
F056,2024,7,TB,22,0
F056,2024,7,HIV/AIDS,21,0
F056,2024,7,Typhoid,43,0
F056,2024,7,Anaemia,90,1
F056,2024,7,Diabetes,37,0
F056,2024,7,Hypertension,67,0
F056,2024,7,Malnutrition,32,0
F056,2024,8,Malaria,289,0
F056,2024,8,Pneumonia,69,0
F056,2024,8,Diarrhoea,105,1
F056,2024,8,TB,17,0
F056,2024,8,HIV/AIDS,21,0
F056,2024,8,Typhoid,54,0
F056,2024,8,Anaemia,72,0
F056,2024,8,Diabetes,34,0
F056,2024,8,Hypertension,71,0
F056,2024,8,Malnutrition,48,0
F056,2024,9,Malaria,222,1
F056,2024,9,Pneumonia,68,0
F056,2024,9,Diarrhoea,91,0
F056,2024,9,TB,16,0
F056,2024,9,HIV/AIDS,19,0
F056,2024,9,Typhoid,69,0
F056,2024,9,Anaemia,70,0
F056,2024,9,Diabetes,31,0
F056,2024,9,Hypertension,65,0
F056,2024,9,Malnutrition,32,0
F056,2024,10,Malaria,296,3
F056,2024,10,Pneumonia,85,0
F056,2024,10,Diarrhoea,134,0
F056,2024,10,TB,13,0
F056,2024,10,HIV/AIDS,24,0
F056,2024,10,Typhoid,74,0
F056,2024,10,Anaemia,92,0
F056,2024,10,Diabetes,48,0
F056,2024,10,Hypertension,54,0
F056,2024,10,Malnutrition,53,0
F056,2024,11,Malaria,210,1
F056,2024,11,Pneumonia,91,1
F056,2024,11,Diarrhoea,94,1
F056,2024,11,TB,16,0
F056,2024,11,HIV/AIDS,34,0
F056,2024,11,Typhoid,56,0
F056,2024,11,Anaemia,83,0
F056,2024,11,Diabetes,47,0
F056,2024,11,Hypertension,77,0
F056,2024,11,Malnutrition,55,0
F056,2024,12,Malaria,262,3
F056,2024,12,Pneumonia,125,0
F056,2024,12,Diarrhoea,122,0
F056,2024,12,TB,22,0
F056,2024,12,HIV/AIDS,27,0
F056,2024,12,Typhoid,36,0
F056,2024,12,Anaemia,53,0
F056,2024,12,Diabetes,30,0
F056,2024,12,Hypertension,54,0
F056,2024,12,Malnutrition,48,0
F057,2023,1,Malaria,42,0
F057,2023,1,Pneumonia,12,0
F057,2023,1,Diarrhoea,22,0
F057,2023,1,TB,2,0
F057,2023,1,HIV/AIDS,3,0
F057,2023,1,Typhoid,9,0
F057,2023,1,Anaemia,12,0
F057,2023,1,Diabetes,5,0
F057,2023,1,Hypertension,11,0
F057,2023,1,Malnutrition,8,0
F057,2023,2,Malaria,39,0
F057,2023,2,Pneumonia,23,0
F057,2023,2,Diarrhoea,26,0
F057,2023,2,TB,3,0
F057,2023,2,HIV/AIDS,5,0
F057,2023,2,Typhoid,12,0
F057,2023,2,Anaemia,10,0
F057,2023,2,Diabetes,4,0
F057,2023,2,Hypertension,9,0
F057,2023,2,Malnutrition,8,0
F057,2023,3,Malaria,38,0
F057,2023,3,Pneumonia,17,0
F057,2023,3,Diarrhoea,27,0
F057,2023,3,TB,3,0
F057,2023,3,HIV/AIDS,5,0
F057,2023,3,Typhoid,12,0
F057,2023,3,Anaemia,8,0
F057,2023,3,Diabetes,5,0
F057,2023,3,Hypertension,11,0
F057,2023,3,Malnutrition,5,0
F057,2023,4,Malaria,45,0
F057,2023,4,Pneumonia,18,0
F057,2023,4,Diarrhoea,24,0
F057,2023,4,TB,3,0
F057,2023,4,HIV/AIDS,5,0
F057,2023,4,Typhoid,7,0
F057,2023,4,Anaemia,10,0
F057,2023,4,Diabetes,4,0
F057,2023,4,Hypertension,7,0
F057,2023,4,Malnutrition,9,0
F057,2023,5,Malaria,44,0
F057,2023,5,Pneumonia,15,0
F057,2023,5,Diarrhoea,17,0
F057,2023,5,TB,4,0
F057,2023,5,HIV/AIDS,5,0
F057,2023,5,Typhoid,11,0
F057,2023,5,Anaemia,8,0
F057,2023,5,Diabetes,7,0
F057,2023,5,Hypertension,7,0
F057,2023,5,Malnutrition,8,0
F057,2023,6,Malaria,28,0
F057,2023,6,Pneumonia,16,0
F057,2023,6,Diarrhoea,15,0
F057,2023,6,TB,4,0
F057,2023,6,HIV/AIDS,5,0
F057,2023,6,Typhoid,5,0
F057,2023,6,Anaemia,12,0
F057,2023,6,Diabetes,7,0
F057,2023,6,Hypertension,12,0
F057,2023,6,Malnutrition,7,0
F057,2023,7,Malaria,49,0
F057,2023,7,Pneumonia,14,0
F057,2023,7,Diarrhoea,31,0
F057,2023,7,TB,1,0
F057,2023,7,HIV/AIDS,6,0
F057,2023,7,Typhoid,10,0
F057,2023,7,Anaemia,8,0
F057,2023,7,Diabetes,6,0
F057,2023,7,Hypertension,13,0
F057,2023,7,Malnutrition,6,0
F057,2023,8,Malaria,37,0
F057,2023,8,Pneumonia,20,0
F057,2023,8,Diarrhoea,16,0
F057,2023,8,TB,1,0
F057,2023,8,HIV/AIDS,5,0
F057,2023,8,Typhoid,8,0
F057,2023,8,Anaemia,8,0
F057,2023,8,Diabetes,8,0
F057,2023,8,Hypertension,10,0
F057,2023,8,Malnutrition,5,0
F057,2023,9,Malaria,37,0
F057,2023,9,Pneumonia,21,0
F057,2023,9,Diarrhoea,17,0
F057,2023,9,TB,1,0
F057,2023,9,HIV/AIDS,4,0
F057,2023,9,Typhoid,5,0
F057,2023,9,Anaemia,9,0
F057,2023,9,Diabetes,4,0
F057,2023,9,Hypertension,7,0
F057,2023,9,Malnutrition,6,0
F057,2023,10,Malaria,27,0
F057,2023,10,Pneumonia,21,0
F057,2023,10,Diarrhoea,17,0
F057,2023,10,TB,1,0
F057,2023,10,HIV/AIDS,4,0
F057,2023,10,Typhoid,8,0
F057,2023,10,Anaemia,8,0
F057,2023,10,Diabetes,6,0
F057,2023,10,Hypertension,14,0
F057,2023,10,Malnutrition,9,0
F057,2023,11,Malaria,30,0
F057,2023,11,Pneumonia,20,0
F057,2023,11,Diarrhoea,27,0
F057,2023,11,TB,3,0
F057,2023,11,HIV/AIDS,5,0
F057,2023,11,Typhoid,8,0
F057,2023,11,Anaemia,15,0
F057,2023,11,Diabetes,7,0
F057,2023,11,Hypertension,8,0
F057,2023,11,Malnutrition,5,0
F057,2023,12,Malaria,44,0
F057,2023,12,Pneumonia,22,0
F057,2023,12,Diarrhoea,31,0
F057,2023,12,TB,3,0
F057,2023,12,HIV/AIDS,4,0
F057,2023,12,Typhoid,12,0
F057,2023,12,Anaemia,14,0
F057,2023,12,Diabetes,3,0
F057,2023,12,Hypertension,10,0
F057,2023,12,Malnutrition,4,0
F057,2024,1,Malaria,22,0
F057,2024,1,Pneumonia,25,0
F057,2024,1,Diarrhoea,14,0
F057,2024,1,TB,4,0
F057,2024,1,HIV/AIDS,4,0
F057,2024,1,Typhoid,6,0
F057,2024,1,Anaemia,8,0
F057,2024,1,Diabetes,6,0
F057,2024,1,Hypertension,13,0
F057,2024,1,Malnutrition,5,0
F057,2024,2,Malaria,23,0
F057,2024,2,Pneumonia,20,0
F057,2024,2,Diarrhoea,17,0
F057,2024,2,TB,2,0
F057,2024,2,HIV/AIDS,5,0
F057,2024,2,Typhoid,6,0
F057,2024,2,Anaemia,11,0
F057,2024,2,Diabetes,7,0
F057,2024,2,Hypertension,14,0
F057,2024,2,Malnutrition,5,0
F057,2024,3,Malaria,41,0
F057,2024,3,Pneumonia,21,0
F057,2024,3,Diarrhoea,24,0
F057,2024,3,TB,2,0
F057,2024,3,HIV/AIDS,5,0
F057,2024,3,Typhoid,8,0
F057,2024,3,Anaemia,12,0
F057,2024,3,Diabetes,4,0
F057,2024,3,Hypertension,9,0
F057,2024,3,Malnutrition,5,0
F057,2024,4,Malaria,44,0
F057,2024,4,Pneumonia,11,0
F057,2024,4,Diarrhoea,16,0
F057,2024,4,TB,4,0
F057,2024,4,HIV/AIDS,5,0
F057,2024,4,Typhoid,12,0
F057,2024,4,Anaemia,14,0
F057,2024,4,Diabetes,6,0
F057,2024,4,Hypertension,6,0
F057,2024,4,Malnutrition,7,0
F057,2024,5,Malaria,21,0
F057,2024,5,Pneumonia,15,0
F057,2024,5,Diarrhoea,22,0
F057,2024,5,TB,1,0
F057,2024,5,HIV/AIDS,4,0
F057,2024,5,Typhoid,9,0
F057,2024,5,Anaemia,7,0
F057,2024,5,Diabetes,4,0
F057,2024,5,Hypertension,10,0
F057,2024,5,Malnutrition,6,0
F057,2024,6,Malaria,48,0
F057,2024,6,Pneumonia,15,0
F057,2024,6,Diarrhoea,16,0
F057,2024,6,TB,2,0
F057,2024,6,HIV/AIDS,4,0
F057,2024,6,Typhoid,12,0
F057,2024,6,Anaemia,8,0
F057,2024,6,Diabetes,7,0
F057,2024,6,Hypertension,8,0
F057,2024,6,Malnutrition,5,0
F057,2024,7,Malaria,23,0
F057,2024,7,Pneumonia,11,0
F057,2024,7,Diarrhoea,30,0
F057,2024,7,TB,1,0
F057,2024,7,HIV/AIDS,2,0
F057,2024,7,Typhoid,7,0
F057,2024,7,Anaemia,7,0
F057,2024,7,Diabetes,6,0
F057,2024,7,Hypertension,13,0
F057,2024,7,Malnutrition,4,0
F057,2024,8,Malaria,23,0
F057,2024,8,Pneumonia,18,0
F057,2024,8,Diarrhoea,30,0
F057,2024,8,TB,3,0
F057,2024,8,HIV/AIDS,6,0
F057,2024,8,Typhoid,6,0
F057,2024,8,Anaemia,14,0
F057,2024,8,Diabetes,3,0
F057,2024,8,Hypertension,11,0
F057,2024,8,Malnutrition,6,0
F057,2024,9,Malaria,48,0
F057,2024,9,Pneumonia,20,0
F057,2024,9,Diarrhoea,15,0
F057,2024,9,TB,4,0
F057,2024,9,HIV/AIDS,3,0
F057,2024,9,Typhoid,10,0
F057,2024,9,Anaemia,13,0
F057,2024,9,Diabetes,5,0
F057,2024,9,Hypertension,13,0
F057,2024,9,Malnutrition,7,0
F057,2024,10,Malaria,24,0
F057,2024,10,Pneumonia,13,0
F057,2024,10,Diarrhoea,22,0
F057,2024,10,TB,4,0
F057,2024,10,HIV/AIDS,6,0
F057,2024,10,Typhoid,5,0
F057,2024,10,Anaemia,13,0
F057,2024,10,Diabetes,4,0
F057,2024,10,Hypertension,14,0
F057,2024,10,Malnutrition,7,0
F057,2024,11,Malaria,34,0
F057,2024,11,Pneumonia,23,0
F057,2024,11,Diarrhoea,15,0
F057,2024,11,TB,3,0
F057,2024,11,HIV/AIDS,3,0
F057,2024,11,Typhoid,9,0
F057,2024,11,Anaemia,9,0
F057,2024,11,Diabetes,5,0
F057,2024,11,Hypertension,14,0
F057,2024,11,Malnutrition,9,0
F057,2024,12,Malaria,39,0
F057,2024,12,Pneumonia,17,0
F057,2024,12,Diarrhoea,14,0
F057,2024,12,TB,2,0
F057,2024,12,HIV/AIDS,4,0
F057,2024,12,Typhoid,8,0
F057,2024,12,Anaemia,14,0
F057,2024,12,Diabetes,5,0
F057,2024,12,Hypertension,10,0
F057,2024,12,Malnutrition,8,0
F058,2023,1,Malaria,376,2
F058,2023,1,Pneumonia,217,2
F058,2023,1,Diarrhoea,210,2
F058,2023,1,TB,32,0
F058,2023,1,HIV/AIDS,46,0
F058,2023,1,Typhoid,83,0
F058,2023,1,Anaemia,86,0
F058,2023,1,Diabetes,82,1
F058,2023,1,Hypertension,132,1
F058,2023,1,Malnutrition,98,1
F058,2023,2,Malaria,397,0
F058,2023,2,Pneumonia,123,0
F058,2023,2,Diarrhoea,191,2
F058,2023,2,TB,20,0
F058,2023,2,HIV/AIDS,31,0
F058,2023,2,Typhoid,103,0
F058,2023,2,Anaemia,138,0
F058,2023,2,Diabetes,82,0
F058,2023,2,Hypertension,96,1
F058,2023,2,Malnutrition,76,0
F058,2023,3,Malaria,471,1
F058,2023,3,Pneumonia,174,0
F058,2023,3,Diarrhoea,195,1
F058,2023,3,TB,35,0
F058,2023,3,HIV/AIDS,58,0
F058,2023,3,Typhoid,68,0
F058,2023,3,Anaemia,161,0
F058,2023,3,Diabetes,41,0
F058,2023,3,Hypertension,137,0
F058,2023,3,Malnutrition,104,0
F058,2023,4,Malaria,400,1
F058,2023,4,Pneumonia,225,2
F058,2023,4,Diarrhoea,246,1
F058,2023,4,TB,38,0
F058,2023,4,HIV/AIDS,40,0
F058,2023,4,Typhoid,118,0
F058,2023,4,Anaemia,131,0
F058,2023,4,Diabetes,79,0
F058,2023,4,Hypertension,104,0
F058,2023,4,Malnutrition,99,1
F058,2023,5,Malaria,299,2
F058,2023,5,Pneumonia,234,3
F058,2023,5,Diarrhoea,177,1
F058,2023,5,TB,22,0
F058,2023,5,HIV/AIDS,59,0
F058,2023,5,Typhoid,117,0
F058,2023,5,Anaemia,133,1
F058,2023,5,Diabetes,53,0
F058,2023,5,Hypertension,68,0
F058,2023,5,Malnutrition,52,0
F058,2023,6,Malaria,487,1
F058,2023,6,Pneumonia,184,2
F058,2023,6,Diarrhoea,236,2
F058,2023,6,TB,40,0
F058,2023,6,HIV/AIDS,28,0
F058,2023,6,Typhoid,112,0
F058,2023,6,Anaemia,96,1
F058,2023,6,Diabetes,83,0
F058,2023,6,Hypertension,105,0
F058,2023,6,Malnutrition,69,0
F058,2023,7,Malaria,489,5
F058,2023,7,Pneumonia,185,1
F058,2023,7,Diarrhoea,331,4
F058,2023,7,TB,25,0
F058,2023,7,HIV/AIDS,62,0
F058,2023,7,Typhoid,120,1
F058,2023,7,Anaemia,73,0
F058,2023,7,Diabetes,71,0
F058,2023,7,Hypertension,123,0
F058,2023,7,Malnutrition,96,0
F058,2023,8,Malaria,285,2
F058,2023,8,Pneumonia,152,0
F058,2023,8,Diarrhoea,299,3
F058,2023,8,TB,37,0
F058,2023,8,HIV/AIDS,44,0
F058,2023,8,Typhoid,99,0
F058,2023,8,Anaemia,72,0
F058,2023,8,Diabetes,73,0
F058,2023,8,Hypertension,92,0
F058,2023,8,Malnutrition,51,0
F058,2023,9,Malaria,216,2
F058,2023,9,Pneumonia,135,0
F058,2023,9,Diarrhoea,144,0
F058,2023,9,TB,19,0
F058,2023,9,HIV/AIDS,44,0
F058,2023,9,Typhoid,112,0
F058,2023,9,Anaemia,147,2
F058,2023,9,Diabetes,60,0
F058,2023,9,Hypertension,74,1
F058,2023,9,Malnutrition,48,0
F058,2023,10,Malaria,239,2
F058,2023,10,Pneumonia,196,1
F058,2023,10,Diarrhoea,215,2
F058,2023,10,TB,32,0
F058,2023,10,HIV/AIDS,49,0
F058,2023,10,Typhoid,108,0
F058,2023,10,Anaemia,156,0
F058,2023,10,Diabetes,80,0
F058,2023,10,Hypertension,87,0
F058,2023,10,Malnutrition,61,0
F058,2023,11,Malaria,219,1
F058,2023,11,Pneumonia,229,0
F058,2023,11,Diarrhoea,279,2
F058,2023,11,TB,28,0
F058,2023,11,HIV/AIDS,39,0
F058,2023,11,Typhoid,91,1
F058,2023,11,Anaemia,102,0
F058,2023,11,Diabetes,77,0
F058,2023,11,Hypertension,144,1
F058,2023,11,Malnutrition,86,0
F058,2023,12,Malaria,433,3
F058,2023,12,Pneumonia,218,1
F058,2023,12,Diarrhoea,257,0
F058,2023,12,TB,25,0
F058,2023,12,HIV/AIDS,43,0
F058,2023,12,Typhoid,100,1
F058,2023,12,Anaemia,92,0
F058,2023,12,Diabetes,36,0
F058,2023,12,Hypertension,115,0
F058,2023,12,Malnutrition,80,0
F058,2024,1,Malaria,426,3
F058,2024,1,Pneumonia,153,1
F058,2024,1,Diarrhoea,300,1
F058,2024,1,TB,19,0
F058,2024,1,HIV/AIDS,62,0
F058,2024,1,Typhoid,55,0
F058,2024,1,Anaemia,106,0
F058,2024,1,Diabetes,55,0
F058,2024,1,Hypertension,95,1
F058,2024,1,Malnutrition,96,0
F058,2024,2,Malaria,318,3
F058,2024,2,Pneumonia,238,1
F058,2024,2,Diarrhoea,318,1
F058,2024,2,TB,19,0
F058,2024,2,HIV/AIDS,29,0
F058,2024,2,Typhoid,63,0
F058,2024,2,Anaemia,85,0
F058,2024,2,Diabetes,67,0
F058,2024,2,Hypertension,107,1
F058,2024,2,Malnutrition,52,0
F058,2024,3,Malaria,383,0
F058,2024,3,Pneumonia,158,1
F058,2024,3,Diarrhoea,265,1
F058,2024,3,TB,26,0
F058,2024,3,HIV/AIDS,55,0
F058,2024,3,Typhoid,87,0
F058,2024,3,Anaemia,142,1
F058,2024,3,Diabetes,37,0
F058,2024,3,Hypertension,138,1
F058,2024,3,Malnutrition,100,1
F058,2024,4,Malaria,308,4
F058,2024,4,Pneumonia,177,2
F058,2024,4,Diarrhoea,251,2
F058,2024,4,TB,35,0
F058,2024,4,HIV/AIDS,53,0
F058,2024,4,Typhoid,66,0
F058,2024,4,Anaemia,162,1
F058,2024,4,Diabetes,75,0
F058,2024,4,Hypertension,129,1
F058,2024,4,Malnutrition,48,0
F058,2024,5,Malaria,447,5
F058,2024,5,Pneumonia,230,2
F058,2024,5,Diarrhoea,257,2
F058,2024,5,TB,22,0
F058,2024,5,HIV/AIDS,51,0
F058,2024,5,Typhoid,84,1
F058,2024,5,Anaemia,92,0
F058,2024,5,Diabetes,59,0
F058,2024,5,Hypertension,112,1
F058,2024,5,Malnutrition,81,0
F058,2024,6,Malaria,452,4
F058,2024,6,Pneumonia,156,0
F058,2024,6,Diarrhoea,144,1
F058,2024,6,TB,36,0
F058,2024,6,HIV/AIDS,52,0
F058,2024,6,Typhoid,74,0
F058,2024,6,Anaemia,143,1
F058,2024,6,Diabetes,51,0
F058,2024,6,Hypertension,108,0
F058,2024,6,Malnutrition,104,1
F058,2024,7,Malaria,391,3
F058,2024,7,Pneumonia,209,1
F058,2024,7,Diarrhoea,262,1
F058,2024,7,TB,25,0
F058,2024,7,HIV/AIDS,53,0
F058,2024,7,Typhoid,58,0
F058,2024,7,Anaemia,74,0
F058,2024,7,Diabetes,45,0
F058,2024,7,Hypertension,69,0
F058,2024,7,Malnutrition,74,0
F058,2024,8,Malaria,345,2
F058,2024,8,Pneumonia,201,2
F058,2024,8,Diarrhoea,335,4
F058,2024,8,TB,22,0
F058,2024,8,HIV/AIDS,45,0
F058,2024,8,Typhoid,105,1
F058,2024,8,Anaemia,118,1
F058,2024,8,Diabetes,74,0
F058,2024,8,Hypertension,83,1
F058,2024,8,Malnutrition,89,0
F058,2024,9,Malaria,233,2
F058,2024,9,Pneumonia,150,0
F058,2024,9,Diarrhoea,268,1
F058,2024,9,TB,33,0
F058,2024,9,HIV/AIDS,28,0
F058,2024,9,Typhoid,55,0
F058,2024,9,Anaemia,91,0
F058,2024,9,Diabetes,79,0
F058,2024,9,Hypertension,124,1
F058,2024,9,Malnutrition,49,0
F058,2024,10,Malaria,483,3
F058,2024,10,Pneumonia,248,3
F058,2024,10,Diarrhoea,239,1
F058,2024,10,TB,29,0
F058,2024,10,HIV/AIDS,41,0
F058,2024,10,Typhoid,86,0
F058,2024,10,Anaemia,105,0
F058,2024,10,Diabetes,78,0
F058,2024,10,Hypertension,138,1
F058,2024,10,Malnutrition,81,0
F058,2024,11,Malaria,416,1
F058,2024,11,Pneumonia,219,2
F058,2024,11,Diarrhoea,164,0
F058,2024,11,TB,27,0
F058,2024,11,HIV/AIDS,38,0
F058,2024,11,Typhoid,113,0
F058,2024,11,Anaemia,142,0
F058,2024,11,Diabetes,69,0
F058,2024,11,Hypertension,142,0
F058,2024,11,Malnutrition,66,0
F058,2024,12,Malaria,236,3
F058,2024,12,Pneumonia,182,1
F058,2024,12,Diarrhoea,294,2
F058,2024,12,TB,21,0
F058,2024,12,HIV/AIDS,42,0
F058,2024,12,Typhoid,84,0
F058,2024,12,Anaemia,99,0
F058,2024,12,Diabetes,66,0
F058,2024,12,Hypertension,132,0
F058,2024,12,Malnutrition,75,0
F059,2023,1,Malaria,24,0
F059,2023,1,Pneumonia,24,0
F059,2023,1,Diarrhoea,25,0
F059,2023,1,TB,4,0
F059,2023,1,HIV/AIDS,4,0
F059,2023,1,Typhoid,11,0
F059,2023,1,Anaemia,7,0
F059,2023,1,Diabetes,3,0
F059,2023,1,Hypertension,13,0
F059,2023,1,Malnutrition,6,0
F059,2023,2,Malaria,26,0
F059,2023,2,Pneumonia,21,0
F059,2023,2,Diarrhoea,26,0
F059,2023,2,TB,3,0
F059,2023,2,HIV/AIDS,4,0
F059,2023,2,Typhoid,9,0
F059,2023,2,Anaemia,12,0
F059,2023,2,Diabetes,6,0
F059,2023,2,Hypertension,11,0
F059,2023,2,Malnutrition,9,0
F059,2023,3,Malaria,23,0
F059,2023,3,Pneumonia,15,0
F059,2023,3,Diarrhoea,28,0
F059,2023,3,TB,2,0
F059,2023,3,HIV/AIDS,4,0
F059,2023,3,Typhoid,12,0
F059,2023,3,Anaemia,14,0
F059,2023,3,Diabetes,7,0
F059,2023,3,Hypertension,8,0
F059,2023,3,Malnutrition,5,0
F059,2023,4,Malaria,49,0
F059,2023,4,Pneumonia,21,0
F059,2023,4,Diarrhoea,24,0
F059,2023,4,TB,2,0
F059,2023,4,HIV/AIDS,2,0
F059,2023,4,Typhoid,10,0
F059,2023,4,Anaemia,10,0
F059,2023,4,Diabetes,7,0
F059,2023,4,Hypertension,10,0
F059,2023,4,Malnutrition,10,0
F059,2023,5,Malaria,28,0
F059,2023,5,Pneumonia,21,0
F059,2023,5,Diarrhoea,31,0
F059,2023,5,TB,3,0
F059,2023,5,HIV/AIDS,2,0
F059,2023,5,Typhoid,10,0
F059,2023,5,Anaemia,15,0
F059,2023,5,Diabetes,6,0
F059,2023,5,Hypertension,12,0
F059,2023,5,Malnutrition,8,0
F059,2023,6,Malaria,24,0
F059,2023,6,Pneumonia,10,0
F059,2023,6,Diarrhoea,26,0
F059,2023,6,TB,3,0
F059,2023,6,HIV/AIDS,3,0
F059,2023,6,Typhoid,11,0
F059,2023,6,Anaemia,9,0
F059,2023,6,Diabetes,6,0
F059,2023,6,Hypertension,13,0
F059,2023,6,Malnutrition,9,0
F059,2023,7,Malaria,35,0
F059,2023,7,Pneumonia,15,0
F059,2023,7,Diarrhoea,21,0
F059,2023,7,TB,3,0
F059,2023,7,HIV/AIDS,6,0
F059,2023,7,Typhoid,7,0
F059,2023,7,Anaemia,13,0
F059,2023,7,Diabetes,5,0
F059,2023,7,Hypertension,13,0
F059,2023,7,Malnutrition,10,0
F059,2023,8,Malaria,49,0
F059,2023,8,Pneumonia,16,0
F059,2023,8,Diarrhoea,21,0
F059,2023,8,TB,1,0
F059,2023,8,HIV/AIDS,4,0
F059,2023,8,Typhoid,8,0
F059,2023,8,Anaemia,7,0
F059,2023,8,Diabetes,5,0
F059,2023,8,Hypertension,7,0
F059,2023,8,Malnutrition,6,0
F059,2023,9,Malaria,25,0
F059,2023,9,Pneumonia,16,0
F059,2023,9,Diarrhoea,15,0
F059,2023,9,TB,3,0
F059,2023,9,HIV/AIDS,4,0
F059,2023,9,Typhoid,7,0
F059,2023,9,Anaemia,13,0
F059,2023,9,Diabetes,5,0
F059,2023,9,Hypertension,10,0
F059,2023,9,Malnutrition,7,0
F059,2023,10,Malaria,33,0
F059,2023,10,Pneumonia,19,0
F059,2023,10,Diarrhoea,15,0
F059,2023,10,TB,3,0
F059,2023,10,HIV/AIDS,3,0
F059,2023,10,Typhoid,11,0
F059,2023,10,Anaemia,14,0
F059,2023,10,Diabetes,7,0
F059,2023,10,Hypertension,7,0
F059,2023,10,Malnutrition,5,0
F059,2023,11,Malaria,33,0
F059,2023,11,Pneumonia,21,0
F059,2023,11,Diarrhoea,21,0
F059,2023,11,TB,3,0
F059,2023,11,HIV/AIDS,5,0
F059,2023,11,Typhoid,7,0
F059,2023,11,Anaemia,13,0
F059,2023,11,Diabetes,5,0
F059,2023,11,Hypertension,13,0
F059,2023,11,Malnutrition,9,0
F059,2023,12,Malaria,21,0
F059,2023,12,Pneumonia,16,0
F059,2023,12,Diarrhoea,28,0
F059,2023,12,TB,2,0
F059,2023,12,HIV/AIDS,3,0
F059,2023,12,Typhoid,9,0
F059,2023,12,Anaemia,7,0
F059,2023,12,Diabetes,3,0
F059,2023,12,Hypertension,6,0
F059,2023,12,Malnutrition,5,0
F059,2024,1,Malaria,27,0
F059,2024,1,Pneumonia,21,0
F059,2024,1,Diarrhoea,22,0
F059,2024,1,TB,4,0
F059,2024,1,HIV/AIDS,5,0
F059,2024,1,Typhoid,10,0
F059,2024,1,Anaemia,15,0
F059,2024,1,Diabetes,6,0
F059,2024,1,Hypertension,7,0
F059,2024,1,Malnutrition,9,0
F059,2024,2,Malaria,41,0
F059,2024,2,Pneumonia,22,0
F059,2024,2,Diarrhoea,25,0
F059,2024,2,TB,4,0
F059,2024,2,HIV/AIDS,5,0
F059,2024,2,Typhoid,6,0
F059,2024,2,Anaemia,13,0
F059,2024,2,Diabetes,4,0
F059,2024,2,Hypertension,7,0
F059,2024,2,Malnutrition,7,0
F059,2024,3,Malaria,22,0
F059,2024,3,Pneumonia,19,0
F059,2024,3,Diarrhoea,21,0
F059,2024,3,TB,3,0
F059,2024,3,HIV/AIDS,4,0
F059,2024,3,Typhoid,10,0
F059,2024,3,Anaemia,16,0
F059,2024,3,Diabetes,6,0
F059,2024,3,Hypertension,7,0
F059,2024,3,Malnutrition,7,0
F059,2024,4,Malaria,26,0
F059,2024,4,Pneumonia,14,0
F059,2024,4,Diarrhoea,30,0
F059,2024,4,TB,2,0
F059,2024,4,HIV/AIDS,3,0
F059,2024,4,Typhoid,10,0
F059,2024,4,Anaemia,9,0
F059,2024,4,Diabetes,7,0
F059,2024,4,Hypertension,12,0
F059,2024,4,Malnutrition,9,0
F059,2024,5,Malaria,31,0
F059,2024,5,Pneumonia,22,0
F059,2024,5,Diarrhoea,15,0
F059,2024,5,TB,2,0
F059,2024,5,HIV/AIDS,5,0
F059,2024,5,Typhoid,11,0
F059,2024,5,Anaemia,8,0
F059,2024,5,Diabetes,6,0
F059,2024,5,Hypertension,11,0
F059,2024,5,Malnutrition,5,0
F059,2024,6,Malaria,49,0
F059,2024,6,Pneumonia,18,0
F059,2024,6,Diarrhoea,14,0
F059,2024,6,TB,2,0
F059,2024,6,HIV/AIDS,4,0
F059,2024,6,Typhoid,7,0
F059,2024,6,Anaemia,11,0
F059,2024,6,Diabetes,7,0
F059,2024,6,Hypertension,13,0
F059,2024,6,Malnutrition,9,0
F059,2024,7,Malaria,25,0
F059,2024,7,Pneumonia,21,0
F059,2024,7,Diarrhoea,25,0
F059,2024,7,TB,2,0
F059,2024,7,HIV/AIDS,5,0
F059,2024,7,Typhoid,11,0
F059,2024,7,Anaemia,10,0
F059,2024,7,Diabetes,6,0
F059,2024,7,Hypertension,11,0
F059,2024,7,Malnutrition,6,0
F059,2024,8,Malaria,34,0
F059,2024,8,Pneumonia,25,0
F059,2024,8,Diarrhoea,15,0
F059,2024,8,TB,4,0
F059,2024,8,HIV/AIDS,4,0
F059,2024,8,Typhoid,5,0
F059,2024,8,Anaemia,15,0
F059,2024,8,Diabetes,7,0
F059,2024,8,Hypertension,12,0
F059,2024,8,Malnutrition,8,0
F059,2024,9,Malaria,36,0
F059,2024,9,Pneumonia,13,0
F059,2024,9,Diarrhoea,33,0
F059,2024,9,TB,2,0
F059,2024,9,HIV/AIDS,4,0
F059,2024,9,Typhoid,11,0
F059,2024,9,Anaemia,12,0
F059,2024,9,Diabetes,4,0
F059,2024,9,Hypertension,9,0
F059,2024,9,Malnutrition,9,0
F059,2024,10,Malaria,33,0
F059,2024,10,Pneumonia,17,0
F059,2024,10,Diarrhoea,32,0
F059,2024,10,TB,3,0
F059,2024,10,HIV/AIDS,5,0
F059,2024,10,Typhoid,9,0
F059,2024,10,Anaemia,16,0
F059,2024,10,Diabetes,3,0
F059,2024,10,Hypertension,13,0
F059,2024,10,Malnutrition,6,0
F059,2024,11,Malaria,49,0
F059,2024,11,Pneumonia,24,0
F059,2024,11,Diarrhoea,22,0
F059,2024,11,TB,2,0
F059,2024,11,HIV/AIDS,5,0
F059,2024,11,Typhoid,8,0
F059,2024,11,Anaemia,8,0
F059,2024,11,Diabetes,3,0
F059,2024,11,Hypertension,13,0
F059,2024,11,Malnutrition,6,0
F059,2024,12,Malaria,27,0
F059,2024,12,Pneumonia,17,0
F059,2024,12,Diarrhoea,21,0
F059,2024,12,TB,3,0
F059,2024,12,HIV/AIDS,3,0
F059,2024,12,Typhoid,9,0
F059,2024,12,Anaemia,10,0
F059,2024,12,Diabetes,7,0
F059,2024,12,Hypertension,10,0
F059,2024,12,Malnutrition,8,0
F060,2023,1,Malaria,317,4
F060,2023,1,Pneumonia,169,0
F060,2023,1,Diarrhoea,307,1
F060,2023,1,TB,41,0
F060,2023,1,HIV/AIDS,48,0
F060,2023,1,Typhoid,114,0
F060,2023,1,Anaemia,102,1
F060,2023,1,Diabetes,73,0
F060,2023,1,Hypertension,120,1
F060,2023,1,Malnutrition,75,0
F060,2023,2,Malaria,460,5
F060,2023,2,Pneumonia,163,2
F060,2023,2,Diarrhoea,260,1
F060,2023,2,TB,35,0
F060,2023,2,HIV/AIDS,29,0
F060,2023,2,Typhoid,58,0
F060,2023,2,Anaemia,75,0
F060,2023,2,Diabetes,60,0
F060,2023,2,Hypertension,95,1
F060,2023,2,Malnutrition,87,0
F060,2023,3,Malaria,425,2
F060,2023,3,Pneumonia,229,2
F060,2023,3,Diarrhoea,188,1
F060,2023,3,TB,41,0
F060,2023,3,HIV/AIDS,36,0
F060,2023,3,Typhoid,95,0
F060,2023,3,Anaemia,127,1
F060,2023,3,Diabetes,61,0
F060,2023,3,Hypertension,79,0
F060,2023,3,Malnutrition,62,0
F060,2023,4,Malaria,371,1
F060,2023,4,Pneumonia,222,0
F060,2023,4,Diarrhoea,265,0
F060,2023,4,TB,41,0
F060,2023,4,HIV/AIDS,28,0
F060,2023,4,Typhoid,97,1
F060,2023,4,Anaemia,73,0
F060,2023,4,Diabetes,67,0
F060,2023,4,Hypertension,132,0
F060,2023,4,Malnutrition,71,0
F060,2023,5,Malaria,452,0
F060,2023,5,Pneumonia,206,2
F060,2023,5,Diarrhoea,170,1
F060,2023,5,TB,35,0
F060,2023,5,HIV/AIDS,62,0
F060,2023,5,Typhoid,84,1
F060,2023,5,Anaemia,109,0
F060,2023,5,Diabetes,70,0
F060,2023,5,Hypertension,89,1
F060,2023,5,Malnutrition,49,0
F060,2023,6,Malaria,489,2
F060,2023,6,Pneumonia,201,1
F060,2023,6,Diarrhoea,301,2
F060,2023,6,TB,23,0
F060,2023,6,HIV/AIDS,37,0
F060,2023,6,Typhoid,67,0
F060,2023,6,Anaemia,121,0
F060,2023,6,Diabetes,43,0
F060,2023,6,Hypertension,118,1
F060,2023,6,Malnutrition,97,1
F060,2023,7,Malaria,419,1
F060,2023,7,Pneumonia,216,0
F060,2023,7,Diarrhoea,176,0
F060,2023,7,TB,20,0
F060,2023,7,HIV/AIDS,47,0
F060,2023,7,Typhoid,62,0
F060,2023,7,Anaemia,155,0
F060,2023,7,Diabetes,58,0
F060,2023,7,Hypertension,91,1
F060,2023,7,Malnutrition,69,0
F060,2023,8,Malaria,236,0
F060,2023,8,Pneumonia,209,2
F060,2023,8,Diarrhoea,271,2
F060,2023,8,TB,21,0
F060,2023,8,HIV/AIDS,35,0
F060,2023,8,Typhoid,92,1
F060,2023,8,Anaemia,114,1
F060,2023,8,Diabetes,48,0
F060,2023,8,Hypertension,115,1
F060,2023,8,Malnutrition,59,0
F060,2023,9,Malaria,276,0
F060,2023,9,Pneumonia,171,1
F060,2023,9,Diarrhoea,165,2
F060,2023,9,TB,22,0
F060,2023,9,HIV/AIDS,43,0
F060,2023,9,Typhoid,81,0
F060,2023,9,Anaemia,156,0
F060,2023,9,Diabetes,80,0
F060,2023,9,Hypertension,133,1
F060,2023,9,Malnutrition,60,0
F060,2023,10,Malaria,415,2
F060,2023,10,Pneumonia,140,0
F060,2023,10,Diarrhoea,178,1
F060,2023,10,TB,25,0
F060,2023,10,HIV/AIDS,51,0
F060,2023,10,Typhoid,91,0
F060,2023,10,Anaemia,154,0
F060,2023,10,Diabetes,56,0
F060,2023,10,Hypertension,113,1
F060,2023,10,Malnutrition,87,1
F060,2023,11,Malaria,321,0
F060,2023,11,Pneumonia,241,3
F060,2023,11,Diarrhoea,204,1
F060,2023,11,TB,39,0
F060,2023,11,HIV/AIDS,46,0
F060,2023,11,Typhoid,77,0
F060,2023,11,Anaemia,142,1
F060,2023,11,Diabetes,37,0
F060,2023,11,Hypertension,118,1
F060,2023,11,Malnutrition,95,0
F060,2023,12,Malaria,495,4
F060,2023,12,Pneumonia,180,0
F060,2023,12,Diarrhoea,157,1
F060,2023,12,TB,24,0
F060,2023,12,HIV/AIDS,29,0
F060,2023,12,Typhoid,77,1
F060,2023,12,Anaemia,76,1
F060,2023,12,Diabetes,50,0
F060,2023,12,Hypertension,91,0
F060,2023,12,Malnutrition,59,0
F060,2024,1,Malaria,371,1
F060,2024,1,Pneumonia,151,2
F060,2024,1,Diarrhoea,213,1
F060,2024,1,TB,25,0
F060,2024,1,HIV/AIDS,29,0
F060,2024,1,Typhoid,116,1
F060,2024,1,Anaemia,153,2
F060,2024,1,Diabetes,66,0
F060,2024,1,Hypertension,107,0
F060,2024,1,Malnutrition,83,1
F060,2024,2,Malaria,492,7
F060,2024,2,Pneumonia,214,2
F060,2024,2,Diarrhoea,233,1
F060,2024,2,TB,33,0
F060,2024,2,HIV/AIDS,41,0
F060,2024,2,Typhoid,120,0
F060,2024,2,Anaemia,132,1
F060,2024,2,Diabetes,58,0
F060,2024,2,Hypertension,103,1
F060,2024,2,Malnutrition,55,0
F060,2024,3,Malaria,278,2
F060,2024,3,Pneumonia,138,1
F060,2024,3,Diarrhoea,269,1
F060,2024,3,TB,31,0
F060,2024,3,HIV/AIDS,58,0
F060,2024,3,Typhoid,91,0
F060,2024,3,Anaemia,155,2
F060,2024,3,Diabetes,74,0
F060,2024,3,Hypertension,123,1
F060,2024,3,Malnutrition,50,0
F060,2024,4,Malaria,493,6
F060,2024,4,Pneumonia,209,0
F060,2024,4,Diarrhoea,288,0
F060,2024,4,TB,40,0
F060,2024,4,HIV/AIDS,41,0
F060,2024,4,Typhoid,103,0
F060,2024,4,Anaemia,142,1
F060,2024,4,Diabetes,53,0
F060,2024,4,Hypertension,86,1
F060,2024,4,Malnutrition,81,0
F060,2024,5,Malaria,474,6
F060,2024,5,Pneumonia,239,0
F060,2024,5,Diarrhoea,291,0
F060,2024,5,TB,23,0
F060,2024,5,HIV/AIDS,28,0
F060,2024,5,Typhoid,65,0
F060,2024,5,Anaemia,117,0
F060,2024,5,Diabetes,50,0
F060,2024,5,Hypertension,88,0
F060,2024,5,Malnutrition,93,0
F060,2024,6,Malaria,325,2
F060,2024,6,Pneumonia,169,2
F060,2024,6,Diarrhoea,256,1
F060,2024,6,TB,21,0
F060,2024,6,HIV/AIDS,55,0
F060,2024,6,Typhoid,58,0
F060,2024,6,Anaemia,153,1
F060,2024,6,Diabetes,61,0
F060,2024,6,Hypertension,143,0
F060,2024,6,Malnutrition,71,0
F060,2024,7,Malaria,411,5
F060,2024,7,Pneumonia,243,0
F060,2024,7,Diarrhoea,147,0
F060,2024,7,TB,26,0
F060,2024,7,HIV/AIDS,45,0
F060,2024,7,Typhoid,100,0
F060,2024,7,Anaemia,161,1
F060,2024,7,Diabetes,54,0
F060,2024,7,Hypertension,79,0
F060,2024,7,Malnutrition,78,0
F060,2024,8,Malaria,245,0
F060,2024,8,Pneumonia,164,2
F060,2024,8,Diarrhoea,242,0
F060,2024,8,TB,40,0
F060,2024,8,HIV/AIDS,41,0
F060,2024,8,Typhoid,91,1
F060,2024,8,Anaemia,147,1
F060,2024,8,Diabetes,49,0
F060,2024,8,Hypertension,70,0
F060,2024,8,Malnutrition,59,0
F060,2024,9,Malaria,419,5
F060,2024,9,Pneumonia,205,0
F060,2024,9,Diarrhoea,162,1
F060,2024,9,TB,34,0
F060,2024,9,HIV/AIDS,35,0
F060,2024,9,Typhoid,66,0
F060,2024,9,Anaemia,85,0
F060,2024,9,Diabetes,76,0
F060,2024,9,Hypertension,87,0
F060,2024,9,Malnutrition,83,0
F060,2024,10,Malaria,479,6
F060,2024,10,Pneumonia,162,0
F060,2024,10,Diarrhoea,254,0
F060,2024,10,TB,38,0
F060,2024,10,HIV/AIDS,45,0
F060,2024,10,Typhoid,59,0
F060,2024,10,Anaemia,166,1
F060,2024,10,Diabetes,38,0
F060,2024,10,Hypertension,68,0
F060,2024,10,Malnutrition,98,0
F060,2024,11,Malaria,386,3
F060,2024,11,Pneumonia,171,1
F060,2024,11,Diarrhoea,208,1
F060,2024,11,TB,33,0
F060,2024,11,HIV/AIDS,56,0
F060,2024,11,Typhoid,113,1
F060,2024,11,Anaemia,98,1
F060,2024,11,Diabetes,55,0
F060,2024,11,Hypertension,108,0
F060,2024,11,Malnutrition,104,1
F060,2024,12,Malaria,279,3
F060,2024,12,Pneumonia,238,1
F060,2024,12,Diarrhoea,154,0
F060,2024,12,TB,34,0
F060,2024,12,HIV/AIDS,34,0
F060,2024,12,Typhoid,68,0
F060,2024,12,Anaemia,96,1
F060,2024,12,Diabetes,58,0
F060,2024,12,Hypertension,116,0
F060,2024,12,Malnutrition,72,0
F061,2023,1,Malaria,36,0
F061,2023,1,Pneumonia,14,0
F061,2023,1,Diarrhoea,33,0
F061,2023,1,TB,3,0
F061,2023,1,HIV/AIDS,4,0
F061,2023,1,Typhoid,9,0
F061,2023,1,Anaemia,9,0
F061,2023,1,Diabetes,4,0
F061,2023,1,Hypertension,8,0
F061,2023,1,Malnutrition,6,0
F061,2023,2,Malaria,44,0
F061,2023,2,Pneumonia,24,0
F061,2023,2,Diarrhoea,27,0
F061,2023,2,TB,3,0
F061,2023,2,HIV/AIDS,2,0
F061,2023,2,Typhoid,9,0
F061,2023,2,Anaemia,12,0
F061,2023,2,Diabetes,6,0
F061,2023,2,Hypertension,11,0
F061,2023,2,Malnutrition,6,0
F061,2023,3,Malaria,34,0
F061,2023,3,Pneumonia,10,0
F061,2023,3,Diarrhoea,17,0
F061,2023,3,TB,2,0
F061,2023,3,HIV/AIDS,5,0
F061,2023,3,Typhoid,8,0
F061,2023,3,Anaemia,14,0
F061,2023,3,Diabetes,8,0
F061,2023,3,Hypertension,13,0
F061,2023,3,Malnutrition,4,0
F061,2023,4,Malaria,41,0
F061,2023,4,Pneumonia,11,0
F061,2023,4,Diarrhoea,23,0
F061,2023,4,TB,3,0
F061,2023,4,HIV/AIDS,3,0
F061,2023,4,Typhoid,12,0
F061,2023,4,Anaemia,14,0
F061,2023,4,Diabetes,8,0
F061,2023,4,Hypertension,8,0
F061,2023,4,Malnutrition,6,0
F061,2023,5,Malaria,38,0
F061,2023,5,Pneumonia,22,0
F061,2023,5,Diarrhoea,21,0
F061,2023,5,TB,2,0
F061,2023,5,HIV/AIDS,4,0
F061,2023,5,Typhoid,11,0
F061,2023,5,Anaemia,11,0
F061,2023,5,Diabetes,4,0
F061,2023,5,Hypertension,10,0
F061,2023,5,Malnutrition,6,0
F061,2023,6,Malaria,45,0
F061,2023,6,Pneumonia,18,0
F061,2023,6,Diarrhoea,16,0
F061,2023,6,TB,3,0
F061,2023,6,HIV/AIDS,3,0
F061,2023,6,Typhoid,8,0
F061,2023,6,Anaemia,13,0
F061,2023,6,Diabetes,4,0
F061,2023,6,Hypertension,12,0
F061,2023,6,Malnutrition,8,0
F061,2023,7,Malaria,35,0
F061,2023,7,Pneumonia,21,0
F061,2023,7,Diarrhoea,28,0
F061,2023,7,TB,3,0
F061,2023,7,HIV/AIDS,5,0
F061,2023,7,Typhoid,9,0
F061,2023,7,Anaemia,16,0
F061,2023,7,Diabetes,5,0
F061,2023,7,Hypertension,11,0
F061,2023,7,Malnutrition,10,0
F061,2023,8,Malaria,27,0
F061,2023,8,Pneumonia,11,0
F061,2023,8,Diarrhoea,31,0
F061,2023,8,TB,2,0
F061,2023,8,HIV/AIDS,3,0
F061,2023,8,Typhoid,8,0
F061,2023,8,Anaemia,12,0
F061,2023,8,Diabetes,7,0
F061,2023,8,Hypertension,10,0
F061,2023,8,Malnutrition,8,0
F061,2023,9,Malaria,27,0
F061,2023,9,Pneumonia,16,0
F061,2023,9,Diarrhoea,17,0
F061,2023,9,TB,3,0
F061,2023,9,HIV/AIDS,4,0
F061,2023,9,Typhoid,12,0
F061,2023,9,Anaemia,9,0
F061,2023,9,Diabetes,3,0
F061,2023,9,Hypertension,7,0
F061,2023,9,Malnutrition,7,0
F061,2023,10,Malaria,30,0
F061,2023,10,Pneumonia,20,0
F061,2023,10,Diarrhoea,20,0
F061,2023,10,TB,3,0
F061,2023,10,HIV/AIDS,5,0
F061,2023,10,Typhoid,7,0
F061,2023,10,Anaemia,7,0
F061,2023,10,Diabetes,7,0
F061,2023,10,Hypertension,11,0
F061,2023,10,Malnutrition,8,0
F061,2023,11,Malaria,22,0
F061,2023,11,Pneumonia,24,0
F061,2023,11,Diarrhoea,25,0
F061,2023,11,TB,2,0
F061,2023,11,HIV/AIDS,5,0
F061,2023,11,Typhoid,6,0
F061,2023,11,Anaemia,12,0
F061,2023,11,Diabetes,5,0
F061,2023,11,Hypertension,8,0
F061,2023,11,Malnutrition,8,0
F061,2023,12,Malaria,46,0
F061,2023,12,Pneumonia,21,0
F061,2023,12,Diarrhoea,15,0
F061,2023,12,TB,2,0
F061,2023,12,HIV/AIDS,3,0
F061,2023,12,Typhoid,8,0
F061,2023,12,Anaemia,12,0
F061,2023,12,Diabetes,4,0
F061,2023,12,Hypertension,12,0
F061,2023,12,Malnutrition,5,0
F061,2024,1,Malaria,22,0
F061,2024,1,Pneumonia,23,0
F061,2024,1,Diarrhoea,31,0
F061,2024,1,TB,2,0
F061,2024,1,HIV/AIDS,5,0
F061,2024,1,Typhoid,11,0
F061,2024,1,Anaemia,11,0
F061,2024,1,Diabetes,5,0
F061,2024,1,Hypertension,13,0
F061,2024,1,Malnutrition,9,0
F061,2024,2,Malaria,44,0
F061,2024,2,Pneumonia,18,0
F061,2024,2,Diarrhoea,23,0
F061,2024,2,TB,1,0
F061,2024,2,HIV/AIDS,6,0
F061,2024,2,Typhoid,6,0
F061,2024,2,Anaemia,11,0
F061,2024,2,Diabetes,4,0
F061,2024,2,Hypertension,7,0
F061,2024,2,Malnutrition,9,0
F061,2024,3,Malaria,37,0
F061,2024,3,Pneumonia,17,0
F061,2024,3,Diarrhoea,32,0
F061,2024,3,TB,3,0
F061,2024,3,HIV/AIDS,4,0
F061,2024,3,Typhoid,12,0
F061,2024,3,Anaemia,12,0
F061,2024,3,Diabetes,7,0
F061,2024,3,Hypertension,11,0
F061,2024,3,Malnutrition,7,0
F061,2024,4,Malaria,26,0
F061,2024,4,Pneumonia,20,0
F061,2024,4,Diarrhoea,31,0
F061,2024,4,TB,3,0
F061,2024,4,HIV/AIDS,5,0
F061,2024,4,Typhoid,9,0
F061,2024,4,Anaemia,10,0
F061,2024,4,Diabetes,4,0
F061,2024,4,Hypertension,8,0
F061,2024,4,Malnutrition,6,0
F061,2024,5,Malaria,30,0
F061,2024,5,Pneumonia,24,0
F061,2024,5,Diarrhoea,30,0
F061,2024,5,TB,3,0
F061,2024,5,HIV/AIDS,4,0
F061,2024,5,Typhoid,6,0
F061,2024,5,Anaemia,7,0
F061,2024,5,Diabetes,7,0
F061,2024,5,Hypertension,10,0
F061,2024,5,Malnutrition,5,0
F061,2024,6,Malaria,50,0
F061,2024,6,Pneumonia,16,0
F061,2024,6,Diarrhoea,15,0
F061,2024,6,TB,3,0
F061,2024,6,HIV/AIDS,4,0
F061,2024,6,Typhoid,6,0
F061,2024,6,Anaemia,13,0
F061,2024,6,Diabetes,7,0
F061,2024,6,Hypertension,14,0
F061,2024,6,Malnutrition,6,0
F061,2024,7,Malaria,35,0
F061,2024,7,Pneumonia,19,0
F061,2024,7,Diarrhoea,21,0
F061,2024,7,TB,3,0
F061,2024,7,HIV/AIDS,5,0
F061,2024,7,Typhoid,8,0
F061,2024,7,Anaemia,10,0
F061,2024,7,Diabetes,7,0
F061,2024,7,Hypertension,13,0
F061,2024,7,Malnutrition,7,0
F061,2024,8,Malaria,40,0
F061,2024,8,Pneumonia,24,0
F061,2024,8,Diarrhoea,15,0
F061,2024,8,TB,3,0
F061,2024,8,HIV/AIDS,4,0
F061,2024,8,Typhoid,7,0
F061,2024,8,Anaemia,7,0
F061,2024,8,Diabetes,7,0
F061,2024,8,Hypertension,10,0
F061,2024,8,Malnutrition,6,0
F061,2024,9,Malaria,24,0
F061,2024,9,Pneumonia,14,0
F061,2024,9,Diarrhoea,15,0
F061,2024,9,TB,2,0
F061,2024,9,HIV/AIDS,2,0
F061,2024,9,Typhoid,6,0
F061,2024,9,Anaemia,13,0
F061,2024,9,Diabetes,5,0
F061,2024,9,Hypertension,12,0
F061,2024,9,Malnutrition,5,0
F061,2024,10,Malaria,34,0
F061,2024,10,Pneumonia,21,0
F061,2024,10,Diarrhoea,22,0
F061,2024,10,TB,4,0
F061,2024,10,HIV/AIDS,5,0
F061,2024,10,Typhoid,6,0
F061,2024,10,Anaemia,8,0
F061,2024,10,Diabetes,8,0
F061,2024,10,Hypertension,8,0
F061,2024,10,Malnutrition,5,0
F061,2024,11,Malaria,33,0
F061,2024,11,Pneumonia,24,0
F061,2024,11,Diarrhoea,31,0
F061,2024,11,TB,3,0
F061,2024,11,HIV/AIDS,6,0
F061,2024,11,Typhoid,12,0
F061,2024,11,Anaemia,7,0
F061,2024,11,Diabetes,8,0
F061,2024,11,Hypertension,10,0
F061,2024,11,Malnutrition,4,0
F061,2024,12,Malaria,44,0
F061,2024,12,Pneumonia,18,0
F061,2024,12,Diarrhoea,15,0
F061,2024,12,TB,3,0
F061,2024,12,HIV/AIDS,5,0
F061,2024,12,Typhoid,11,0
F061,2024,12,Anaemia,13,0
F061,2024,12,Diabetes,7,0
F061,2024,12,Hypertension,6,0
F061,2024,12,Malnutrition,10,0
F062,2023,1,Malaria,279,0
F062,2023,1,Pneumonia,131,0
F062,2023,1,Diarrhoea,180,1
F062,2023,1,TB,17,0
F062,2023,1,HIV/AIDS,23,0
F062,2023,1,Typhoid,46,0
F062,2023,1,Anaemia,53,0
F062,2023,1,Diabetes,49,0
F062,2023,1,Hypertension,81,1
F062,2023,1,Malnutrition,36,0
F062,2023,2,Malaria,250,3
F062,2023,2,Pneumonia,108,0
F062,2023,2,Diarrhoea,94,0
F062,2023,2,TB,10,0
F062,2023,2,HIV/AIDS,17,0
F062,2023,2,Typhoid,54,0
F062,2023,2,Anaemia,69,0
F062,2023,2,Diabetes,28,0
F062,2023,2,Hypertension,60,0
F062,2023,2,Malnutrition,60,0
F062,2023,3,Malaria,196,1
F062,2023,3,Pneumonia,136,0
F062,2023,3,Diarrhoea,99,0
F062,2023,3,TB,17,0
F062,2023,3,HIV/AIDS,23,0
F062,2023,3,Typhoid,53,0
F062,2023,3,Anaemia,98,0
F062,2023,3,Diabetes,32,0
F062,2023,3,Hypertension,64,0
F062,2023,3,Malnutrition,36,0
F062,2023,4,Malaria,263,1
F062,2023,4,Pneumonia,123,1
F062,2023,4,Diarrhoea,184,1
F062,2023,4,TB,19,0
F062,2023,4,HIV/AIDS,36,0
F062,2023,4,Typhoid,49,0
F062,2023,4,Anaemia,66,0
F062,2023,4,Diabetes,22,0
F062,2023,4,Hypertension,47,0
F062,2023,4,Malnutrition,29,0
F062,2023,5,Malaria,267,3
F062,2023,5,Pneumonia,140,1
F062,2023,5,Diarrhoea,196,0
F062,2023,5,TB,19,0
F062,2023,5,HIV/AIDS,27,0
F062,2023,5,Typhoid,41,0
F062,2023,5,Anaemia,53,0
F062,2023,5,Diabetes,29,0
F062,2023,5,Hypertension,78,0
F062,2023,5,Malnutrition,50,0
F062,2023,6,Malaria,237,1
F062,2023,6,Pneumonia,124,0
F062,2023,6,Diarrhoea,194,1
F062,2023,6,TB,12,0
F062,2023,6,HIV/AIDS,24,0
F062,2023,6,Typhoid,72,0
F062,2023,6,Anaemia,68,0
F062,2023,6,Diabetes,25,0
F062,2023,6,Hypertension,80,0
F062,2023,6,Malnutrition,59,0
F062,2023,7,Malaria,136,1
F062,2023,7,Pneumonia,72,1
F062,2023,7,Diarrhoea,98,0
F062,2023,7,TB,12,0
F062,2023,7,HIV/AIDS,25,0
F062,2023,7,Typhoid,55,0
F062,2023,7,Anaemia,91,0
F062,2023,7,Diabetes,49,0
F062,2023,7,Hypertension,60,0
F062,2023,7,Malnutrition,37,0
F062,2023,8,Malaria,288,2
F062,2023,8,Pneumonia,135,1
F062,2023,8,Diarrhoea,179,2
F062,2023,8,TB,18,0
F062,2023,8,HIV/AIDS,36,0
F062,2023,8,Typhoid,63,0
F062,2023,8,Anaemia,44,0
F062,2023,8,Diabetes,44,0
F062,2023,8,Hypertension,38,0
F062,2023,8,Malnutrition,59,0
F062,2023,9,Malaria,224,1
F062,2023,9,Pneumonia,81,0
F062,2023,9,Diarrhoea,183,1
F062,2023,9,TB,11,0
F062,2023,9,HIV/AIDS,18,0
F062,2023,9,Typhoid,34,0
F062,2023,9,Anaemia,97,0
F062,2023,9,Diabetes,49,0
F062,2023,9,Hypertension,79,0
F062,2023,9,Malnutrition,55,0
F062,2023,10,Malaria,239,3
F062,2023,10,Pneumonia,132,1
F062,2023,10,Diarrhoea,97,1
F062,2023,10,TB,18,0
F062,2023,10,HIV/AIDS,35,0
F062,2023,10,Typhoid,35,0
F062,2023,10,Anaemia,93,1
F062,2023,10,Diabetes,49,0
F062,2023,10,Hypertension,76,0
F062,2023,10,Malnutrition,31,0
F062,2023,11,Malaria,254,1
F062,2023,11,Pneumonia,110,0
F062,2023,11,Diarrhoea,175,0
F062,2023,11,TB,22,0
F062,2023,11,HIV/AIDS,27,0
F062,2023,11,Typhoid,68,0
F062,2023,11,Anaemia,82,0
F062,2023,11,Diabetes,23,0
F062,2023,11,Hypertension,38,0
F062,2023,11,Malnutrition,27,0
F062,2023,12,Malaria,254,1
F062,2023,12,Pneumonia,102,0
F062,2023,12,Diarrhoea,165,1
F062,2023,12,TB,23,0
F062,2023,12,HIV/AIDS,25,0
F062,2023,12,Typhoid,69,0
F062,2023,12,Anaemia,79,0
F062,2023,12,Diabetes,29,0
F062,2023,12,Hypertension,55,0
F062,2023,12,Malnutrition,35,0
F062,2024,1,Malaria,246,1
F062,2024,1,Pneumonia,120,0
F062,2024,1,Diarrhoea,126,1
F062,2024,1,TB,12,0
F062,2024,1,HIV/AIDS,36,0
F062,2024,1,Typhoid,40,0
F062,2024,1,Anaemia,87,1
F062,2024,1,Diabetes,22,0
F062,2024,1,Hypertension,87,1
F062,2024,1,Malnutrition,62,0
F062,2024,2,Malaria,214,0
F062,2024,2,Pneumonia,144,0
F062,2024,2,Diarrhoea,189,1
F062,2024,2,TB,18,0
F062,2024,2,HIV/AIDS,36,0
F062,2024,2,Typhoid,43,0
F062,2024,2,Anaemia,50,0
F062,2024,2,Diabetes,41,0
F062,2024,2,Hypertension,47,0
F062,2024,2,Malnutrition,58,0
F062,2024,3,Malaria,167,0
F062,2024,3,Pneumonia,135,0
F062,2024,3,Diarrhoea,102,1
F062,2024,3,TB,18,0
F062,2024,3,HIV/AIDS,27,0
F062,2024,3,Typhoid,57,0
F062,2024,3,Anaemia,78,0
F062,2024,3,Diabetes,39,0
F062,2024,3,Hypertension,71,0
F062,2024,3,Malnutrition,56,0
F062,2024,4,Malaria,204,0
F062,2024,4,Pneumonia,85,0
F062,2024,4,Diarrhoea,95,0
F062,2024,4,TB,15,0
F062,2024,4,HIV/AIDS,18,0
F062,2024,4,Typhoid,64,0
F062,2024,4,Anaemia,100,1
F062,2024,4,Diabetes,39,0
F062,2024,4,Hypertension,66,0
F062,2024,4,Malnutrition,61,0
F062,2024,5,Malaria,295,4
F062,2024,5,Pneumonia,138,0
F062,2024,5,Diarrhoea,145,0
F062,2024,5,TB,17,0
F062,2024,5,HIV/AIDS,37,0
F062,2024,5,Typhoid,56,0
F062,2024,5,Anaemia,95,0
F062,2024,5,Diabetes,32,0
F062,2024,5,Hypertension,52,0
F062,2024,5,Malnutrition,54,0
F062,2024,6,Malaria,177,2
F062,2024,6,Pneumonia,137,0
F062,2024,6,Diarrhoea,114,0
F062,2024,6,TB,21,0
F062,2024,6,HIV/AIDS,21,0
F062,2024,6,Typhoid,68,0
F062,2024,6,Anaemia,81,0
F062,2024,6,Diabetes,35,0
F062,2024,6,Hypertension,40,0
F062,2024,6,Malnutrition,50,0
F062,2024,7,Malaria,174,1
F062,2024,7,Pneumonia,119,1
F062,2024,7,Diarrhoea,168,0
F062,2024,7,TB,20,0
F062,2024,7,HIV/AIDS,16,0
F062,2024,7,Typhoid,43,0
F062,2024,7,Anaemia,91,0
F062,2024,7,Diabetes,22,0
F062,2024,7,Hypertension,65,0
F062,2024,7,Malnutrition,44,0
F062,2024,8,Malaria,189,0
F062,2024,8,Pneumonia,139,1
F062,2024,8,Diarrhoea,118,0
F062,2024,8,TB,13,0
F062,2024,8,HIV/AIDS,29,0
F062,2024,8,Typhoid,37,0
F062,2024,8,Anaemia,71,0
F062,2024,8,Diabetes,26,0
F062,2024,8,Hypertension,56,0
F062,2024,8,Malnutrition,28,0
F062,2024,9,Malaria,243,2
F062,2024,9,Pneumonia,140,0
F062,2024,9,Diarrhoea,97,1
F062,2024,9,TB,18,0
F062,2024,9,HIV/AIDS,16,0
F062,2024,9,Typhoid,40,0
F062,2024,9,Anaemia,90,0
F062,2024,9,Diabetes,36,0
F062,2024,9,Hypertension,63,0
F062,2024,9,Malnutrition,56,0
F062,2024,10,Malaria,258,2
F062,2024,10,Pneumonia,104,1
F062,2024,10,Diarrhoea,158,2
F062,2024,10,TB,21,0
F062,2024,10,HIV/AIDS,30,0
F062,2024,10,Typhoid,45,0
F062,2024,10,Anaemia,46,0
F062,2024,10,Diabetes,41,0
F062,2024,10,Hypertension,50,0
F062,2024,10,Malnutrition,45,0
F062,2024,11,Malaria,241,0
F062,2024,11,Pneumonia,150,2
F062,2024,11,Diarrhoea,122,0
F062,2024,11,TB,16,0
F062,2024,11,HIV/AIDS,30,0
F062,2024,11,Typhoid,44,0
F062,2024,11,Anaemia,68,0
F062,2024,11,Diabetes,40,0
F062,2024,11,Hypertension,87,0
F062,2024,11,Malnutrition,55,0
F062,2024,12,Malaria,201,2
F062,2024,12,Pneumonia,140,1
F062,2024,12,Diarrhoea,123,1
F062,2024,12,TB,22,0
F062,2024,12,HIV/AIDS,33,0
F062,2024,12,Typhoid,74,0
F062,2024,12,Anaemia,75,0
F062,2024,12,Diabetes,26,0
F062,2024,12,Hypertension,54,0
F062,2024,12,Malnutrition,30,0
F063,2023,1,Malaria,27,0
F063,2023,1,Pneumonia,16,0
F063,2023,1,Diarrhoea,18,0
F063,2023,1,TB,3,0
F063,2023,1,HIV/AIDS,3,0
F063,2023,1,Typhoid,9,0
F063,2023,1,Anaemia,11,0
F063,2023,1,Diabetes,4,0
F063,2023,1,Hypertension,11,0
F063,2023,1,Malnutrition,9,0
F063,2023,2,Malaria,22,0
F063,2023,2,Pneumonia,12,0
F063,2023,2,Diarrhoea,16,0
F063,2023,2,TB,3,0
F063,2023,2,HIV/AIDS,4,0
F063,2023,2,Typhoid,6,0
F063,2023,2,Anaemia,11,0
F063,2023,2,Diabetes,4,0
F063,2023,2,Hypertension,12,0
F063,2023,2,Malnutrition,7,0
F063,2023,3,Malaria,24,0
F063,2023,3,Pneumonia,20,0
F063,2023,3,Diarrhoea,27,0
F063,2023,3,TB,3,0
F063,2023,3,HIV/AIDS,3,0
F063,2023,3,Typhoid,11,0
F063,2023,3,Anaemia,13,0
F063,2023,3,Diabetes,6,0
F063,2023,3,Hypertension,13,0
F063,2023,3,Malnutrition,8,0
F063,2023,4,Malaria,31,0
F063,2023,4,Pneumonia,19,0
F063,2023,4,Diarrhoea,18,0
F063,2023,4,TB,4,0
F063,2023,4,HIV/AIDS,3,0
F063,2023,4,Typhoid,10,0
F063,2023,4,Anaemia,13,0
F063,2023,4,Diabetes,4,0
F063,2023,4,Hypertension,8,0
F063,2023,4,Malnutrition,7,0
F063,2023,5,Malaria,34,0
F063,2023,5,Pneumonia,17,0
F063,2023,5,Diarrhoea,28,0
F063,2023,5,TB,2,0
F063,2023,5,HIV/AIDS,3,0
F063,2023,5,Typhoid,7,0
F063,2023,5,Anaemia,7,0
F063,2023,5,Diabetes,6,0
F063,2023,5,Hypertension,7,0
F063,2023,5,Malnutrition,9,0
F063,2023,6,Malaria,47,0
F063,2023,6,Pneumonia,23,0
F063,2023,6,Diarrhoea,29,0
F063,2023,6,TB,3,0
F063,2023,6,HIV/AIDS,2,0
F063,2023,6,Typhoid,12,0
F063,2023,6,Anaemia,13,0
F063,2023,6,Diabetes,7,0
F063,2023,6,Hypertension,8,0
F063,2023,6,Malnutrition,9,0
F063,2023,7,Malaria,24,0
F063,2023,7,Pneumonia,24,0
F063,2023,7,Diarrhoea,18,0
F063,2023,7,TB,3,0
F063,2023,7,HIV/AIDS,5,0
F063,2023,7,Typhoid,6,0
F063,2023,7,Anaemia,9,0
F063,2023,7,Diabetes,7,0
F063,2023,7,Hypertension,12,0
F063,2023,7,Malnutrition,6,0
F063,2023,8,Malaria,42,0
F063,2023,8,Pneumonia,13,0
F063,2023,8,Diarrhoea,23,0
F063,2023,8,TB,2,0
F063,2023,8,HIV/AIDS,4,0
F063,2023,8,Typhoid,7,0
F063,2023,8,Anaemia,14,0
F063,2023,8,Diabetes,4,0
F063,2023,8,Hypertension,12,0
F063,2023,8,Malnutrition,4,0
F063,2023,9,Malaria,24,0
F063,2023,9,Pneumonia,20,0
F063,2023,9,Diarrhoea,27,0
F063,2023,9,TB,2,0
F063,2023,9,HIV/AIDS,4,0
F063,2023,9,Typhoid,11,0
F063,2023,9,Anaemia,13,0
F063,2023,9,Diabetes,6,0
F063,2023,9,Hypertension,11,0
F063,2023,9,Malnutrition,8,0
F063,2023,10,Malaria,47,0
F063,2023,10,Pneumonia,25,0
F063,2023,10,Diarrhoea,21,0
F063,2023,10,TB,3,0
F063,2023,10,HIV/AIDS,6,0
F063,2023,10,Typhoid,5,0
F063,2023,10,Anaemia,11,0
F063,2023,10,Diabetes,7,0
F063,2023,10,Hypertension,12,0
F063,2023,10,Malnutrition,9,0
F063,2023,11,Malaria,36,0
F063,2023,11,Pneumonia,21,0
F063,2023,11,Diarrhoea,30,0
F063,2023,11,TB,3,0
F063,2023,11,HIV/AIDS,4,0
F063,2023,11,Typhoid,10,0
F063,2023,11,Anaemia,11,0
F063,2023,11,Diabetes,5,0
F063,2023,11,Hypertension,7,0
F063,2023,11,Malnutrition,6,0
F063,2023,12,Malaria,32,0
F063,2023,12,Pneumonia,20,0
F063,2023,12,Diarrhoea,20,0
F063,2023,12,TB,3,0
F063,2023,12,HIV/AIDS,3,0
F063,2023,12,Typhoid,9,0
F063,2023,12,Anaemia,13,0
F063,2023,12,Diabetes,4,0
F063,2023,12,Hypertension,10,0
F063,2023,12,Malnutrition,10,0
F063,2024,1,Malaria,40,0
F063,2024,1,Pneumonia,13,0
F063,2024,1,Diarrhoea,16,0
F063,2024,1,TB,2,0
F063,2024,1,HIV/AIDS,4,0
F063,2024,1,Typhoid,5,0
F063,2024,1,Anaemia,11,0
F063,2024,1,Diabetes,6,0
F063,2024,1,Hypertension,10,0
F063,2024,1,Malnutrition,5,0
F063,2024,2,Malaria,23,0
F063,2024,2,Pneumonia,20,0
F063,2024,2,Diarrhoea,15,0
F063,2024,2,TB,3,0
F063,2024,2,HIV/AIDS,4,0
F063,2024,2,Typhoid,11,0
F063,2024,2,Anaemia,12,0
F063,2024,2,Diabetes,6,0
F063,2024,2,Hypertension,7,0
F063,2024,2,Malnutrition,7,0
F063,2024,3,Malaria,46,0
F063,2024,3,Pneumonia,13,0
F063,2024,3,Diarrhoea,17,0
F063,2024,3,TB,3,0
F063,2024,3,HIV/AIDS,4,0
F063,2024,3,Typhoid,7,0
F063,2024,3,Anaemia,12,0
F063,2024,3,Diabetes,6,0
F063,2024,3,Hypertension,12,0
F063,2024,3,Malnutrition,9,0
F063,2024,4,Malaria,33,0
F063,2024,4,Pneumonia,13,0
F063,2024,4,Diarrhoea,20,0
F063,2024,4,TB,2,0
F063,2024,4,HIV/AIDS,3,0
F063,2024,4,Typhoid,10,0
F063,2024,4,Anaemia,9,0
F063,2024,4,Diabetes,8,0
F063,2024,4,Hypertension,10,0
F063,2024,4,Malnutrition,8,0
F063,2024,5,Malaria,23,0
F063,2024,5,Pneumonia,15,0
F063,2024,5,Diarrhoea,30,0
F063,2024,5,TB,3,0
F063,2024,5,HIV/AIDS,3,0
F063,2024,5,Typhoid,5,0
F063,2024,5,Anaemia,8,0
F063,2024,5,Diabetes,6,0
F063,2024,5,Hypertension,13,0
F063,2024,5,Malnutrition,7,0
F063,2024,6,Malaria,28,0
F063,2024,6,Pneumonia,19,0
F063,2024,6,Diarrhoea,29,0
F063,2024,6,TB,4,0
F063,2024,6,HIV/AIDS,5,0
F063,2024,6,Typhoid,7,0
F063,2024,6,Anaemia,9,0
F063,2024,6,Diabetes,5,0
F063,2024,6,Hypertension,8,0
F063,2024,6,Malnutrition,10,0
F063,2024,7,Malaria,35,0
F063,2024,7,Pneumonia,12,0
F063,2024,7,Diarrhoea,32,0
F063,2024,7,TB,3,0
F063,2024,7,HIV/AIDS,4,0
F063,2024,7,Typhoid,5,0
F063,2024,7,Anaemia,9,0
F063,2024,7,Diabetes,6,0
F063,2024,7,Hypertension,14,0
F063,2024,7,Malnutrition,10,0
F063,2024,8,Malaria,29,0
F063,2024,8,Pneumonia,19,0
F063,2024,8,Diarrhoea,16,0
F063,2024,8,TB,3,0
F063,2024,8,HIV/AIDS,5,0
F063,2024,8,Typhoid,9,0
F063,2024,8,Anaemia,16,0
F063,2024,8,Diabetes,4,0
F063,2024,8,Hypertension,9,0
F063,2024,8,Malnutrition,9,0
F063,2024,9,Malaria,38,0
F063,2024,9,Pneumonia,12,0
F063,2024,9,Diarrhoea,23,0
F063,2024,9,TB,2,0
F063,2024,9,HIV/AIDS,4,0
F063,2024,9,Typhoid,9,0
F063,2024,9,Anaemia,14,0
F063,2024,9,Diabetes,6,0
F063,2024,9,Hypertension,13,0
F063,2024,9,Malnutrition,7,0
F063,2024,10,Malaria,44,0
F063,2024,10,Pneumonia,14,0
F063,2024,10,Diarrhoea,32,0
F063,2024,10,TB,4,0
F063,2024,10,HIV/AIDS,4,0
F063,2024,10,Typhoid,7,0
F063,2024,10,Anaemia,9,0
F063,2024,10,Diabetes,4,0
F063,2024,10,Hypertension,7,0
F063,2024,10,Malnutrition,7,0
F063,2024,11,Malaria,34,0
F063,2024,11,Pneumonia,22,0
F063,2024,11,Diarrhoea,32,0
F063,2024,11,TB,3,0
F063,2024,11,HIV/AIDS,4,0
F063,2024,11,Typhoid,8,0
F063,2024,11,Anaemia,12,0
F063,2024,11,Diabetes,4,0
F063,2024,11,Hypertension,11,0
F063,2024,11,Malnutrition,4,0
F063,2024,12,Malaria,38,0
F063,2024,12,Pneumonia,15,0
F063,2024,12,Diarrhoea,18,0
F063,2024,12,TB,2,0
F063,2024,12,HIV/AIDS,5,0
F063,2024,12,Typhoid,7,0
F063,2024,12,Anaemia,8,0
F063,2024,12,Diabetes,7,0
F063,2024,12,Hypertension,10,0
F063,2024,12,Malnutrition,5,0
F064,2023,1,Malaria,129,1
F064,2023,1,Pneumonia,58,0
F064,2023,1,Diarrhoea,55,0
F064,2023,1,TB,10,0
F064,2023,1,HIV/AIDS,14,0
F064,2023,1,Typhoid,23,0
F064,2023,1,Anaemia,40,0
F064,2023,1,Diabetes,9,0
F064,2023,1,Hypertension,34,0
F064,2023,1,Malnutrition,23,0
F064,2023,2,Malaria,88,0
F064,2023,2,Pneumonia,47,0
F064,2023,2,Diarrhoea,70,0
F064,2023,2,TB,8,0
F064,2023,2,HIV/AIDS,8,0
F064,2023,2,Typhoid,23,0
F064,2023,2,Anaemia,41,0
F064,2023,2,Diabetes,10,0
F064,2023,2,Hypertension,27,0
F064,2023,2,Malnutrition,25,0
F064,2023,3,Malaria,124,1
F064,2023,3,Pneumonia,44,0
F064,2023,3,Diarrhoea,72,1
F064,2023,3,TB,8,0
F064,2023,3,HIV/AIDS,10,0
F064,2023,3,Typhoid,31,0
F064,2023,3,Anaemia,35,0
F064,2023,3,Diabetes,14,0
F064,2023,3,Hypertension,32,0
F064,2023,3,Malnutrition,14,0
F064,2023,4,Malaria,132,1
F064,2023,4,Pneumonia,58,0
F064,2023,4,Diarrhoea,42,0
F064,2023,4,TB,8,0
F064,2023,4,HIV/AIDS,13,0
F064,2023,4,Typhoid,21,0
F064,2023,4,Anaemia,23,0
F064,2023,4,Diabetes,12,0
F064,2023,4,Hypertension,23,0
F064,2023,4,Malnutrition,17,0
F064,2023,5,Malaria,62,0
F064,2023,5,Pneumonia,36,0
F064,2023,5,Diarrhoea,77,0
F064,2023,5,TB,9,0
F064,2023,5,HIV/AIDS,14,0
F064,2023,5,Typhoid,16,0
F064,2023,5,Anaemia,39,0
F064,2023,5,Diabetes,15,0
F064,2023,5,Hypertension,28,0
F064,2023,5,Malnutrition,12,0
F064,2023,6,Malaria,81,0
F064,2023,6,Pneumonia,49,0
F064,2023,6,Diarrhoea,48,0
F064,2023,6,TB,8,0
F064,2023,6,HIV/AIDS,11,0
F064,2023,6,Typhoid,26,0
F064,2023,6,Anaemia,38,0
F064,2023,6,Diabetes,22,0
F064,2023,6,Hypertension,34,0
F064,2023,6,Malnutrition,18,0
F064,2023,7,Malaria,71,0
F064,2023,7,Pneumonia,49,0
F064,2023,7,Diarrhoea,66,0
F064,2023,7,TB,9,0
F064,2023,7,HIV/AIDS,8,0
F064,2023,7,Typhoid,24,0
F064,2023,7,Anaemia,30,0
F064,2023,7,Diabetes,16,0
F064,2023,7,Hypertension,23,0
F064,2023,7,Malnutrition,21,0
F064,2023,8,Malaria,74,0
F064,2023,8,Pneumonia,38,0
F064,2023,8,Diarrhoea,60,0
F064,2023,8,TB,5,0
F064,2023,8,HIV/AIDS,10,0
F064,2023,8,Typhoid,22,0
F064,2023,8,Anaemia,42,0
F064,2023,8,Diabetes,20,0
F064,2023,8,Hypertension,33,0
F064,2023,8,Malnutrition,18,0
F064,2023,9,Malaria,98,0
F064,2023,9,Pneumonia,54,0
F064,2023,9,Diarrhoea,58,0
F064,2023,9,TB,11,0
F064,2023,9,HIV/AIDS,10,0
F064,2023,9,Typhoid,28,0
F064,2023,9,Anaemia,27,0
F064,2023,9,Diabetes,9,0
F064,2023,9,Hypertension,33,0
F064,2023,9,Malnutrition,19,0
F064,2023,10,Malaria,67,0
F064,2023,10,Pneumonia,40,0
F064,2023,10,Diarrhoea,73,0
F064,2023,10,TB,8,0
F064,2023,10,HIV/AIDS,12,0
F064,2023,10,Typhoid,26,0
F064,2023,10,Anaemia,39,0
F064,2023,10,Diabetes,11,0
F064,2023,10,Hypertension,28,0
F064,2023,10,Malnutrition,24,0
F064,2023,11,Malaria,61,0
F064,2023,11,Pneumonia,39,0
F064,2023,11,Diarrhoea,79,0
F064,2023,11,TB,5,0
F064,2023,11,HIV/AIDS,16,0
F064,2023,11,Typhoid,25,0
F064,2023,11,Anaemia,28,0
F064,2023,11,Diabetes,11,0
F064,2023,11,Hypertension,35,0
F064,2023,11,Malnutrition,22,0
F064,2023,12,Malaria,132,0
F064,2023,12,Pneumonia,53,0
F064,2023,12,Diarrhoea,52,0
F064,2023,12,TB,7,0
F064,2023,12,HIV/AIDS,15,0
F064,2023,12,Typhoid,24,0
F064,2023,12,Anaemia,35,0
F064,2023,12,Diabetes,11,0
F064,2023,12,Hypertension,25,0
F064,2023,12,Malnutrition,21,0
F064,2024,1,Malaria,107,0
F064,2024,1,Pneumonia,59,0
F064,2024,1,Diarrhoea,55,0
F064,2024,1,TB,9,0
F064,2024,1,HIV/AIDS,13,0
F064,2024,1,Typhoid,15,0
F064,2024,1,Anaemia,39,0
F064,2024,1,Diabetes,16,0
F064,2024,1,Hypertension,27,0
F064,2024,1,Malnutrition,16,0
F064,2024,2,Malaria,96,1
F064,2024,2,Pneumonia,47,0
F064,2024,2,Diarrhoea,49,0
F064,2024,2,TB,9,0
F064,2024,2,HIV/AIDS,15,0
F064,2024,2,Typhoid,19,0
F064,2024,2,Anaemia,41,0
F064,2024,2,Diabetes,20,0
F064,2024,2,Hypertension,32,0
F064,2024,2,Malnutrition,12,0
F064,2024,3,Malaria,60,0
F064,2024,3,Pneumonia,51,0
F064,2024,3,Diarrhoea,66,0
F064,2024,3,TB,11,0
F064,2024,3,HIV/AIDS,12,0
F064,2024,3,Typhoid,29,0
F064,2024,3,Anaemia,35,0
F064,2024,3,Diabetes,10,0
F064,2024,3,Hypertension,29,0
F064,2024,3,Malnutrition,19,0
F064,2024,4,Malaria,96,0
F064,2024,4,Pneumonia,31,0
F064,2024,4,Diarrhoea,87,0
F064,2024,4,TB,5,0
F064,2024,4,HIV/AIDS,11,0
F064,2024,4,Typhoid,25,0
F064,2024,4,Anaemia,19,0
F064,2024,4,Diabetes,16,0
F064,2024,4,Hypertension,19,0
F064,2024,4,Malnutrition,13,0
F064,2024,5,Malaria,86,0
F064,2024,5,Pneumonia,64,0
F064,2024,5,Diarrhoea,46,0
F064,2024,5,TB,5,0
F064,2024,5,HIV/AIDS,9,0
F064,2024,5,Typhoid,22,0
F064,2024,5,Anaemia,30,0
F064,2024,5,Diabetes,20,0
F064,2024,5,Hypertension,37,0
F064,2024,5,Malnutrition,26,0
F064,2024,6,Malaria,106,1
F064,2024,6,Pneumonia,47,0
F064,2024,6,Diarrhoea,66,0
F064,2024,6,TB,8,0
F064,2024,6,HIV/AIDS,11,0
F064,2024,6,Typhoid,18,0
F064,2024,6,Anaemia,38,0
F064,2024,6,Diabetes,10,0
F064,2024,6,Hypertension,36,0
F064,2024,6,Malnutrition,27,0
F064,2024,7,Malaria,77,1
F064,2024,7,Pneumonia,38,0
F064,2024,7,Diarrhoea,59,0
F064,2024,7,TB,6,0
F064,2024,7,HIV/AIDS,10,0
F064,2024,7,Typhoid,19,0
F064,2024,7,Anaemia,36,0
F064,2024,7,Diabetes,11,0
F064,2024,7,Hypertension,26,0
F064,2024,7,Malnutrition,23,0
F064,2024,8,Malaria,64,0
F064,2024,8,Pneumonia,50,0
F064,2024,8,Diarrhoea,81,1
F064,2024,8,TB,10,0
F064,2024,8,HIV/AIDS,9,0
F064,2024,8,Typhoid,30,0
F064,2024,8,Anaemia,34,0
F064,2024,8,Diabetes,19,0
F064,2024,8,Hypertension,30,0
F064,2024,8,Malnutrition,23,0
F064,2024,9,Malaria,70,0
F064,2024,9,Pneumonia,44,0
F064,2024,9,Diarrhoea,63,0
F064,2024,9,TB,5,0
F064,2024,9,HIV/AIDS,15,0
F064,2024,9,Typhoid,14,0
F064,2024,9,Anaemia,36,0
F064,2024,9,Diabetes,12,0
F064,2024,9,Hypertension,24,0
F064,2024,9,Malnutrition,20,0
F064,2024,10,Malaria,130,1
F064,2024,10,Pneumonia,60,0
F064,2024,10,Diarrhoea,51,0
F064,2024,10,TB,9,0
F064,2024,10,HIV/AIDS,15,0
F064,2024,10,Typhoid,21,0
F064,2024,10,Anaemia,41,0
F064,2024,10,Diabetes,19,0
F064,2024,10,Hypertension,24,0
F064,2024,10,Malnutrition,26,0
F064,2024,11,Malaria,62,0
F064,2024,11,Pneumonia,53,0
F064,2024,11,Diarrhoea,47,0
F064,2024,11,TB,5,0
F064,2024,11,HIV/AIDS,10,0
F064,2024,11,Typhoid,15,0
F064,2024,11,Anaemia,36,0
F064,2024,11,Diabetes,16,0
F064,2024,11,Hypertension,34,0
F064,2024,11,Malnutrition,19,0
F064,2024,12,Malaria,76,1
F064,2024,12,Pneumonia,33,0
F064,2024,12,Diarrhoea,75,0
F064,2024,12,TB,7,0
F064,2024,12,HIV/AIDS,15,0
F064,2024,12,Typhoid,30,0
F064,2024,12,Anaemia,40,0
F064,2024,12,Diabetes,16,0
F064,2024,12,Hypertension,32,0
F064,2024,12,Malnutrition,21,0
F065,2023,1,Malaria,381,1
F065,2023,1,Pneumonia,195,2
F065,2023,1,Diarrhoea,182,1
F065,2023,1,TB,33,0
F065,2023,1,HIV/AIDS,62,0
F065,2023,1,Typhoid,108,0
F065,2023,1,Anaemia,120,1
F065,2023,1,Diabetes,64,0
F065,2023,1,Hypertension,139,0
F065,2023,1,Malnutrition,69,0
F065,2023,2,Malaria,342,2
F065,2023,2,Pneumonia,217,0
F065,2023,2,Diarrhoea,158,0
F065,2023,2,TB,35,0
F065,2023,2,HIV/AIDS,58,0
F065,2023,2,Typhoid,96,0
F065,2023,2,Anaemia,101,1
F065,2023,2,Diabetes,62,0
F065,2023,2,Hypertension,78,0
F065,2023,2,Malnutrition,64,0
F065,2023,3,Malaria,487,5
F065,2023,3,Pneumonia,181,0
F065,2023,3,Diarrhoea,221,1
F065,2023,3,TB,18,0
F065,2023,3,HIV/AIDS,31,0
F065,2023,3,Typhoid,62,0
F065,2023,3,Anaemia,120,1
F065,2023,3,Diabetes,71,0
F065,2023,3,Hypertension,136,1
F065,2023,3,Malnutrition,49,0
F065,2023,4,Malaria,439,4
F065,2023,4,Pneumonia,142,1
F065,2023,4,Diarrhoea,318,1
F065,2023,4,TB,23,0
F065,2023,4,HIV/AIDS,57,0
F065,2023,4,Typhoid,60,0
F065,2023,4,Anaemia,146,0
F065,2023,4,Diabetes,56,0
F065,2023,4,Hypertension,123,0
F065,2023,4,Malnutrition,62,0
F065,2023,5,Malaria,256,3
F065,2023,5,Pneumonia,202,2
F065,2023,5,Diarrhoea,203,2
F065,2023,5,TB,31,0
F065,2023,5,HIV/AIDS,32,0
F065,2023,5,Typhoid,78,0
F065,2023,5,Anaemia,124,1
F065,2023,5,Diabetes,77,1
F065,2023,5,Hypertension,143,0
F065,2023,5,Malnutrition,92,0
F065,2023,6,Malaria,228,1
F065,2023,6,Pneumonia,117,0
F065,2023,6,Diarrhoea,150,0
F065,2023,6,TB,29,0
F065,2023,6,HIV/AIDS,47,0
F065,2023,6,Typhoid,55,0
F065,2023,6,Anaemia,131,1
F065,2023,6,Diabetes,37,0
F065,2023,6,Hypertension,103,0
F065,2023,6,Malnutrition,97,0
F065,2023,7,Malaria,329,4
F065,2023,7,Pneumonia,115,0
F065,2023,7,Diarrhoea,224,0
F065,2023,7,TB,27,0
F065,2023,7,HIV/AIDS,51,0
F065,2023,7,Typhoid,74,0
F065,2023,7,Anaemia,93,1
F065,2023,7,Diabetes,38,0
F065,2023,7,Hypertension,101,1
F065,2023,7,Malnutrition,90,0
F065,2023,8,Malaria,272,0
F065,2023,8,Pneumonia,236,0
F065,2023,8,Diarrhoea,319,1
F065,2023,8,TB,36,0
F065,2023,8,HIV/AIDS,33,0
F065,2023,8,Typhoid,88,0
F065,2023,8,Anaemia,166,2
F065,2023,8,Diabetes,59,0
F065,2023,8,Hypertension,90,0
F065,2023,8,Malnutrition,82,0
F065,2023,9,Malaria,458,4
F065,2023,9,Pneumonia,117,0
F065,2023,9,Diarrhoea,187,0
F065,2023,9,TB,25,0
F065,2023,9,HIV/AIDS,48,0
F065,2023,9,Typhoid,66,0
F065,2023,9,Anaemia,136,0
F065,2023,9,Diabetes,73,0
F065,2023,9,Hypertension,72,0
F065,2023,9,Malnutrition,96,0
F065,2023,10,Malaria,412,5
F065,2023,10,Pneumonia,150,1
F065,2023,10,Diarrhoea,214,0
F065,2023,10,TB,20,0
F065,2023,10,HIV/AIDS,55,0
F065,2023,10,Typhoid,73,0
F065,2023,10,Anaemia,77,0
F065,2023,10,Diabetes,75,0
F065,2023,10,Hypertension,124,0
F065,2023,10,Malnutrition,70,0
F065,2023,11,Malaria,500,6
F065,2023,11,Pneumonia,142,1
F065,2023,11,Diarrhoea,213,2
F065,2023,11,TB,26,0
F065,2023,11,HIV/AIDS,56,0
F065,2023,11,Typhoid,71,0
F065,2023,11,Anaemia,75,0
F065,2023,11,Diabetes,59,0
F065,2023,11,Hypertension,65,0
F065,2023,11,Malnutrition,88,0
F065,2023,12,Malaria,443,1
F065,2023,12,Pneumonia,234,2
F065,2023,12,Diarrhoea,291,4
F065,2023,12,TB,34,0
F065,2023,12,HIV/AIDS,33,0
F065,2023,12,Typhoid,112,0
F065,2023,12,Anaemia,112,0
F065,2023,12,Diabetes,36,0
F065,2023,12,Hypertension,89,0
F065,2023,12,Malnutrition,98,1
F065,2024,1,Malaria,500,6
F065,2024,1,Pneumonia,155,0
F065,2024,1,Diarrhoea,323,1
F065,2024,1,TB,22,0
F065,2024,1,HIV/AIDS,28,0
F065,2024,1,Typhoid,59,0
F065,2024,1,Anaemia,98,1
F065,2024,1,Diabetes,55,0
F065,2024,1,Hypertension,82,0
F065,2024,1,Malnutrition,62,0
F065,2024,2,Malaria,490,1
F065,2024,2,Pneumonia,109,0
F065,2024,2,Diarrhoea,276,0
F065,2024,2,TB,37,0
F065,2024,2,HIV/AIDS,43,0
F065,2024,2,Typhoid,57,0
F065,2024,2,Anaemia,129,1
F065,2024,2,Diabetes,53,0
F065,2024,2,Hypertension,113,1
F065,2024,2,Malnutrition,45,0
F065,2024,3,Malaria,450,3
F065,2024,3,Pneumonia,171,2
F065,2024,3,Diarrhoea,266,0
F065,2024,3,TB,28,0
F065,2024,3,HIV/AIDS,48,0
F065,2024,3,Typhoid,111,0
F065,2024,3,Anaemia,89,0
F065,2024,3,Diabetes,67,0
F065,2024,3,Hypertension,122,1
F065,2024,3,Malnutrition,103,1
F065,2024,4,Malaria,324,4
F065,2024,4,Pneumonia,115,0
F065,2024,4,Diarrhoea,286,0
F065,2024,4,TB,25,0
F065,2024,4,HIV/AIDS,33,0
F065,2024,4,Typhoid,85,0
F065,2024,4,Anaemia,135,1
F065,2024,4,Diabetes,53,0
F065,2024,4,Hypertension,91,0
F065,2024,4,Malnutrition,87,1
F065,2024,5,Malaria,395,3
F065,2024,5,Pneumonia,228,2
F065,2024,5,Diarrhoea,274,1
F065,2024,5,TB,27,0
F065,2024,5,HIV/AIDS,45,0
F065,2024,5,Typhoid,91,0
F065,2024,5,Anaemia,153,1
F065,2024,5,Diabetes,74,0
F065,2024,5,Hypertension,131,1
F065,2024,5,Malnutrition,59,0
F065,2024,6,Malaria,246,3
F065,2024,6,Pneumonia,124,0
F065,2024,6,Diarrhoea,175,0
F065,2024,6,TB,21,0
F065,2024,6,HIV/AIDS,45,0
F065,2024,6,Typhoid,117,1
F065,2024,6,Anaemia,114,0
F065,2024,6,Diabetes,68,0
F065,2024,6,Hypertension,69,0
F065,2024,6,Malnutrition,98,1
F065,2024,7,Malaria,291,2
F065,2024,7,Pneumonia,240,2
F065,2024,7,Diarrhoea,221,1
F065,2024,7,TB,39,0
F065,2024,7,HIV/AIDS,28,0
F065,2024,7,Typhoid,107,0
F065,2024,7,Anaemia,96,1
F065,2024,7,Diabetes,67,0
F065,2024,7,Hypertension,141,0
F065,2024,7,Malnutrition,99,0
F065,2024,8,Malaria,327,1
F065,2024,8,Pneumonia,234,0
F065,2024,8,Diarrhoea,273,2
F065,2024,8,TB,30,0
F065,2024,8,HIV/AIDS,50,0
F065,2024,8,Typhoid,113,0
F065,2024,8,Anaemia,87,1
F065,2024,8,Diabetes,82,0
F065,2024,8,Hypertension,94,1
F065,2024,8,Malnutrition,70,0
F065,2024,9,Malaria,234,0
F065,2024,9,Pneumonia,219,2
F065,2024,9,Diarrhoea,285,1
F065,2024,9,TB,38,0
F065,2024,9,HIV/AIDS,53,0
F065,2024,9,Typhoid,116,1
F065,2024,9,Anaemia,164,2
F065,2024,9,Diabetes,39,0
F065,2024,9,Hypertension,86,0
F065,2024,9,Malnutrition,86,0
F065,2024,10,Malaria,406,6
F065,2024,10,Pneumonia,118,0
F065,2024,10,Diarrhoea,312,2
F065,2024,10,TB,39,0
F065,2024,10,HIV/AIDS,60,0
F065,2024,10,Typhoid,119,0
F065,2024,10,Anaemia,84,1
F065,2024,10,Diabetes,38,0
F065,2024,10,Hypertension,146,0
F065,2024,10,Malnutrition,89,1
F065,2024,11,Malaria,337,2
F065,2024,11,Pneumonia,165,0
F065,2024,11,Diarrhoea,298,4
F065,2024,11,TB,37,0
F065,2024,11,HIV/AIDS,52,0
F065,2024,11,Typhoid,71,0
F065,2024,11,Anaemia,112,0
F065,2024,11,Diabetes,39,0
F065,2024,11,Hypertension,87,0
F065,2024,11,Malnutrition,56,0
F065,2024,12,Malaria,244,1
F065,2024,12,Pneumonia,232,2
F065,2024,12,Diarrhoea,204,1
F065,2024,12,TB,36,0
F065,2024,12,HIV/AIDS,37,0
F065,2024,12,Typhoid,117,0
F065,2024,12,Anaemia,167,1
F065,2024,12,Diabetes,80,0
F065,2024,12,Hypertension,87,0
F065,2024,12,Malnutrition,98,0
F066,2023,1,Malaria,246,2
F066,2023,1,Pneumonia,244,2
F066,2023,1,Diarrhoea,306,0
F066,2023,1,TB,29,0
F066,2023,1,HIV/AIDS,57,0
F066,2023,1,Typhoid,86,0
F066,2023,1,Anaemia,82,1
F066,2023,1,Diabetes,61,0
F066,2023,1,Hypertension,86,0
F066,2023,1,Malnutrition,64,0
F066,2023,2,Malaria,296,1
F066,2023,2,Pneumonia,152,1
F066,2023,2,Diarrhoea,189,2
F066,2023,2,TB,26,0
F066,2023,2,HIV/AIDS,50,0
F066,2023,2,Typhoid,71,0
F066,2023,2,Anaemia,117,0
F066,2023,2,Diabetes,56,0
F066,2023,2,Hypertension,76,1
F066,2023,2,Malnutrition,95,0
F066,2023,3,Malaria,448,4
F066,2023,3,Pneumonia,222,1
F066,2023,3,Diarrhoea,192,0
F066,2023,3,TB,31,0
F066,2023,3,HIV/AIDS,29,0
F066,2023,3,Typhoid,91,0
F066,2023,3,Anaemia,125,1
F066,2023,3,Diabetes,48,0
F066,2023,3,Hypertension,115,0
F066,2023,3,Malnutrition,46,0
F066,2023,4,Malaria,405,2
F066,2023,4,Pneumonia,194,1
F066,2023,4,Diarrhoea,253,2
F066,2023,4,TB,30,0
F066,2023,4,HIV/AIDS,32,0
F066,2023,4,Typhoid,57,0
F066,2023,4,Anaemia,143,1
F066,2023,4,Diabetes,66,0
F066,2023,4,Hypertension,69,0
F066,2023,4,Malnutrition,50,0
F066,2023,5,Malaria,464,0
F066,2023,5,Pneumonia,207,2
F066,2023,5,Diarrhoea,316,3
F066,2023,5,TB,36,0
F066,2023,5,HIV/AIDS,44,0
F066,2023,5,Typhoid,118,0
F066,2023,5,Anaemia,165,2
F066,2023,5,Diabetes,71,0
F066,2023,5,Hypertension,105,0
F066,2023,5,Malnutrition,90,0
F066,2023,6,Malaria,408,1
F066,2023,6,Pneumonia,242,1
F066,2023,6,Diarrhoea,170,1
F066,2023,6,TB,36,0
F066,2023,6,HIV/AIDS,34,0
F066,2023,6,Typhoid,67,0
F066,2023,6,Anaemia,119,0
F066,2023,6,Diabetes,75,0
F066,2023,6,Hypertension,80,1
F066,2023,6,Malnutrition,101,1
F066,2023,7,Malaria,251,0
F066,2023,7,Pneumonia,174,0
F066,2023,7,Diarrhoea,329,0
F066,2023,7,TB,24,0
F066,2023,7,HIV/AIDS,50,0
F066,2023,7,Typhoid,64,0
F066,2023,7,Anaemia,119,1
F066,2023,7,Diabetes,77,0
F066,2023,7,Hypertension,128,1
F066,2023,7,Malnutrition,63,0
F066,2023,8,Malaria,391,1
F066,2023,8,Pneumonia,171,0
F066,2023,8,Diarrhoea,236,0
F066,2023,8,TB,33,0
F066,2023,8,HIV/AIDS,49,0
F066,2023,8,Typhoid,64,0
F066,2023,8,Anaemia,154,0
F066,2023,8,Diabetes,63,0
F066,2023,8,Hypertension,134,0
F066,2023,8,Malnutrition,102,1
F066,2023,9,Malaria,448,0
F066,2023,9,Pneumonia,218,1
F066,2023,9,Diarrhoea,276,3
F066,2023,9,TB,31,0
F066,2023,9,HIV/AIDS,55,0
F066,2023,9,Typhoid,70,0
F066,2023,9,Anaemia,147,1
F066,2023,9,Diabetes,58,0
F066,2023,9,Hypertension,75,0
F066,2023,9,Malnutrition,82,0
F066,2023,10,Malaria,412,5
F066,2023,10,Pneumonia,126,0
F066,2023,10,Diarrhoea,189,0
F066,2023,10,TB,33,0
F066,2023,10,HIV/AIDS,35,0
F066,2023,10,Typhoid,61,0
F066,2023,10,Anaemia,90,1
F066,2023,10,Diabetes,68,0
F066,2023,10,Hypertension,84,1
F066,2023,10,Malnutrition,61,0
F066,2023,11,Malaria,439,2
F066,2023,11,Pneumonia,213,0
F066,2023,11,Diarrhoea,184,2
F066,2023,11,TB,21,0
F066,2023,11,HIV/AIDS,33,0
F066,2023,11,Typhoid,88,0
F066,2023,11,Anaemia,144,1
F066,2023,11,Diabetes,77,0
F066,2023,11,Hypertension,142,1
F066,2023,11,Malnutrition,88,0
F066,2023,12,Malaria,384,4
F066,2023,12,Pneumonia,143,0
F066,2023,12,Diarrhoea,245,1
F066,2023,12,TB,39,0
F066,2023,12,HIV/AIDS,34,0
F066,2023,12,Typhoid,62,0
F066,2023,12,Anaemia,82,1
F066,2023,12,Diabetes,71,0
F066,2023,12,Hypertension,94,0
F066,2023,12,Malnutrition,45,0
F066,2024,1,Malaria,387,2
F066,2024,1,Pneumonia,161,1
F066,2024,1,Diarrhoea,158,1
F066,2024,1,TB,31,0
F066,2024,1,HIV/AIDS,48,0
F066,2024,1,Typhoid,109,0
F066,2024,1,Anaemia,72,0
F066,2024,1,Diabetes,49,0
F066,2024,1,Hypertension,137,1
F066,2024,1,Malnutrition,77,0
F066,2024,2,Malaria,444,3
F066,2024,2,Pneumonia,204,1
F066,2024,2,Diarrhoea,219,1
F066,2024,2,TB,26,0
F066,2024,2,HIV/AIDS,42,0
F066,2024,2,Typhoid,124,0
F066,2024,2,Anaemia,159,2
F066,2024,2,Diabetes,51,0
F066,2024,2,Hypertension,106,1
F066,2024,2,Malnutrition,100,0
F066,2024,3,Malaria,245,0
F066,2024,3,Pneumonia,181,1
F066,2024,3,Diarrhoea,299,2
F066,2024,3,TB,35,0
F066,2024,3,HIV/AIDS,38,0
F066,2024,3,Typhoid,63,0
F066,2024,3,Anaemia,98,0
F066,2024,3,Diabetes,82,0
F066,2024,3,Hypertension,143,1
F066,2024,3,Malnutrition,89,0
F066,2024,4,Malaria,236,1
F066,2024,4,Pneumonia,218,0
F066,2024,4,Diarrhoea,313,3
F066,2024,4,TB,23,0
F066,2024,4,HIV/AIDS,43,0
F066,2024,4,Typhoid,83,0
F066,2024,4,Anaemia,119,1
F066,2024,4,Diabetes,67,0
F066,2024,4,Hypertension,127,0
F066,2024,4,Malnutrition,50,0
F066,2024,5,Malaria,235,1
F066,2024,5,Pneumonia,121,0
F066,2024,5,Diarrhoea,328,1
F066,2024,5,TB,35,0
F066,2024,5,HIV/AIDS,35,0
F066,2024,5,Typhoid,62,0
F066,2024,5,Anaemia,137,0
F066,2024,5,Diabetes,59,0
F066,2024,5,Hypertension,102,1
F066,2024,5,Malnutrition,57,0
F066,2024,6,Malaria,403,0
F066,2024,6,Pneumonia,122,1
F066,2024,6,Diarrhoea,170,0
F066,2024,6,TB,18,0
F066,2024,6,HIV/AIDS,40,0
F066,2024,6,Typhoid,88,1
F066,2024,6,Anaemia,109,1
F066,2024,6,Diabetes,57,0
F066,2024,6,Hypertension,73,0
F066,2024,6,Malnutrition,61,0
F066,2024,7,Malaria,258,3
F066,2024,7,Pneumonia,240,0
F066,2024,7,Diarrhoea,225,1
F066,2024,7,TB,21,0
F066,2024,7,HIV/AIDS,27,0
F066,2024,7,Typhoid,69,0
F066,2024,7,Anaemia,162,1
F066,2024,7,Diabetes,41,0
F066,2024,7,Hypertension,100,0
F066,2024,7,Malnutrition,98,1
F066,2024,8,Malaria,394,3
F066,2024,8,Pneumonia,225,3
F066,2024,8,Diarrhoea,148,0
F066,2024,8,TB,34,0
F066,2024,8,HIV/AIDS,27,0
F066,2024,8,Typhoid,61,0
F066,2024,8,Anaemia,149,2
F066,2024,8,Diabetes,55,0
F066,2024,8,Hypertension,141,1
F066,2024,8,Malnutrition,61,0
F066,2024,9,Malaria,490,3
F066,2024,9,Pneumonia,251,2
F066,2024,9,Diarrhoea,247,0
F066,2024,9,TB,35,0
F066,2024,9,HIV/AIDS,62,0
F066,2024,9,Typhoid,76,0
F066,2024,9,Anaemia,163,0
F066,2024,9,Diabetes,40,0
F066,2024,9,Hypertension,94,1
F066,2024,9,Malnutrition,64,0
F066,2024,10,Malaria,500,0
F066,2024,10,Pneumonia,221,0
F066,2024,10,Diarrhoea,284,2
F066,2024,10,TB,37,0
F066,2024,10,HIV/AIDS,48,0
F066,2024,10,Typhoid,120,0
F066,2024,10,Anaemia,93,0
F066,2024,10,Diabetes,66,0
F066,2024,10,Hypertension,65,0
F066,2024,10,Malnutrition,77,0
F066,2024,11,Malaria,353,3
F066,2024,11,Pneumonia,229,2
F066,2024,11,Diarrhoea,196,1
F066,2024,11,TB,25,0
F066,2024,11,HIV/AIDS,62,0
F066,2024,11,Typhoid,118,0
F066,2024,11,Anaemia,100,0
F066,2024,11,Diabetes,76,0
F066,2024,11,Hypertension,101,0
F066,2024,11,Malnutrition,57,0
F066,2024,12,Malaria,370,2
F066,2024,12,Pneumonia,132,0
F066,2024,12,Diarrhoea,198,2
F066,2024,12,TB,31,0
F066,2024,12,HIV/AIDS,37,0
F066,2024,12,Typhoid,76,0
F066,2024,12,Anaemia,79,0
F066,2024,12,Diabetes,37,0
F066,2024,12,Hypertension,90,0
F066,2024,12,Malnutrition,104,0
F067,2023,1,Malaria,244,0
F067,2023,1,Pneumonia,135,0
F067,2023,1,Diarrhoea,164,1
F067,2023,1,TB,18,0
F067,2023,1,HIV/AIDS,28,0
F067,2023,1,Typhoid,45,0
F067,2023,1,Anaemia,97,0
F067,2023,1,Diabetes,45,0
F067,2023,1,Hypertension,76,0
F067,2023,1,Malnutrition,49,0
F067,2023,2,Malaria,212,2
F067,2023,2,Pneumonia,138,2
F067,2023,2,Diarrhoea,162,2
F067,2023,2,TB,22,0
F067,2023,2,HIV/AIDS,18,0
F067,2023,2,Typhoid,73,0
F067,2023,2,Anaemia,90,0
F067,2023,2,Diabetes,25,0
F067,2023,2,Hypertension,61,0
F067,2023,2,Malnutrition,38,0
F067,2023,3,Malaria,201,0
F067,2023,3,Pneumonia,90,0
F067,2023,3,Diarrhoea,134,0
F067,2023,3,TB,24,0
F067,2023,3,HIV/AIDS,35,0
F067,2023,3,Typhoid,61,0
F067,2023,3,Anaemia,81,0
F067,2023,3,Diabetes,36,0
F067,2023,3,Hypertension,81,1
F067,2023,3,Malnutrition,55,0
F067,2023,4,Malaria,238,1
F067,2023,4,Pneumonia,129,1
F067,2023,4,Diarrhoea,174,2
F067,2023,4,TB,19,0
F067,2023,4,HIV/AIDS,33,0
F067,2023,4,Typhoid,63,0
F067,2023,4,Anaemia,48,0
F067,2023,4,Diabetes,47,0
F067,2023,4,Hypertension,64,0
F067,2023,4,Malnutrition,62,0
F067,2023,5,Malaria,130,1
F067,2023,5,Pneumonia,98,1
F067,2023,5,Diarrhoea,185,0
F067,2023,5,TB,16,0
F067,2023,5,HIV/AIDS,33,0
F067,2023,5,Typhoid,64,0
F067,2023,5,Anaemia,91,0
F067,2023,5,Diabetes,37,0
F067,2023,5,Hypertension,61,0
F067,2023,5,Malnutrition,41,0
F067,2023,6,Malaria,268,1
F067,2023,6,Pneumonia,86,0
F067,2023,6,Diarrhoea,192,1
F067,2023,6,TB,11,0
F067,2023,6,HIV/AIDS,34,0
F067,2023,6,Typhoid,56,0
F067,2023,6,Anaemia,69,0
F067,2023,6,Diabetes,45,0
F067,2023,6,Hypertension,53,0
F067,2023,6,Malnutrition,43,0
F067,2023,7,Malaria,293,3
F067,2023,7,Pneumonia,124,0
F067,2023,7,Diarrhoea,100,0
F067,2023,7,TB,16,0
F067,2023,7,HIV/AIDS,21,0
F067,2023,7,Typhoid,60,0
F067,2023,7,Anaemia,49,0
F067,2023,7,Diabetes,38,0
F067,2023,7,Hypertension,80,0
F067,2023,7,Malnutrition,39,0
F067,2023,8,Malaria,206,1
F067,2023,8,Pneumonia,67,0
F067,2023,8,Diarrhoea,161,1
F067,2023,8,TB,13,0
F067,2023,8,HIV/AIDS,28,0
F067,2023,8,Typhoid,74,0
F067,2023,8,Anaemia,81,1
F067,2023,8,Diabetes,44,0
F067,2023,8,Hypertension,62,0
F067,2023,8,Malnutrition,30,0
F067,2023,9,Malaria,268,3
F067,2023,9,Pneumonia,105,1
F067,2023,9,Diarrhoea,101,0
F067,2023,9,TB,24,0
F067,2023,9,HIV/AIDS,18,0
F067,2023,9,Typhoid,44,0
F067,2023,9,Anaemia,45,0
F067,2023,9,Diabetes,39,0
F067,2023,9,Hypertension,64,0
F067,2023,9,Malnutrition,38,0
F067,2023,10,Malaria,301,1
F067,2023,10,Pneumonia,87,1
F067,2023,10,Diarrhoea,193,1
F067,2023,10,TB,15,0
F067,2023,10,HIV/AIDS,31,0
F067,2023,10,Typhoid,49,0
F067,2023,10,Anaemia,86,0
F067,2023,10,Diabetes,28,0
F067,2023,10,Hypertension,51,0
F067,2023,10,Malnutrition,52,0
F067,2023,11,Malaria,134,1
F067,2023,11,Pneumonia,94,0
F067,2023,11,Diarrhoea,87,0
F067,2023,11,TB,17,0
F067,2023,11,HIV/AIDS,19,0
F067,2023,11,Typhoid,62,0
F067,2023,11,Anaemia,65,0
F067,2023,11,Diabetes,36,0
F067,2023,11,Hypertension,40,0
F067,2023,11,Malnutrition,47,0
F067,2023,12,Malaria,291,0
F067,2023,12,Pneumonia,140,2
F067,2023,12,Diarrhoea,180,0
F067,2023,12,TB,16,0
F067,2023,12,HIV/AIDS,29,0
F067,2023,12,Typhoid,59,0
F067,2023,12,Anaemia,68,0
F067,2023,12,Diabetes,29,0
F067,2023,12,Hypertension,83,0
F067,2023,12,Malnutrition,56,0
F067,2024,1,Malaria,163,0
F067,2024,1,Pneumonia,69,0
F067,2024,1,Diarrhoea,182,2
F067,2024,1,TB,17,0
F067,2024,1,HIV/AIDS,26,0
F067,2024,1,Typhoid,61,0
F067,2024,1,Anaemia,59,0
F067,2024,1,Diabetes,50,0
F067,2024,1,Hypertension,41,0
F067,2024,1,Malnutrition,33,0
F067,2024,2,Malaria,230,0
F067,2024,2,Pneumonia,137,1
F067,2024,2,Diarrhoea,106,1
F067,2024,2,TB,15,0
F067,2024,2,HIV/AIDS,29,0
F067,2024,2,Typhoid,58,0
F067,2024,2,Anaemia,70,0
F067,2024,2,Diabetes,27,0
F067,2024,2,Hypertension,40,0
F067,2024,2,Malnutrition,34,0
F067,2024,3,Malaria,259,3
F067,2024,3,Pneumonia,114,0
F067,2024,3,Diarrhoea,195,1
F067,2024,3,TB,14,0
F067,2024,3,HIV/AIDS,25,0
F067,2024,3,Typhoid,39,0
F067,2024,3,Anaemia,79,0
F067,2024,3,Diabetes,21,0
F067,2024,3,Hypertension,71,0
F067,2024,3,Malnutrition,59,0
F067,2024,4,Malaria,149,1
F067,2024,4,Pneumonia,114,0
F067,2024,4,Diarrhoea,190,0
F067,2024,4,TB,11,0
F067,2024,4,HIV/AIDS,19,0
F067,2024,4,Typhoid,58,0
F067,2024,4,Anaemia,68,0
F067,2024,4,Diabetes,31,0
F067,2024,4,Hypertension,70,0
F067,2024,4,Malnutrition,33,0
F067,2024,5,Malaria,270,3
F067,2024,5,Pneumonia,69,0
F067,2024,5,Diarrhoea,196,2
F067,2024,5,TB,20,0
F067,2024,5,HIV/AIDS,21,0
F067,2024,5,Typhoid,73,0
F067,2024,5,Anaemia,54,0
F067,2024,5,Diabetes,42,0
F067,2024,5,Hypertension,81,0
F067,2024,5,Malnutrition,62,0
F067,2024,6,Malaria,221,1
F067,2024,6,Pneumonia,85,0
F067,2024,6,Diarrhoea,114,1
F067,2024,6,TB,19,0
F067,2024,6,HIV/AIDS,32,0
F067,2024,6,Typhoid,74,0
F067,2024,6,Anaemia,69,0
F067,2024,6,Diabetes,41,0
F067,2024,6,Hypertension,60,0
F067,2024,6,Malnutrition,29,0
F067,2024,7,Malaria,137,1
F067,2024,7,Pneumonia,95,0
F067,2024,7,Diarrhoea,137,1
F067,2024,7,TB,14,0
F067,2024,7,HIV/AIDS,29,0
F067,2024,7,Typhoid,62,0
F067,2024,7,Anaemia,70,0
F067,2024,7,Diabetes,37,0
F067,2024,7,Hypertension,73,0
F067,2024,7,Malnutrition,35,0
F067,2024,8,Malaria,244,2
F067,2024,8,Pneumonia,87,0
F067,2024,8,Diarrhoea,178,2
F067,2024,8,TB,24,0
F067,2024,8,HIV/AIDS,27,0
F067,2024,8,Typhoid,53,0
F067,2024,8,Anaemia,96,0
F067,2024,8,Diabetes,30,0
F067,2024,8,Hypertension,73,0
F067,2024,8,Malnutrition,32,0
F067,2024,9,Malaria,236,2
F067,2024,9,Pneumonia,91,1
F067,2024,9,Diarrhoea,118,1
F067,2024,9,TB,17,0
F067,2024,9,HIV/AIDS,27,0
F067,2024,9,Typhoid,44,0
F067,2024,9,Anaemia,83,0
F067,2024,9,Diabetes,44,0
F067,2024,9,Hypertension,44,0
F067,2024,9,Malnutrition,37,0
F067,2024,10,Malaria,172,0
F067,2024,10,Pneumonia,144,0
F067,2024,10,Diarrhoea,136,1
F067,2024,10,TB,14,0
F067,2024,10,HIV/AIDS,33,0
F067,2024,10,Typhoid,35,0
F067,2024,10,Anaemia,55,0
F067,2024,10,Diabetes,23,0
F067,2024,10,Hypertension,74,0
F067,2024,10,Malnutrition,40,0
F067,2024,11,Malaria,168,2
F067,2024,11,Pneumonia,135,1
F067,2024,11,Diarrhoea,166,1
F067,2024,11,TB,21,0
F067,2024,11,HIV/AIDS,31,0
F067,2024,11,Typhoid,40,0
F067,2024,11,Anaemia,69,0
F067,2024,11,Diabetes,22,0
F067,2024,11,Hypertension,49,0
F067,2024,11,Malnutrition,30,0
F067,2024,12,Malaria,302,3
F067,2024,12,Pneumonia,103,0
F067,2024,12,Diarrhoea,113,1
F067,2024,12,TB,22,0
F067,2024,12,HIV/AIDS,18,0
F067,2024,12,Typhoid,32,0
F067,2024,12,Anaemia,97,0
F067,2024,12,Diabetes,33,0
F067,2024,12,Hypertension,78,0
F067,2024,12,Malnutrition,57,0
